# name=featLand_2 generations=693 population=200 games=200 startFrom=None stage1Games=20 mutationRate=1.0 sigma=0.05 elites=3 keepPart=0.1 minStartHeight=0 maxStartHeight=None zeroFraction=0.0 steerSmoothing=0.5 stableSlots=(3,2,1,2,0,1) monsterFraction=0.0 monsterMult=1.0 fast=True actionRepeat=1
gen,elapsed_s,mean,median,p10,p90,best,chosen
1,1.12,218.17,215.65,184.82,258.31,279.32,269.44
2,1.62,202.81,203.07,176.31,229.68,271.52,258.13
3,2.18,210.49,209.46,184.86,237.79,312.08,312.08
4,2.73,208.14,207.49,185.98,236.92,269.02,266.07
5,3.23,202.77,195.60,172.43,253.39,286.58,275.77
6,3.79,220.69,212.75,183.69,269.40,337.31,283.38
7,4.33,243.10,234.92,182.52,311.13,327.13,286.24
8,4.89,234.70,232.23,182.40,288.75,346.36,314.77
9,5.41,207.35,202.35,180.19,239.90,376.96,376.96
10,6.10,250.22,242.25,187.55,335.01,396.09,315.89
11,6.65,233.42,234.06,196.47,272.04,317.17,299.54
12,7.20,242.77,234.10,175.70,320.75,344.83,328.66
13,7.79,239.76,236.82,183.06,303.26,368.01,315.49
14,8.40,228.67,217.90,180.34,291.50,345.14,291.33
15,8.89,230.96,231.11,162.82,297.61,382.95,329.29
16,9.41,249.11,251.59,155.35,346.35,345.01,320.32
17,9.97,233.35,226.65,172.26,306.28,396.92,396.92
18,10.55,237.98,238.58,153.74,325.09,402.17,386.91
19,11.14,275.25,258.64,187.96,393.65,458.04,392.65
20,11.73,247.79,241.73,172.02,332.42,481.67,421.65
21,12.34,327.00,309.23,187.10,484.02,516.22,411.91
22,12.90,299.77,296.44,170.32,429.89,518.08,503.22
23,13.49,325.09,315.43,182.57,487.61,601.23,601.23
24,14.10,358.43,338.04,216.07,525.08,713.93,713.93
25,14.73,371.72,347.10,197.12,597.70,646.86,622.51
26,15.35,376.29,352.67,205.63,580.66,785.58,785.58
27,16.00,426.87,429.14,194.21,658.79,795.39,660.21
28,16.69,449.49,440.52,207.80,707.95,794.61,787.42
29,17.35,439.13,418.11,200.96,687.04,850.46,848.57
30,18.03,465.11,474.96,212.36,698.03,970.11,970.11
31,18.76,530.68,515.47,216.13,878.89,1026.51,1026.51
32,19.47,521.59,540.47,251.89,761.51,974.50,974.50
33,20.21,603.90,617.56,242.98,954.12,959.97,959.97
34,20.97,631.72,622.68,311.04,970.80,1037.08,1021.82
35,21.72,738.64,807.85,262.95,1140.34,1211.09,1160.33
36,22.52,630.66,648.78,296.17,912.35,1177.36,1132.41
37,23.33,690.85,743.24,255.62,1023.99,1223.19,1111.21
38,24.23,797.37,836.99,291.45,1203.76,1436.02,1230.02
39,25.10,841.88,883.25,453.53,1154.67,1364.44,1261.46
40,26.02,897.39,920.43,407.75,1302.18,1426.89,1267.31
41,27.01,896.93,906.46,356.13,1376.49,1477.93,1430.80
42,27.92,755.32,791.57,312.05,1127.97,1458.64,1457.21
43,28.94,990.44,995.78,381.18,1550.45,1678.17,1678.17
44,29.99,995.85,1079.97,317.45,1413.88,1819.89,1511.94
45,31.11,1206.24,1246.53,363.14,1888.15,2333.69,2333.69
46,32.32,1088.63,1134.67,426.81,1688.63,2136.19,2042.48
47,33.54,1360.47,1362.33,440.30,2205.50,2165.37,1910.27
48,34.82,1447.87,1482.93,549.06,2197.19,2429.62,2165.74
49,36.04,1301.40,1411.00,303.25,2107.48,2268.82,2195.75
50,37.24,1194.55,1182.95,462.67,1946.21,2090.64,2090.64
51,38.47,1238.12,1275.29,539.22,1842.99,2372.35,2140.58
52,39.73,1202.31,1213.32,346.99,1982.60,2461.77,2461.77
53,41.08,1492.12,1517.03,682.18,2139.55,2723.27,2723.27
54,42.41,1461.50,1508.89,399.94,2441.55,3114.63,2984.08
55,43.85,1711.18,1732.04,608.73,2652.67,3105.93,2688.10
56,45.29,1541.34,1418.97,507.78,2719.23,3127.08,2829.88
57,46.80,1782.75,1674.94,552.46,3033.62,3141.57,2910.61
58,48.31,1647.93,1715.14,415.86,2816.61,3261.72,2898.34
59,49.88,1730.72,1719.26,565.19,2917.69,3077.52,3077.52
60,51.45,1738.18,1849.98,601.67,2698.97,3258.75,2851.45
61,52.91,1410.18,1411.45,605.25,2130.54,2870.98,2702.73
62,54.50,1768.45,1728.97,613.82,2988.39,3184.92,3128.53
63,56.00,1460.09,1488.34,507.77,2320.74,2952.87,2819.12
64,57.48,1580.39,1584.55,592.68,2609.07,2868.59,2785.34
65,59.00,1513.10,1495.95,548.92,2454.36,2927.93,2927.93
66,60.61,1938.13,2055.41,711.72,2885.86,3217.50,3217.50
67,62.12,1580.57,1629.82,626.59,2342.37,2965.05,2846.09
68,63.69,1838.91,1894.97,499.31,3065.75,3232.19,3182.43
69,65.23,1609.26,1717.80,589.56,2513.22,3118.91,3118.91
70,66.74,1748.60,1683.04,683.68,2887.88,3244.61,3244.61
71,68.30,1625.29,1704.05,532.92,2576.92,3104.82,3097.08
72,69.84,1557.23,1621.46,608.79,2481.35,3028.23,2935.56
73,71.46,1934.85,2041.92,618.27,3070.05,3173.28,2953.47
74,73.04,1641.64,1683.56,739.15,2649.60,3212.94,3212.94
75,74.62,1821.29,1954.52,453.23,3040.12,3069.63,2860.06
76,76.27,2072.85,2147.09,786.00,3316.78,3147.15,3052.55
77,77.89,1711.13,1749.31,574.61,2832.13,3223.64,3031.52
78,79.45,1776.05,1849.92,904.11,2572.96,3140.74,2901.52
79,81.09,1891.90,1932.66,734.07,3113.85,3196.97,2663.04
80,82.75,1916.06,1966.45,755.38,2893.13,3153.43,3109.58
81,84.36,1750.00,1796.69,716.01,2691.18,3046.32,2803.08
82,85.93,1707.36,1766.12,766.18,2591.81,3055.05,2787.34
83,87.54,1726.22,1799.94,593.81,2712.28,3115.10,2885.58
84,89.15,1769.50,1833.43,633.09,2759.23,3233.90,3233.90
85,90.88,2046.29,2050.26,571.85,3355.74,3446.01,3316.98
86,92.46,1595.65,1742.24,581.09,2442.83,3421.62,3421.62
87,94.14,1864.48,1931.51,773.22,2887.53,3458.75,3420.60
88,95.88,1701.06,1645.61,817.00,2666.23,3618.32,3618.32
89,97.72,2144.24,2292.70,961.98,3141.94,3635.43,3360.96
90,99.38,1733.25,1824.97,944.08,2361.77,3635.95,3375.21
91,101.04,1968.30,2131.38,745.51,2914.06,3456.49,3116.82
92,102.72,1941.33,2023.59,723.85,2906.57,3393.09,2982.66
93,104.40,2038.45,2121.69,751.74,2966.59,3325.28,3183.29
94,106.17,2005.58,2082.89,1010.17,2955.91,3278.61,3246.55
95,107.88,2079.06,2240.34,973.64,3016.68,3524.15,3450.54
96,109.55,1745.72,1809.53,958.54,2411.13,3215.62,3005.99
97,111.24,1978.68,2062.99,832.57,2900.60,3428.24,3411.17
98,112.98,2201.20,2298.53,1209.44,3113.41,3530.24,3350.78
99,114.68,1869.69,2060.58,577.31,2920.16,3648.61,3257.29
100,116.28,1620.86,1663.05,794.73,2383.08,3244.04,3136.29
101,117.94,1878.83,1923.36,998.82,2638.74,3233.99,2906.51
102,119.68,2290.34,2480.50,1007.63,3292.83,3261.18,3191.08
103,121.32,1777.66,1794.15,774.85,2800.05,3439.72,3439.72
104,122.92,1830.51,1881.53,904.17,2800.18,3261.38,3261.38
105,124.69,2203.17,2266.58,916.21,3426.98,3484.89,3379.60
106,126.39,2034.68,2019.55,727.24,3205.57,3492.76,3492.76
107,127.99,1699.85,1683.22,610.55,2793.12,3239.88,3239.88
108,129.58,1880.41,2006.97,775.42,2860.35,3191.35,3027.49
109,131.19,1655.31,1714.30,703.66,2509.01,3372.03,3372.03
110,132.94,2169.90,2296.66,829.76,3323.35,3279.41,3119.65
111,134.67,2275.91,2412.81,1013.22,3213.21,3258.45,3026.66
112,136.39,2154.17,2189.92,866.36,3442.21,3313.66,3159.22
113,138.14,2089.37,2068.74,678.91,3451.10,3652.14,3460.39
114,139.86,1955.96,1976.96,612.98,3211.81,3516.47,3516.47
115,141.52,2057.05,2066.65,625.68,3174.51,3513.48,3513.48
116,143.19,1983.45,2054.81,674.26,3046.68,3381.11,3180.88
117,144.87,2139.82,2263.34,859.61,3138.09,3293.24,3214.15
118,146.53,1981.10,2069.88,667.12,3193.21,3571.90,3315.01
119,148.19,1852.85,1806.60,843.79,2884.44,3659.67,3540.76
120,149.84,1877.69,1989.60,568.49,3067.49,3750.27,3698.45
121,151.44,1873.63,1970.79,753.80,2833.17,3367.81,3330.77
122,153.26,2182.60,2178.44,745.26,3747.87,4253.29,4092.06
123,155.06,2052.73,2080.79,780.58,3226.63,4079.54,4079.54
124,156.98,2490.46,2441.77,1040.52,3925.58,3754.53,3754.53
125,158.84,2277.07,2218.35,779.84,3958.50,3831.09,3826.58
126,160.70,2284.73,2422.15,895.93,3476.94,4071.12,4040.88
127,162.47,1984.48,2005.25,564.65,3230.77,3909.35,3909.35
128,164.19,1794.20,1883.10,631.23,2865.28,3888.36,3888.36
129,166.07,2409.02,2562.39,850.29,3762.95,3956.78,3800.04
130,167.93,2262.18,2366.23,965.26,3413.68,3816.14,3617.11
131,169.82,2424.93,2596.69,1006.58,3533.13,4057.49,4057.49
132,171.67,2155.00,2229.09,787.12,3348.00,4122.65,4070.74
133,173.58,2346.14,2450.00,833.78,3646.69,4339.46,4293.82
134,175.49,2248.47,2244.88,887.28,3534.68,4121.36,4121.36
135,177.35,2378.76,2281.86,789.49,4064.68,4008.54,3632.22
136,179.32,2649.72,2704.41,1088.81,4077.20,4228.16,4228.16
137,181.30,2403.38,2581.35,806.89,3638.53,4310.83,4145.59
138,183.22,2513.81,2572.44,825.56,3769.31,4275.15,4275.15
139,185.07,2123.76,2117.31,834.93,3430.31,4275.40,4256.29
140,187.02,2310.32,2473.29,684.54,3637.02,3974.77,3921.32
141,189.08,2861.07,3003.87,935.33,4392.88,4482.37,4482.37
142,191.07,2462.21,2553.68,1031.92,3751.24,4322.29,4063.98
143,193.02,2106.82,1984.35,617.00,3727.32,4396.97,4241.80
144,195.06,2857.31,3214.02,946.77,4238.94,4486.57,4486.57
145,197.00,2484.80,2623.37,830.66,3851.25,4397.15,4199.11
146,198.95,2557.02,2595.62,1042.53,3895.88,4488.26,4488.26
147,201.02,2802.79,2922.15,903.47,4599.17,4487.72,4487.72
148,202.99,2475.04,2482.62,961.11,3987.69,4585.10,4495.64
149,205.02,2677.55,2746.64,1039.44,3923.28,4604.99,4491.23
150,207.04,2559.36,2679.30,958.11,4000.24,4559.84,4420.85
151,209.10,2610.28,2784.61,829.16,3925.46,4503.06,4503.06
152,211.21,2462.57,2530.29,1058.87,3770.70,4601.97,4494.49
153,213.22,2370.45,2516.46,960.64,3662.27,4429.54,4376.23
154,215.36,3061.93,3169.75,985.61,5025.48,5167.84,4729.77
155,217.39,2734.80,2975.30,1028.93,4104.02,4307.20,4227.84
156,219.46,2823.51,2957.75,1024.42,4253.95,4691.73,4580.79
157,221.46,2535.61,2747.02,964.04,3721.47,4332.23,4016.16
158,223.45,2093.95,2111.42,803.26,3278.17,4780.73,4780.73
159,225.50,2412.90,2444.97,609.74,3992.41,4700.26,4379.57
160,227.67,2887.84,3078.04,1058.39,4381.90,4828.10,4373.97
161,229.76,2788.47,2925.58,1063.62,4082.61,4237.18,4056.30
162,231.85,2766.38,2800.51,825.80,4520.75,4543.77,4451.98
163,233.91,2680.39,2916.83,909.27,4089.13,4463.42,4458.50
164,235.97,2778.67,2969.01,1029.67,4345.40,4656.49,4630.13
165,237.95,2623.59,2647.25,774.45,4547.64,4429.54,4429.54
166,240.06,2924.00,3038.43,1019.98,4482.98,4610.98,4610.98
167,242.06,2425.74,2411.65,735.21,4234.45,4357.94,3925.91
168,244.02,2073.25,2081.23,775.34,3449.79,4667.64,4667.64
169,246.00,2290.56,2292.16,770.69,3721.27,4329.49,4259.32
170,248.09,2680.23,2740.22,823.47,4283.24,4673.28,4673.28
171,250.16,2908.68,3005.46,1106.46,4431.72,4716.83,4650.17
172,252.17,2625.22,2676.33,973.76,4069.42,4431.80,4431.80
173,254.43,3355.99,3724.04,1180.02,5223.66,4553.47,4497.87
174,256.55,2512.42,2627.03,911.65,3862.38,4696.53,4696.53
175,258.63,2732.29,2966.52,1130.39,4046.30,4595.64,4308.65
176,260.66,2426.25,2444.25,960.69,3765.25,4544.64,4544.64
177,262.75,2542.13,2739.48,939.55,3763.81,4800.79,4800.79
178,264.73,2122.26,2159.14,1091.78,3052.92,4609.20,4064.02
179,266.85,2956.94,3135.70,1227.28,4438.19,4626.65,4626.65
180,269.00,2760.59,2794.25,1097.89,4380.07,4945.11,4945.11
181,271.29,3487.80,3692.73,1512.62,5003.25,5320.89,5131.15
182,273.72,3247.38,3366.31,1695.59,4813.92,5115.86,4904.12
183,276.05,3281.22,3466.43,1446.61,4828.77,5420.91,5044.67
184,278.39,3577.14,3776.56,1612.21,5081.62,5301.70,4974.57
185,280.76,3594.94,3795.39,1944.57,4973.75,5501.94,5464.22
186,283.05,3254.20,3458.54,1472.89,4633.42,5337.39,5337.39
187,285.33,2978.54,2994.54,1198.46,4552.20,5175.04,4681.02
188,287.63,3178.22,3374.32,1574.24,4327.22,5226.17,5105.21
189,289.96,3212.15,3295.60,1135.68,4887.54,5468.61,5203.16
190,292.31,3202.36,3129.31,1483.77,4867.23,5735.09,5713.55
191,294.64,3510.35,3736.63,1283.30,4971.35,5197.80,4861.79
192,297.04,3730.34,3842.39,1802.14,5115.05,5462.42,5454.18
193,299.30,3043.10,3094.54,1103.31,4940.32,5336.01,4988.04
194,301.61,3166.32,3382.59,1084.44,4772.07,5277.39,5167.67
195,304.04,3395.17,3441.96,1661.91,4849.31,5467.37,5465.85
196,306.42,3562.69,3762.80,1578.54,5246.42,5502.89,5502.89
197,308.75,3035.44,3152.42,1271.49,4433.31,5371.22,5220.87
198,311.17,3531.79,3619.13,1905.21,4886.65,5135.01,5135.01
199,313.53,2893.27,3074.59,1357.08,4116.19,5532.38,5342.60
200,315.82,3013.68,3064.10,1544.85,4332.94,5511.30,5428.69
201,318.21,3295.72,3351.63,1777.33,4764.56,5739.57,5499.47
202,320.60,3467.68,3456.98,1455.47,5126.20,5474.98,5458.50
203,322.87,2985.35,3031.99,1447.51,4308.33,5223.74,5200.52
204,325.26,3679.58,3874.84,1815.53,5277.85,5672.84,5672.84
205,327.63,3582.06,3904.33,1412.77,5392.10,5372.85,5301.82
206,329.90,3092.20,3319.66,1215.75,4554.66,5260.96,5120.81
207,332.26,3329.09,3550.46,1289.98,4764.73,5370.04,5370.04
208,334.61,3484.20,3646.97,1377.33,4975.35,5542.16,5358.40
209,337.00,3015.89,3126.50,1380.02,4405.96,5755.82,5488.77
210,339.44,3645.84,3890.81,1367.22,5357.74,5751.88,5182.01
211,341.88,3493.72,3604.85,1509.22,5184.77,5431.87,4944.71
212,344.33,3580.42,3967.53,1446.89,5168.10,5124.83,5009.79
213,346.75,3306.04,3598.06,1305.82,4630.07,5342.89,5222.63
214,349.13,3348.83,3426.51,1874.68,4778.37,5308.27,4961.86
215,351.52,3071.01,3299.31,1474.23,4405.18,5601.90,5601.90
216,353.95,3698.86,3964.31,1612.82,5199.38,5584.42,5395.61
217,356.27,3040.14,3115.22,1195.61,4635.47,5309.52,5309.52
218,358.70,3374.82,3503.40,1598.75,5059.85,5775.96,5775.96
219,361.09,3064.92,3410.23,854.24,4603.46,5238.44,5238.44
220,363.47,3224.02,3496.90,1039.14,4806.86,5434.50,5434.50
221,365.95,3703.75,3965.26,1217.26,5717.72,5714.56,5714.56
222,368.21,3003.46,3352.69,724.08,4464.48,5369.22,5359.42
223,370.69,3572.48,3678.69,1128.38,5518.18,5794.30,5794.30
224,373.03,2951.00,3059.75,1215.51,4323.12,5317.98,5156.02
225,375.32,2962.81,3075.76,1081.72,4584.83,5342.92,5342.92
226,377.69,3288.40,3505.20,1136.84,5051.57,5281.31,5149.41
227,380.09,3277.40,3409.00,1281.14,4827.60,5536.01,5227.62
228,382.50,3398.22,3445.00,1341.49,5181.26,5373.88,4966.38
229,384.98,3624.74,3887.00,1443.38,5435.78,5574.16,5574.16
230,387.41,3143.30,3339.27,1086.52,4759.30,5790.75,5766.75
231,389.90,3522.01,3822.82,1491.22,5128.52,5509.63,5509.63
232,392.26,3251.84,3534.36,1018.11,4889.00,5347.97,5020.70
233,394.67,3441.97,3746.59,1318.52,5112.82,5691.21,5691.21
234,396.92,3146.20,3359.31,1099.09,4854.36,5340.49,5031.64
235,399.18,3062.31,3420.21,1168.57,4487.26,5207.47,4866.29
236,401.45,2843.98,3001.87,1054.27,4097.98,4997.26,4879.58
237,403.83,3277.16,3510.95,1330.15,4702.32,5674.96,5674.96
238,406.33,3770.86,3846.31,1518.42,5753.83,5160.69,4831.30
239,408.64,3030.95,3196.67,1206.18,4334.57,5318.93,5145.60
240,410.90,3166.35,3404.66,947.05,4872.41,4923.59,4717.86
241,413.21,3078.43,3277.36,1140.02,4508.84,5714.38,5714.38
242,415.61,3411.73,3615.37,1241.60,5177.63,5540.85,5540.85
243,417.98,3383.12,3494.58,1725.31,4829.19,5502.76,5287.80
244,420.34,2989.83,3147.05,1415.80,4270.03,5427.60,5265.90
245,422.79,3422.71,3602.32,1610.88,4819.54,5296.78,5175.91
246,425.33,3746.53,3808.30,2152.45,5407.08,5369.12,5120.08
247,427.78,3645.07,3833.79,1630.42,5141.49,5405.12,5283.35
248,430.31,3614.69,3820.16,1762.05,5094.40,5392.14,5335.67
249,432.65,3386.79,3596.78,1770.73,4656.67,5326.54,5326.54
250,435.15,3475.06,3623.93,1507.18,5249.44,5540.95,5523.35
251,437.62,3236.99,3438.71,1358.35,4701.69,5815.37,5815.37
252,440.04,3748.60,4071.31,1520.36,5436.12,5522.22,5325.97
253,442.53,3928.19,4132.25,1581.75,5716.33,5908.91,5584.06
254,445.02,3742.55,3839.60,1746.41,5526.83,5813.15,5813.15
255,447.52,3498.25,3603.31,1067.77,5776.37,5814.33,5487.55
256,449.93,3510.80,3523.09,1876.93,5056.22,5225.44,5004.72
257,452.36,3418.19,3601.15,1509.84,4993.15,5940.29,5645.77
258,454.94,3871.90,4211.58,1828.10,5374.12,5845.69,5606.53
259,457.46,3678.60,3858.98,1900.40,5138.66,5888.92,5500.04
260,460.13,4164.00,4389.49,1709.69,5998.77,5899.94,5868.48
261,462.66,3961.53,4128.89,2029.27,5569.20,6068.67,6068.67
262,465.20,3702.77,3852.82,1887.57,5413.27,5664.04,5657.10
263,467.77,4135.89,4391.63,1488.91,5889.74,6322.09,6322.09
264,470.29,3707.83,3774.00,2167.67,5176.16,6095.45,6095.45
265,472.92,3896.14,4012.73,1970.47,5530.11,6501.32,6501.32
266,475.46,3501.88,3550.58,1475.32,5240.95,6263.91,6263.91
267,477.94,4024.48,4201.50,1911.29,5798.38,5716.27,5716.27
268,480.47,3878.29,4070.51,1933.78,5299.01,6019.45,5639.86
269,483.07,3768.67,3979.84,1641.89,5432.44,6032.65,6032.65
270,485.54,3711.78,4067.48,1145.77,5618.09,5924.44,5618.11
271,488.12,3656.47,3871.40,1849.48,5151.35,5811.00,5811.00
272,490.67,3892.05,4180.59,1727.62,5569.33,5844.30,5844.30
273,493.01,3195.85,3415.77,1210.48,4532.51,5879.38,5739.29
274,495.64,4427.34,4820.37,1747.90,6365.56,6128.30,6128.30
275,498.19,4083.04,4273.47,2191.95,5845.84,6085.43,6085.43
276,500.67,3608.28,3920.83,1494.45,5216.23,5630.57,5490.08
277,503.16,3516.92,3739.19,1684.65,5076.59,6285.05,5939.47
278,505.58,3735.10,3892.39,1869.08,5217.58,5901.73,5884.01
279,508.15,3607.89,3798.73,1629.87,5419.77,6128.52,5995.12
280,510.74,3794.77,4071.78,1665.80,5314.38,6108.88,6108.88
281,513.30,3419.16,3698.07,1668.83,4868.46,5995.27,5977.34
282,515.80,3766.48,3967.52,1592.94,5592.98,5921.75,5859.24
283,518.46,4325.09,4711.61,1969.24,5864.81,6044.33,5982.08
284,521.02,4214.20,4512.91,2054.62,5812.58,6250.17,6250.17
285,523.61,3908.30,4234.23,1738.21,5405.22,5978.96,5978.96
286,526.29,3979.36,4277.75,1559.05,5913.91,6079.85,5934.29
287,528.90,4029.41,4233.10,1648.24,5746.76,5800.69,5723.41
288,531.42,3956.04,4155.43,1700.62,5825.21,6033.56,5659.21
289,534.12,4363.14,4443.14,2228.96,6202.95,6107.52,5861.75
290,536.76,4026.02,4217.87,2103.25,5501.53,6325.07,5935.42
291,539.41,3857.82,3971.11,1737.80,5617.63,6289.92,6289.92
292,542.04,3823.93,3945.97,1997.06,5395.27,5932.09,5932.09
293,544.84,4436.20,4582.70,2003.20,6519.56,6599.00,6599.00
294,547.52,4061.30,4237.18,1832.67,5997.61,6186.63,6159.89
295,550.15,3702.68,3828.58,1624.05,5465.28,5974.29,5883.95
296,552.92,4516.56,4824.27,2146.56,6458.20,6529.75,6439.57
297,555.65,4090.92,4294.30,2128.81,5687.59,6873.98,6873.98
298,558.29,4171.98,4285.38,2233.51,5834.83,6379.06,6201.96
299,560.95,3747.37,3797.97,1598.59,5640.07,6408.68,6408.68
300,563.87,4663.28,4732.54,2264.55,6774.49,6428.66,6323.64
301,566.65,4354.05,4442.00,2105.58,6375.06,6929.19,6929.19
302,569.42,4375.76,4516.94,1964.10,6630.22,6366.83,6360.70
303,572.22,4743.27,4804.27,2818.02,6376.64,6527.60,6361.96
304,574.93,3790.51,3919.32,2028.22,5393.97,6302.97,6302.97
305,577.65,4329.04,4501.01,2554.71,5827.97,6222.41,6085.95
306,580.39,4450.02,4644.37,2233.52,6302.70,6594.94,6594.94
307,583.23,4446.52,4772.30,2297.23,6144.52,6954.04,6438.67
308,586.03,4557.60,4740.73,2676.74,6033.81,6430.68,6430.68
309,588.91,4801.29,5139.85,2507.82,6369.93,6575.17,6302.12
310,591.71,4446.66,4528.84,2403.38,6191.00,6516.37,6516.37
311,594.50,4019.63,4313.69,2010.60,5762.19,6904.20,6904.20
312,597.22,3661.13,3637.69,2035.42,5170.53,6635.74,6635.74
313,599.99,4397.74,4710.91,2102.89,6138.16,6212.98,6212.98
314,602.66,3989.13,4181.09,1663.52,5672.10,6330.41,6289.04
315,605.42,3993.87,4230.26,2193.76,5533.21,6503.45,6503.45
316,608.29,4643.14,4753.31,2116.83,6755.68,6731.30,6731.30
317,611.14,4126.65,4309.65,2069.16,5713.03,6795.64,6763.08
318,614.03,4510.16,4710.62,2399.32,6054.50,6622.19,6440.16
319,616.77,3800.86,3952.26,1985.45,5156.36,6700.19,6700.19
320,619.65,4635.45,4984.96,1870.75,7013.72,6948.82,6933.62
321,622.44,4700.66,4942.04,3015.11,6034.68,6464.56,6464.56
322,625.24,4091.13,4438.83,1564.70,6239.85,6923.81,6911.39
323,627.99,4372.78,4653.54,2462.89,5833.22,6200.92,5975.92
324,630.70,4069.89,4429.90,1831.53,5948.27,6584.40,6584.40
325,633.52,4722.74,5171.04,2050.65,6567.48,6686.69,6686.69
326,636.33,3876.97,4031.10,2205.59,5419.29,6903.81,6903.81
327,639.00,3822.35,4020.13,1557.72,5743.84,6307.71,6307.71
328,641.76,4276.58,4476.16,1670.42,6338.54,6574.18,6574.18
329,644.53,4318.58,4613.07,1878.45,6018.47,6589.21,6589.21
330,647.21,4182.21,4693.08,1615.38,6021.78,6252.31,6183.31
331,649.95,4563.02,4850.10,2145.96,6577.69,6967.76,6967.76
332,652.68,4243.82,4449.85,1852.37,6159.43,6355.02,6355.02
333,655.34,3864.70,4236.45,1099.21,5807.55,6368.68,6295.45
334,657.95,3422.43,3713.18,1399.35,5001.74,6391.49,6274.42
335,660.71,3980.51,4099.62,1913.53,5821.93,6443.50,6245.89
336,663.56,4401.86,4707.26,1733.58,6395.86,6620.85,6620.85
337,666.41,4749.94,5249.84,1576.37,7038.54,6701.59,6701.59
338,669.10,4167.86,4633.29,1617.73,5800.12,6205.99,6001.24
339,671.71,3600.13,3977.58,1237.62,5210.77,6060.78,5891.46
340,674.42,4053.28,4222.99,1985.25,5924.91,6204.38,6204.38
341,677.15,3486.50,3559.67,1859.68,4815.83,6881.50,6881.50
342,679.83,3753.38,4046.71,1744.85,5209.90,6712.99,6712.99
343,682.46,4015.94,4353.15,1742.65,5623.13,6467.02,6467.02
344,685.18,3905.62,4081.08,1306.15,6214.15,6364.94,6364.94
345,687.91,4271.16,4609.94,1879.01,6178.61,6590.12,6409.00
346,690.80,4301.90,4658.02,1553.13,6456.53,7321.86,7321.86
347,693.58,3946.38,4350.35,1214.40,6325.84,6685.67,6535.58
348,696.23,3931.83,4089.57,1138.97,6114.43,6136.45,5710.00
349,698.82,3505.28,3742.08,1329.82,5199.23,6318.65,6085.14
350,701.63,4213.51,4399.21,1599.42,6660.50,6632.98,6589.00
351,704.46,4247.50,4539.56,1164.31,6833.20,6602.41,6291.48
352,707.21,4182.38,4479.00,1817.70,6257.48,6573.20,6261.85
353,710.06,4660.95,4894.92,1530.52,7224.09,6770.71,6460.85
354,712.75,3679.91,3970.85,961.09,6105.53,6778.03,6659.06
355,715.46,3998.54,4272.71,1534.37,5748.53,6391.39,6273.66
356,718.41,4851.35,5334.71,1811.53,7153.38,6938.88,6938.88
357,721.18,3932.67,4154.13,1580.57,5725.31,6651.04,6382.76
358,724.00,4291.69,4693.97,1540.09,6222.86,6498.20,6480.08
359,726.82,4394.33,4678.67,1709.15,6378.74,6716.07,6472.60
360,729.56,4329.04,4358.79,2298.95,6148.80,6678.06,6584.65
361,732.27,3773.04,3864.98,1289.72,5753.02,6881.78,6503.50
362,735.08,4587.00,5024.17,1742.10,6753.33,7020.08,7020.08
363,737.74,3880.12,3983.26,1729.80,6118.32,6891.81,6891.81
364,740.43,4022.12,4324.03,1475.47,6163.42,7124.37,7124.37
365,743.08,3758.41,4064.25,1448.61,5857.89,6803.68,6803.68
366,745.66,3742.48,4062.58,1038.70,5719.80,6320.17,6092.87
367,748.34,4061.35,4328.72,1358.45,6141.08,6661.91,6552.65
368,751.09,4164.24,4157.39,1717.31,6222.31,6605.96,6605.96
369,753.83,4087.51,4179.20,1532.36,6503.09,6871.79,6871.79
370,756.46,3620.38,3879.51,961.61,5818.93,6814.73,6814.73
371,759.23,4116.24,4610.10,1288.67,6344.14,6340.12,6171.68
372,762.00,4184.36,4325.84,1447.76,6602.93,6785.31,6785.31
373,764.69,3632.04,3884.40,1452.07,5377.03,6551.56,6343.04
374,767.50,4378.51,4715.31,1348.41,6637.18,6792.20,6792.20
375,770.08,3657.51,3866.78,1202.54,5709.21,6341.98,6341.98
376,772.72,3786.44,4107.21,1451.26,5784.78,6372.96,5887.62
377,775.48,4120.65,4031.96,1378.43,6560.06,7247.99,7247.99
378,778.13,3636.82,3784.15,1783.96,5411.78,6392.68,6392.68
379,780.85,4405.35,4653.74,1492.19,6470.44,6758.48,6758.48
380,783.68,4423.92,4552.77,1922.14,6702.30,6799.02,6799.02
381,786.43,4164.54,4506.15,1761.16,5847.25,6922.61,6922.61
382,789.17,4432.90,4815.16,1706.80,6523.32,7004.42,7004.42
383,791.87,4078.03,4285.97,1451.88,6131.83,7018.82,7018.82
384,794.68,4279.33,4447.45,1690.91,6403.94,7046.61,6883.92
385,797.32,3944.16,4314.99,1541.28,5801.13,6775.50,6384.93
386,800.06,4195.23,4448.48,1919.23,5929.81,6861.52,6778.13
387,802.80,4048.62,4450.56,1566.43,5852.79,7066.04,6984.86
388,805.59,4489.14,4939.29,1535.88,6426.53,7041.28,6891.72
389,808.35,4092.56,4290.45,1463.10,5930.02,6783.60,6502.90
390,811.22,4808.19,5018.69,2340.61,6913.02,6683.53,6439.27
391,813.98,4131.36,4139.00,1481.33,6435.39,6719.80,6719.80
392,816.82,4716.26,4997.07,1814.75,7057.77,7252.61,7252.61
393,819.57,4615.26,4948.12,1830.00,6444.34,6861.14,6861.14
394,822.22,3965.65,4205.74,1942.73,5613.63,6471.44,6396.45
395,824.86,3902.42,4175.99,1765.49,5531.83,6628.24,6628.24
396,827.59,4143.85,4443.97,1862.87,5772.75,6822.40,6822.40
397,830.24,4095.15,4344.80,1483.55,6298.93,6854.11,6443.37
398,833.08,4582.73,4808.94,1936.93,6748.42,6669.34,6556.13
399,835.70,3738.92,3980.62,1612.25,5501.50,6627.11,6354.15
400,838.42,4246.65,4489.54,2124.22,6061.23,6255.74,6223.20
401,841.25,4135.50,4586.05,1347.51,6214.52,6548.90,6548.90
402,843.97,4324.76,4672.67,1672.55,6052.60,6812.05,6812.05
403,846.67,4185.72,4564.50,1349.19,5921.15,7056.30,6992.36
404,849.53,4434.94,4678.54,1771.94,6520.44,7046.95,7046.95
405,852.40,4253.29,4460.89,1830.06,6280.68,7205.46,7146.89
406,855.35,4697.63,5121.46,1709.62,6651.29,6994.12,6793.91
407,858.36,4839.44,5111.38,2153.34,7062.26,7315.87,7142.94
408,861.28,4859.31,5208.75,2060.70,7032.42,6959.53,6626.14
409,864.23,4915.79,5185.15,2497.11,6810.08,6988.21,6988.21
410,867.11,4753.77,5255.00,2245.37,6719.99,6928.58,6697.26
411,870.03,4862.70,4883.43,2840.51,6677.30,6603.33,6446.71
412,872.77,4416.96,4641.95,2185.56,6120.06,6635.29,6635.29
413,875.59,4268.41,4562.19,2104.59,5822.65,7097.81,7092.36
414,878.51,4704.66,5124.76,1749.08,6864.14,7173.73,7173.73
415,881.33,4688.82,4989.54,2460.41,6407.71,7154.37,6986.26
416,884.17,4166.15,4653.41,1639.35,5805.24,7210.58,7210.58
417,887.06,4853.00,4994.25,2126.36,7135.88,7292.40,7292.40
418,890.01,4643.12,5002.41,1989.43,6717.19,7687.56,7379.81
419,892.94,4903.99,5416.73,2048.45,6824.57,7197.60,7197.60
420,895.66,4081.65,4273.76,1780.41,5880.85,7208.58,7208.58
421,898.51,4613.45,4737.82,1901.30,7079.50,7064.32,7064.32
422,901.29,4292.93,4621.73,1894.49,5960.40,6834.81,6802.20
423,904.24,4495.34,4666.42,2062.97,6464.61,7217.85,7217.85
424,907.11,4546.79,4938.26,2188.01,6366.56,7131.54,6821.75
425,910.04,4716.82,4996.70,2188.26,6917.99,7064.16,7064.16
426,912.87,4432.56,4461.99,2265.44,6593.15,6984.91,6948.72
427,915.85,4805.22,4944.08,2681.32,6753.95,8012.36,8012.36
428,918.62,4344.57,4529.45,1815.97,6485.39,6636.96,6364.49
429,921.44,4288.40,4638.61,2178.17,5773.26,7086.51,6831.45
430,924.24,4144.34,4304.37,1909.39,6259.14,7229.59,7229.59
431,927.11,4613.56,4852.80,1785.48,6817.00,6972.63,6907.85
432,930.04,4606.56,4804.40,2094.19,6628.24,7214.41,7214.41
433,932.87,4600.12,4820.88,2147.26,6714.48,7294.23,7294.23
434,935.77,4376.49,4575.16,2038.82,6269.36,6528.48,6427.55
435,938.59,4436.19,4658.47,2271.78,6327.32,6864.83,6864.83
436,941.55,5314.33,5612.78,2576.90,7636.43,7268.20,7215.35
437,944.34,3991.28,4109.60,2028.02,5628.81,6995.08,6690.78
438,947.28,4603.01,4893.85,2153.21,6519.58,7041.07,7017.17
439,950.24,5003.96,5165.15,2972.79,6955.54,7351.06,7351.06
440,953.31,5599.90,5986.76,3164.45,7707.96,7354.95,7354.95
441,956.24,4934.64,5272.98,2413.89,7065.92,7299.95,7299.95
442,959.21,4767.56,5126.00,2592.25,6295.77,7440.33,6907.07
443,962.36,5584.06,5985.96,2891.50,7476.65,7282.90,7268.74
444,965.32,5156.64,5440.78,2877.47,7015.47,6881.94,6881.94
445,968.24,4482.74,4653.87,2382.61,6160.23,7104.88,7104.88
446,971.29,5417.41,5871.85,2457.49,7779.46,7352.08,7187.26
447,974.26,4764.03,4988.77,2219.16,6733.00,6913.04,6549.92
448,977.07,4284.11,4437.48,2845.33,5680.44,6357.46,6263.53
449,980.09,4965.64,5285.29,3364.86,6290.16,7265.02,7066.87
450,983.03,4839.08,5064.37,2422.54,6612.73,7293.25,7293.25
451,985.98,4785.91,4807.68,2506.13,6589.51,7484.72,7484.72
452,988.93,5005.26,5189.92,3251.85,6627.51,6683.27,6683.27
453,991.88,4566.93,4853.04,2599.86,6049.87,6725.12,6448.40
454,994.96,5108.18,5391.45,2938.07,6817.51,7368.33,7368.33
455,997.91,4805.19,5014.48,2562.05,6741.49,7285.23,7285.23
456,1000.91,4802.08,5009.90,2487.24,6788.84,7260.63,6881.06
457,1003.94,5044.47,5219.33,2673.85,6749.92,7213.53,7213.53
458,1006.80,4325.24,4566.70,2243.17,6105.23,7575.76,7575.76
459,1009.64,4282.32,4381.85,2426.04,5926.94,7066.04,6856.19
460,1012.57,4693.78,4739.17,2163.37,7220.91,7622.52,7622.52
461,1015.56,5064.46,5193.95,3398.65,6565.18,7203.34,6963.46
462,1018.62,5390.92,5556.65,3255.12,7034.20,7226.08,7141.83
463,1021.59,4830.93,4809.69,3233.05,6426.39,7096.41,6895.05
464,1024.69,5403.92,5662.63,3119.90,7016.39,7577.50,7577.50
465,1027.68,5053.25,5237.43,2923.03,6843.58,7406.21,7406.21
466,1030.86,5671.73,5850.16,3789.93,7174.17,7305.96,7222.28
467,1034.10,5682.67,5945.17,3199.42,7612.43,7487.28,7421.79
468,1037.31,5514.50,5760.77,3510.99,7187.36,7579.00,7579.00
469,1040.60,6353.00,6532.70,4063.56,8322.91,7570.42,7570.42
470,1043.82,5894.46,6225.51,3839.10,7516.29,7868.69,7868.69
471,1046.94,5975.65,6259.46,3533.45,7961.93,7568.72,7568.72
472,1050.26,5565.57,5859.90,3396.29,7192.75,8150.37,7658.48
473,1053.60,5809.84,6056.32,3572.57,7347.64,7894.50,7894.50
474,1056.82,6067.77,6214.71,4115.27,7852.08,7271.82,7185.94
475,1060.05,5464.29,5638.74,3767.40,6967.25,8217.02,8217.02
476,1063.33,6035.29,6379.95,2426.99,8357.01,7568.98,7568.98
477,1066.46,5403.36,5720.67,2909.91,7030.13,7770.78,7714.08
478,1069.68,5196.17,5340.61,3145.78,7176.22,8029.84,7634.81
479,1073.00,6032.96,6187.05,3954.26,7934.20,7822.67,7731.45
480,1076.12,5291.03,5347.57,3698.93,6770.57,7383.57,7089.81
481,1079.44,5928.49,6118.16,3954.39,7485.57,8033.63,8033.63
482,1082.71,5924.29,6171.10,3884.81,7671.39,7760.02,7332.55
483,1085.86,5673.62,5861.31,4023.59,7288.28,7066.05,7046.32
484,1089.20,5646.93,5862.62,3008.31,7677.98,8106.90,8106.90
485,1092.48,5215.74,5356.56,3453.19,6715.86,7897.99,7897.99
486,1095.73,6029.61,6324.84,3542.84,8085.29,7639.79,7639.79
487,1098.91,5460.05,5598.49,3530.72,7039.14,7444.94,7207.66
488,1101.97,4981.18,5126.12,3498.71,6327.37,7635.00,7635.00
489,1105.23,5537.74,5738.08,3417.05,7392.47,7425.82,7211.76
490,1108.55,6274.38,6426.04,3810.12,8105.91,7823.81,7823.81
491,1111.80,5703.18,5994.38,3642.92,7629.82,7684.78,7485.55
492,1115.11,6121.76,6351.62,3875.89,8010.82,7764.39,7642.75
493,1118.22,4852.28,5012.21,2968.97,6399.27,8218.36,7668.10
494,1121.56,6183.55,6433.15,3567.89,8080.76,8296.98,8039.71
495,1124.78,5322.03,5448.71,3473.34,6825.59,8670.38,8436.69
496,1127.93,5033.91,5133.34,3309.41,6761.03,7986.66,7986.66
497,1131.13,5532.65,5641.64,3480.04,7234.02,8096.62,8096.62
498,1134.31,5704.75,5947.18,3204.66,7595.91,7722.77,7722.77
499,1137.25,4389.96,4502.77,2926.21,5655.04,7822.56,7822.56
500,1140.12,4277.06,4460.64,2552.87,5921.05,7008.91,6997.14
501,1143.23,5257.91,5677.58,2936.67,6854.07,7857.36,7857.36
502,1146.22,5063.01,5178.74,2731.89,6926.55,7275.62,7236.90
503,1149.58,6435.58,6728.23,3976.16,8394.10,8130.69,8130.69
504,1152.87,6130.31,6325.13,4063.30,8142.36,7741.11,7740.59
505,1155.99,5307.36,5392.47,3757.76,6784.79,7933.86,7505.35
506,1159.26,6285.60,6481.21,3866.79,8266.68,7621.18,7324.55
507,1162.40,4605.93,4636.59,3096.04,5898.08,8121.77,8121.77
508,1165.81,6915.88,7126.95,4627.76,8718.34,7974.69,7974.69
509,1168.94,5085.86,5087.06,3768.29,6508.84,7692.17,7692.17
510,1172.39,6054.96,6360.96,3434.18,7979.75,8838.25,8838.25
511,1175.65,5862.31,6030.48,3555.75,7941.36,7970.88,7825.81
512,1178.81,5306.74,5468.18,3435.19,6856.08,7851.45,7261.19
513,1182.13,5543.86,5647.03,3683.42,7363.62,8405.98,8405.98
514,1185.42,5685.75,6143.29,3022.71,7404.62,8051.21,8051.21
515,1188.71,5867.25,6115.12,3717.97,7875.59,8218.25,7716.51
516,1191.84,5401.44,5693.81,3114.94,7006.26,7732.60,7715.44
517,1194.87,4895.23,5086.10,2832.43,6697.86,8000.03,7938.32
518,1198.17,5518.14,5756.88,3026.89,7496.20,8152.85,8152.85
519,1201.39,6186.75,6524.19,3489.20,8010.22,7873.44,7763.09
520,1204.50,5183.47,5312.25,3373.52,6875.15,7692.45,7692.45
521,1207.63,5678.62,5915.09,3187.87,7456.64,7530.93,7136.86
522,1210.77,5224.52,5409.16,3237.55,6551.91,7637.24,7625.65
523,1213.94,5467.50,5695.94,3022.29,7601.13,7681.80,7681.80
524,1217.12,5913.26,6262.79,3176.01,7760.71,7560.77,7560.77
525,1220.39,5977.66,6363.44,2611.19,8333.28,7921.49,7777.66
526,1223.60,5772.36,5931.71,3541.27,8166.07,7772.71,7690.98
527,1226.81,5615.48,5805.01,3699.01,7198.65,7648.79,7641.63
528,1229.98,5856.66,6097.00,3477.57,7679.06,7539.92,7539.92
529,1233.23,5248.72,5414.62,3706.06,6578.37,8230.93,8230.93
530,1236.43,4713.85,4948.95,2679.63,6211.83,7754.73,7739.82
531,1239.61,5575.65,5806.23,3483.84,7240.87,8046.42,8046.42
532,1242.86,5853.41,6057.33,3335.25,8177.57,7625.42,7619.43
533,1246.09,5466.29,5599.20,3289.72,7022.30,8050.35,8050.35
534,1249.10,4670.54,4831.28,3055.85,6203.26,7327.69,7139.68
535,1252.29,5400.54,5707.62,2884.47,7100.80,8115.64,8115.64
536,1255.47,5491.12,5660.75,2975.55,7389.86,7659.00,7659.00
537,1258.57,5565.33,5731.13,3540.02,7290.33,7730.83,7730.83
538,1261.83,5970.45,6041.12,3249.29,8540.46,8259.98,8259.98
539,1265.02,5394.70,5655.72,3054.30,7219.10,7607.91,7607.91
540,1268.27,5764.81,6125.16,3006.80,7893.36,7854.23,7642.49
541,1271.43,5630.97,6009.07,3105.15,7660.35,7705.74,7705.74
542,1274.57,5846.75,5970.71,4238.90,7285.58,7779.68,7537.89
543,1277.70,4982.87,5223.00,2832.55,6689.52,7690.79,7626.09
544,1280.85,5128.67,5409.74,2746.85,6760.12,8254.38,8254.38
545,1284.06,5504.01,5642.44,3369.79,7429.38,8088.72,7834.48
546,1287.26,5683.94,5975.87,3008.55,7602.43,7960.41,7960.41
547,1290.40,5341.40,5482.19,3581.71,6749.26,7784.29,7681.35
548,1293.76,5830.38,6004.73,3471.29,7819.23,7906.29,7906.29
549,1297.01,5946.33,6292.74,3324.64,7876.21,7924.70,7924.70
550,1300.28,5408.75,5585.98,3254.36,7283.76,7816.31,7816.31
551,1303.42,5445.27,5613.22,3373.07,7303.56,7552.50,7520.19
552,1306.59,5378.27,5636.42,3241.51,7100.10,7786.65,7555.27
553,1309.93,5566.58,5867.93,3101.22,7468.30,8206.71,8132.90
554,1313.22,5819.97,5946.52,3771.00,7743.78,7907.71,7907.71
555,1316.27,4813.70,4947.29,3237.36,6227.16,7824.57,7824.57
556,1319.49,5611.53,5748.40,3252.74,7647.85,7476.94,7356.67
557,1322.57,5300.44,5514.12,3340.30,6994.72,7507.52,7246.46
558,1325.76,5516.77,5820.98,3401.61,7155.21,7786.22,7786.22
559,1329.03,6105.05,6364.71,3010.60,8394.10,7847.50,7847.50
560,1332.33,5898.24,6084.41,3988.86,7404.19,7935.16,7935.16
561,1335.62,5768.75,5980.85,4039.85,7100.26,7725.99,7637.35
562,1338.95,5980.51,6176.86,3653.37,8250.90,7920.21,7920.21
563,1342.12,5423.97,5592.31,3649.45,7030.70,7665.66,7268.68
564,1345.49,5630.38,5945.59,3391.18,7405.48,8415.92,8415.92
565,1348.84,5930.64,6179.00,3828.48,7643.44,7735.02,7576.93
566,1352.13,6052.21,6234.30,3925.21,7845.36,7858.27,7351.91
567,1355.31,5634.90,5818.26,3318.63,7392.55,7383.28,7323.74
568,1358.68,6413.24,6654.76,4016.08,8458.57,7939.25,7741.73
569,1361.98,6111.46,6160.58,4264.32,7906.17,7985.01,7985.01
570,1365.37,6492.53,6569.38,4719.82,8169.43,8001.44,7856.66
571,1368.72,5873.81,6035.35,4169.40,7307.11,8087.00,8087.00
572,1372.10,6683.96,6991.14,4309.67,8484.95,8213.51,7763.24
573,1375.29,4923.81,4915.31,3423.42,6331.26,7842.55,7842.55
574,1378.39,4670.59,4900.61,2972.44,5957.00,7745.84,7483.02
575,1381.56,5242.46,5374.27,3441.56,6826.36,7782.59,7782.59
576,1384.86,5704.39,5888.65,3776.81,7262.23,7935.54,7935.54
577,1388.12,5583.94,5989.24,3627.09,7126.13,7879.17,7754.29
578,1391.30,6165.88,6458.49,3756.49,7881.80,7695.63,7695.63
579,1394.65,5926.21,5991.96,3622.09,8031.53,8541.96,8541.96
580,1397.99,6088.54,6353.41,3951.95,8114.38,7813.91,7813.91
581,1401.15,5098.87,5395.09,2560.88,6840.09,7920.20,7920.20
582,1404.44,5305.92,5398.86,3543.80,6864.12,8249.70,8068.60
583,1407.76,5724.75,6041.21,3436.63,7405.32,7955.19,7603.62
584,1411.23,5581.25,5666.54,3328.15,7482.44,8570.48,8556.30
585,1414.61,6275.04,6551.73,4324.22,7990.87,8036.64,7956.19
586,1418.20,6630.32,6977.83,4263.74,8537.77,8294.42,8193.01
587,1421.58,5845.14,6142.72,3247.84,7887.10,8436.79,8436.79
588,1424.86,6220.98,6458.96,3588.29,8544.50,8422.88,8422.88
589,1428.22,6038.27,6256.69,3497.84,8057.32,8154.75,8154.75
590,1431.48,5523.15,5712.34,3534.34,7002.72,7892.68,7892.68
591,1434.73,5558.53,5838.12,3835.18,6936.86,8144.30,7808.25
592,1438.28,6396.20,6615.57,4378.18,8366.94,8602.61,8602.61
593,1441.77,6195.56,6327.02,4362.32,8162.70,8206.21,8016.18
594,1445.17,6653.26,6884.97,4719.29,8311.36,7804.11,7613.08
595,1448.58,6392.43,6607.95,4515.28,8140.34,8118.66,7687.93
596,1451.74,5529.63,5679.29,4108.18,6895.31,7737.40,7424.80
597,1455.14,6045.46,6347.29,3615.13,7816.13,8190.53,8098.81
598,1458.52,6394.35,6641.47,4326.03,8087.08,8194.44,7880.88
599,1462.10,7088.60,7376.77,4824.89,8784.50,8342.56,8194.52
600,1465.54,6145.67,6336.52,3790.55,8013.79,8745.46,8745.46
601,1468.99,6703.88,6769.88,4990.51,8293.47,8093.93,8093.93
602,1472.44,6337.25,6570.47,4330.97,7833.86,8219.37,8219.37
603,1475.94,6842.08,7076.39,4451.61,8687.17,8153.36,7863.64
604,1479.34,5802.54,5880.74,3975.45,7416.72,8963.62,8963.62
605,1482.83,6317.20,6484.29,4181.61,8149.27,8465.36,8230.22
606,1486.34,6400.65,6454.75,4743.44,8276.00,8364.09,8036.49
607,1489.90,7039.94,7431.06,4489.26,8841.71,8367.20,7895.85
608,1493.45,6578.94,6823.19,4452.35,8346.55,8720.00,8720.00
609,1496.94,6477.66,6791.42,4194.61,8262.24,8095.67,7617.27
610,1500.45,7293.91,7510.94,5585.62,8931.42,8224.73,8224.73
611,1503.99,6902.88,7009.96,5204.60,8421.49,8411.82,8209.27
612,1507.59,7138.56,7303.44,4610.74,9585.57,8329.82,7936.71
613,1510.96,6074.43,6182.63,4592.56,7497.40,8370.19,7867.84
614,1514.60,7516.76,7725.68,5236.78,9435.12,8447.73,8055.36
615,1517.98,6271.58,6468.87,4702.35,7774.86,8344.32,7684.74
616,1521.43,6557.22,6671.99,4725.51,8304.43,8249.45,7782.65
617,1525.03,6906.42,7171.96,4889.50,8601.11,8787.91,8787.91
618,1528.45,6582.59,6824.79,4869.57,8003.53,8343.20,8337.72
619,1531.93,6046.40,6264.41,4120.25,7727.51,8351.42,8295.14
620,1535.48,7084.33,7331.62,4744.53,8955.47,8132.50,8003.13
621,1538.85,6208.94,6315.61,4170.25,7994.11,8328.59,8328.59
622,1542.26,6961.49,7180.95,5399.63,8283.52,8111.83,7950.13
623,1545.72,6065.44,6262.89,4661.50,7386.20,8272.18,8272.18
624,1549.28,6511.58,6781.81,4618.72,8039.60,8310.61,8265.96
625,1552.74,6370.48,6657.04,4353.73,8348.92,8419.62,8360.11
626,1556.20,6735.62,6762.85,5169.71,8073.89,8166.45,7879.99
627,1559.73,6736.09,6966.42,4971.84,8252.62,8841.40,8684.92
628,1563.35,7134.51,7346.08,5552.96,8388.69,8733.37,8403.21
629,1566.83,6918.27,6962.61,5079.94,8763.92,8054.23,8054.23
630,1570.26,6380.20,6498.00,4937.07,7731.37,8105.29,7943.09
631,1573.73,6896.76,7174.46,4835.07,8537.01,8219.48,8219.48
632,1577.36,6932.76,7080.75,4830.95,8549.46,8282.18,8282.18
633,1581.02,7473.80,7629.36,5566.01,8934.80,8836.80,8827.31
634,1584.58,6804.51,6954.40,4775.59,8769.29,8431.28,8431.28
635,1587.97,6413.45,6655.45,5177.48,7555.35,8287.45,8287.45
636,1591.53,7031.21,7332.41,4693.66,8709.96,8066.44,8066.44
637,1595.10,6814.50,7114.48,4640.51,8740.54,8451.10,8182.26
638,1598.65,6928.67,7184.77,5094.03,8427.71,8614.25,8120.71
639,1602.15,6737.82,6880.96,4766.90,8297.23,8194.75,8110.77
640,1605.65,6189.39,6353.62,4393.51,7896.94,8375.72,7876.42
641,1609.08,5650.90,5945.79,3973.89,7063.91,8082.26,8082.26
642,1612.57,6001.30,6078.62,4658.11,7479.62,8396.77,8396.77
643,1616.15,7104.22,7212.30,5329.07,8668.06,8335.85,8335.85
644,1619.75,7379.05,7663.86,5242.63,9123.09,8241.73,8241.73
645,1623.05,5808.54,5891.85,4497.92,7173.22,8513.16,8513.16
646,1626.55,6501.31,6644.51,4900.61,8108.46,8041.18,7957.29
647,1630.16,6905.88,6952.17,5295.65,8400.75,8229.04,7978.19
648,1633.73,6533.84,6447.48,4967.35,8223.26,8324.61,8070.66
649,1637.36,7150.21,7340.36,5548.38,8719.98,8791.12,8791.12
650,1640.88,6616.45,6725.44,5118.52,8081.19,8619.08,8619.08
651,1644.61,7545.23,7760.02,5582.55,9307.15,8753.32,8753.32
652,1648.22,6564.77,6677.57,4873.36,8252.22,8925.46,8925.46
653,1651.73,6760.51,7123.45,4641.10,8423.16,9063.66,8749.77
654,1655.20,6949.64,7312.71,4977.44,8545.76,8337.77,8337.77
655,1658.76,6579.81,6734.59,4750.37,8195.31,8786.98,8786.98
656,1662.49,6704.08,6903.33,4748.98,8255.44,8918.88,8698.11
657,1666.13,7207.50,7500.33,4736.54,9066.65,9074.12,9014.08
658,1669.80,7397.98,7589.74,5202.23,9332.10,8491.11,8491.11
659,1673.53,7780.64,8060.84,5847.87,9356.93,8709.00,8709.00
660,1677.24,7416.72,7655.23,5971.80,8870.83,9026.33,9026.33
661,1680.95,6826.10,6967.15,5063.60,8228.56,8569.17,8569.17
662,1684.64,7470.82,7540.04,5884.86,8994.78,8762.09,8291.77
663,1688.31,7335.63,7360.10,6192.25,8533.06,8763.58,8763.58
664,1691.99,7206.09,7366.78,5571.96,8694.29,9279.38,8870.11
665,1695.55,7448.10,7698.90,5048.01,9280.70,8508.29,8240.82
666,1699.10,6573.53,6590.56,5125.54,8029.48,8592.26,8232.16
667,1702.81,7056.73,7452.25,4900.62,8754.89,8454.43,8155.15
668,1706.50,7206.81,7507.56,5119.43,9050.99,8528.22,7869.26
669,1709.93,6140.17,6281.30,4838.38,7396.92,8257.60,7925.90
670,1713.60,7003.60,7171.99,5229.02,8716.13,8643.40,8388.77
671,1717.09,6628.35,6865.53,5068.31,7959.94,8674.37,8674.37
672,1720.74,7376.33,7697.13,4681.53,9176.64,8786.30,8747.24
673,1724.24,6635.64,6807.93,4866.38,8148.49,9073.90,9073.90
674,1727.57,5506.91,5467.13,4206.27,7001.49,8719.49,8719.49
675,1731.22,7397.79,7572.03,5075.79,9130.19,8676.88,8301.00
676,1734.66,6400.27,6628.42,4373.52,8092.79,8476.51,8358.12
677,1738.11,6901.64,7117.18,5203.45,8409.97,8669.15,8573.73
678,1741.70,6571.01,6621.16,4886.39,8181.07,9129.02,8844.11
679,1745.40,7127.59,7400.71,4867.95,8895.86,9116.80,8854.15
680,1748.98,7258.44,7431.73,5277.40,8960.87,9011.72,8631.76
681,1752.57,7082.72,7422.22,4695.60,9072.24,9104.76,9104.76
682,1756.07,6594.92,6775.58,4625.84,8138.71,8615.35,8305.17
683,1759.55,6896.63,7293.13,4936.21,8445.21,8568.00,8518.98
684,1763.12,6410.25,6706.23,4299.20,8136.25,8661.14,8499.84
685,1766.66,6657.05,6999.66,3956.78,8388.47,8218.99,8003.42
686,1770.23,6622.75,6888.42,4551.64,8332.59,8762.58,8762.58
687,1773.71,6036.27,6235.89,4059.77,7547.15,8688.30,8688.30
688,1777.36,7053.76,7408.59,4878.13,8768.45,8938.80,8884.66
689,1781.05,7339.84,7433.50,6026.58,8759.48,9252.31,9252.31
690,1784.62,7136.87,7444.07,5292.90,8798.05,8225.58,8225.58
691,1788.22,6947.21,7324.45,4903.52,8535.42,8799.81,8644.30
692,1791.77,6594.28,6711.22,3938.21,8770.84,8511.92,8490.99
693,1795.37,6517.32,6946.09,4042.11,8231.30,8753.00,8601.63
