# name=featOcc_2 generations=503 population=200 games=200 startFrom=None stage1Games=20 mutationRate=1.0 sigma=0.05 elites=3 keepPart=0.1 minStartHeight=0 maxStartHeight=None zeroFraction=0.0 steerSmoothing=0.5 stableSlots=(3,2,1,2,1,0) monsterFraction=0.0 monsterMult=1.0 fast=True actionRepeat=1
gen,elapsed_s,mean,median,p10,p90,best,chosen
1,0.98,219.29,212.79,179.36,271.56,314.53,268.66
2,1.43,202.50,199.35,175.48,242.99,328.18,252.87
3,1.85,230.37,224.21,195.67,277.33,333.83,257.78
4,2.30,204.70,206.97,185.71,220.91,330.43,272.48
5,2.75,244.52,240.23,197.33,294.71,342.62,267.51
6,3.19,268.73,283.30,186.82,324.88,291.88,266.74
7,3.66,245.09,243.14,210.74,287.66,319.94,241.65
8,4.09,237.06,234.46,179.29,299.23,357.30,289.69
9,4.53,242.04,247.65,193.65,285.58,320.78,266.40
10,4.98,267.71,268.05,206.95,336.51,358.57,312.92
11,5.42,231.92,231.05,183.43,274.10,322.12,271.00
12,5.88,239.82,236.14,176.69,306.50,340.39,286.63
13,6.40,244.19,244.39,194.32,292.38,344.29,281.89
14,6.84,221.85,217.00,186.16,260.65,335.51,280.32
15,7.34,273.43,272.24,199.26,352.68,328.80,273.24
16,7.82,224.85,225.06,178.10,275.50,345.08,289.31
17,8.29,277.94,280.05,178.43,379.70,358.71,339.13
18,8.73,235.11,232.68,190.17,281.97,357.50,329.98
19,9.18,247.04,247.26,172.74,320.85,360.40,337.17
20,9.64,211.13,207.23,178.61,249.43,425.68,425.68
21,10.13,244.65,243.51,170.05,316.50,420.88,420.88
22,10.63,283.10,278.64,173.82,394.69,434.34,405.59
23,11.13,250.70,241.79,176.92,339.50,417.53,380.59
24,11.63,319.36,313.51,191.60,453.26,431.85,429.42
25,12.12,274.17,273.78,199.55,350.05,458.87,437.30
26,12.62,286.66,268.38,190.48,416.73,489.29,474.13
27,13.10,262.11,246.82,179.88,376.09,484.02,484.02
28,13.60,282.09,267.78,204.84,386.64,542.37,537.87
29,14.13,321.14,305.56,179.96,484.05,625.15,625.15
30,14.66,337.58,317.27,196.69,511.17,676.14,655.81
31,15.28,328.37,290.42,191.94,509.33,707.88,707.88
32,15.85,361.45,334.35,191.12,594.73,750.85,744.91
33,16.41,412.98,407.04,184.23,658.39,803.25,803.25
34,16.95,376.76,327.79,214.43,634.34,834.13,759.33
35,17.52,447.96,410.01,203.82,743.66,1035.19,1035.19
36,18.10,340.98,321.08,192.00,514.95,924.89,819.90
37,18.70,462.48,411.85,228.77,760.43,1018.64,1018.64
38,19.32,576.76,562.67,204.74,936.22,920.37,920.28
39,19.96,496.03,442.24,203.10,849.11,1174.29,1174.29
40,20.64,650.89,565.24,202.75,1258.91,1334.66,1334.66
41,21.32,565.37,533.19,211.68,1000.12,1412.71,1330.24
42,22.02,657.71,586.03,179.67,1224.55,1321.25,1321.25
43,22.73,652.05,626.36,184.35,1108.29,1723.33,1723.33
44,23.50,694.81,575.47,211.27,1328.54,1819.13,1678.09
45,24.21,702.22,734.33,219.68,1111.88,1789.89,1647.37
46,24.98,719.87,660.58,195.87,1314.59,1901.48,1706.10
47,25.79,719.06,676.64,206.91,1362.61,1878.09,1732.84
48,26.62,902.52,974.59,208.58,1521.75,2139.58,2139.58
49,27.45,839.92,826.74,212.47,1474.16,2057.53,2057.53
50,28.29,853.51,796.60,184.44,1629.13,2179.15,2179.15
51,29.16,974.48,1050.35,188.58,1727.26,2082.30,1798.28
52,30.08,950.62,967.56,192.11,1678.86,2231.47,2231.47
53,30.99,940.09,872.53,173.17,1811.62,2390.27,2390.27
54,31.94,1048.71,1066.53,170.13,1953.09,2579.23,2579.23
55,32.98,1312.80,1331.64,215.83,2359.24,2755.50,2755.50
56,34.00,1092.07,1030.76,223.04,2143.18,2722.90,2722.90
57,35.03,1065.11,991.34,203.19,2085.38,2724.16,2702.72
58,36.03,1097.24,968.34,236.18,2160.98,2835.23,2835.23
59,37.06,1194.12,1167.20,253.15,2102.09,2832.85,2832.85
60,38.07,1147.91,1064.37,161.12,2285.54,3156.19,3156.19
61,39.08,1123.01,1091.88,228.23,2126.90,3494.08,3494.08
62,40.14,1231.89,1226.73,229.56,2299.21,3369.38,3369.38
63,41.39,1514.26,1492.27,219.64,2801.71,3736.26,3736.26
64,42.67,1726.50,1795.30,208.70,3193.35,3681.17,3645.58
65,43.82,1473.55,1566.61,187.61,2760.59,3226.39,3225.68
66,45.00,1479.44,1495.76,249.00,2611.09,3655.36,3655.36
67,46.16,1407.42,1395.59,242.08,2506.84,3589.42,3407.79
68,47.33,1396.86,1476.95,210.60,2404.52,3623.29,3623.29
69,48.58,1632.63,1410.33,182.18,3238.11,3744.84,3659.16
70,49.83,1570.13,1573.36,229.55,2954.17,3732.11,3459.85
71,51.05,1525.95,1485.97,179.96,3066.16,3948.03,3948.03
72,52.21,1374.52,1436.75,180.91,2708.75,4076.00,4076.00
73,53.52,1678.43,1685.84,305.84,2954.26,3978.31,3948.30
74,54.69,1405.48,1239.35,188.34,2872.27,3939.43,3817.59
75,55.98,1697.82,1641.55,268.65,3328.51,3783.38,3783.38
76,57.22,1534.04,1547.31,207.63,2997.70,3846.38,3846.38
77,58.46,1515.91,1468.26,214.70,2912.73,3539.54,3443.79
78,59.82,1833.85,1907.51,371.13,3278.09,4089.87,3938.01
79,61.11,1638.74,1541.83,196.91,3142.61,4033.77,4033.77
80,62.43,1508.37,1280.66,222.68,3064.20,4069.65,4069.65
81,63.80,1753.42,1707.73,239.49,3452.68,3902.02,3902.02
82,65.07,1546.86,1568.67,351.43,2669.52,3983.26,3983.26
83,66.34,1618.11,1382.95,233.18,3132.66,4237.58,4237.58
84,67.63,1592.74,1538.24,253.81,2967.01,3886.46,3886.46
85,68.89,1579.19,1644.98,287.57,2819.18,3837.34,3807.61
86,70.18,1609.69,1533.85,177.58,3121.06,3960.21,3960.21
87,71.48,1816.49,1775.21,238.51,3522.29,4138.81,4138.81
88,72.73,1611.61,1561.78,157.92,3261.38,4199.93,4199.93
89,74.04,1473.19,1542.42,228.85,2778.97,4239.65,4239.65
90,75.38,1997.13,2012.48,302.93,3714.92,4344.33,4344.33
91,76.72,1804.90,1679.50,279.22,3556.18,4289.32,4289.32
92,78.11,1833.30,1895.12,318.55,3475.32,4021.39,3978.04
93,79.45,1651.31,1561.09,224.10,3208.30,4216.64,4216.64
94,80.74,1646.47,1476.05,192.63,3351.99,3920.11,3920.11
95,82.10,1692.98,1469.85,184.22,3497.34,4208.52,4208.52
96,83.47,1772.68,1774.99,168.52,3426.94,4163.43,4044.34
97,84.82,1873.90,1713.01,205.64,3604.56,4055.87,3665.82
98,86.22,1932.21,2023.04,251.16,3627.27,4261.62,4261.62
99,87.56,1735.65,1712.03,264.15,3136.13,4102.59,4102.59
100,88.94,1802.38,1937.60,241.66,3307.95,4094.04,4094.04
101,90.35,1717.24,1746.42,182.58,3132.50,3988.72,3988.72
102,91.70,1693.67,1529.89,228.52,3321.84,4225.98,4225.98
103,93.03,1508.57,1593.59,174.68,2820.51,3990.25,3787.72
104,94.38,1771.37,1520.99,215.80,3446.49,4124.14,3985.39
105,95.80,2028.53,2053.07,359.54,3579.19,3980.93,3768.54
106,97.20,1729.50,1833.45,197.10,3146.46,4147.24,4147.24
107,98.65,2195.22,2398.33,237.33,3811.72,4224.57,4224.57
108,100.16,2183.47,2226.28,231.76,4050.01,4485.56,4068.50
109,101.74,2466.17,2759.16,323.16,4077.03,4459.44,4459.44
110,103.26,2186.37,2218.90,266.99,4163.83,4390.84,4390.84
111,104.68,1998.75,2061.36,233.22,3732.48,4128.42,4128.42
112,106.14,2142.12,2234.09,332.12,3863.53,4386.74,4386.74
113,107.63,2161.76,1941.83,274.85,4256.81,4369.33,4369.33
114,108.97,1656.75,1583.91,227.80,3157.62,4179.77,4179.77
115,110.43,1997.35,2013.85,256.65,3757.91,4702.26,4702.26
116,111.81,1924.92,2196.48,267.17,3354.58,4249.99,3918.43
117,113.25,2044.45,2091.14,305.86,3516.92,4355.97,4262.90
118,114.70,1728.66,1886.80,225.96,3168.45,4193.07,4045.53
119,116.18,2179.61,2123.61,303.94,4174.39,4431.82,4259.83
120,117.66,1929.81,1921.68,351.80,3495.85,4258.80,4128.52
121,119.16,2096.34,2153.81,225.66,3835.51,4496.88,4496.88
122,120.68,2183.16,2403.91,352.50,3794.72,4854.07,4662.60
123,122.20,2215.00,2380.04,381.88,3756.90,4284.96,4284.96
124,123.78,2616.76,2898.44,315.66,4592.30,4540.25,3861.81
125,125.55,1994.64,2240.84,311.67,3293.30,4173.10,4173.10
126,127.13,2275.32,2570.57,339.39,3802.35,4568.12,4568.12
127,128.91,2157.77,2297.62,261.05,3651.59,4833.56,4833.56
128,130.59,2330.45,2626.18,251.51,4011.81,4712.69,4525.28
129,132.18,2424.38,2628.10,408.77,4160.03,4478.04,4382.75
130,133.87,2312.06,2633.16,428.41,3679.79,4505.03,4505.03
131,135.57,2268.31,2473.29,549.84,3752.54,4514.36,4514.36
132,137.20,2558.82,2721.28,493.27,4101.79,4991.71,4530.56
133,138.93,2938.49,3137.84,611.81,4718.47,5000.95,5000.95
134,140.62,2451.84,2664.66,670.28,3757.71,4932.51,4736.13
135,142.23,2518.44,2616.78,447.50,4444.81,4839.79,4554.76
136,143.77,2231.73,2266.15,483.09,3787.19,4381.96,4011.85
137,145.33,1996.91,2082.79,363.73,3303.40,4419.95,4308.23
138,146.96,2659.35,2916.36,532.38,4669.18,4490.91,4314.52
139,148.56,2563.85,2828.16,458.18,4433.65,4477.67,4214.00
140,150.20,2369.97,2469.03,439.59,3861.62,4885.22,4885.22
141,151.73,2444.75,2736.60,450.55,3857.11,4438.10,4220.26
142,153.42,2603.92,2821.12,663.49,3996.10,4730.82,4730.82
143,155.01,2266.81,2429.70,714.98,3327.68,4582.85,4582.85
144,156.56,2374.17,2607.32,648.11,3630.59,4203.92,4052.46
145,158.26,2656.28,2894.83,750.41,4108.32,4735.98,4735.98
146,159.93,2931.58,3124.06,915.82,4381.50,4738.06,4738.06
147,161.55,2653.58,2995.36,539.35,4081.63,4208.83,3984.23
148,163.19,2842.81,3138.16,808.29,4141.18,4634.17,4282.03
149,164.84,2797.85,3078.32,756.37,4334.23,4893.68,4893.68
150,166.59,2876.08,3054.57,1009.19,4266.59,4966.24,4767.68
151,168.31,2767.76,3007.80,1313.41,3887.70,5327.95,5290.11
152,170.19,3395.60,3575.00,1169.16,5109.79,5269.56,5269.56
153,172.01,3140.49,3429.81,856.09,4430.95,5115.64,5115.64
154,173.81,2960.83,3134.60,675.01,4642.74,5168.50,5168.50
155,175.57,2692.74,3034.36,543.33,4231.29,5640.73,5640.73
156,177.46,3376.96,3590.68,1181.09,5396.55,5364.46,5211.26
157,179.37,3203.20,3563.85,735.26,4917.42,5668.33,5668.33
158,181.28,3200.30,3568.58,605.15,4903.61,5679.92,5679.92
159,183.20,3745.76,4139.15,1672.39,5285.36,5374.49,5033.70
160,185.16,3590.59,3918.73,1348.75,5307.66,5396.60,5396.60
161,187.24,4014.91,4475.12,1602.91,5609.02,5611.49,5149.54
162,189.18,3134.76,3454.83,535.11,5102.60,5815.19,5815.19
163,191.16,3194.00,3508.92,797.24,4957.45,5760.81,5760.81
164,193.22,3468.47,3811.77,979.94,5299.71,5592.82,5311.48
165,195.38,3434.95,3963.17,669.22,5178.89,5844.54,5818.85
166,197.55,3945.76,4451.25,759.53,6033.65,5665.67,5468.13
167,199.57,3015.07,3324.18,663.47,4511.00,5798.52,5798.52
168,201.59,2769.21,3033.41,544.45,4254.79,5428.96,5422.04
169,203.65,2988.85,3211.22,855.66,4685.59,5827.72,5803.60
170,205.68,3043.96,3257.53,635.85,4966.19,5827.45,5681.65
171,207.77,3052.53,3232.94,651.68,4910.72,5737.41,5737.41
172,209.80,3192.28,3409.27,511.78,5233.23,5514.93,5364.08
173,211.93,3217.47,3497.73,813.65,5059.14,5941.77,5941.77
174,214.06,2893.95,3154.63,558.74,4734.80,5980.66,5980.66
175,216.20,3257.85,3511.06,529.62,5310.89,6253.61,6083.37
176,218.16,2979.04,3439.23,481.97,4868.82,5921.41,5747.65
177,220.09,2613.71,2897.20,539.02,4211.19,5278.24,5037.06
178,222.24,3538.54,3940.90,813.70,5324.59,6244.44,6213.64
179,224.36,2869.14,3113.94,503.68,4937.59,5992.21,5882.52
180,226.40,3331.38,3833.91,609.67,5128.92,5680.64,5556.83
181,228.60,3498.87,3696.92,688.70,5829.55,6010.15,5994.09
182,230.73,3516.77,3998.41,649.05,5105.83,5747.18,5660.83
183,232.81,3034.88,3347.69,510.65,4839.78,6231.17,5834.18
184,234.81,3127.42,3329.56,605.29,5355.39,5290.13,5290.13
185,236.84,3120.44,3490.67,565.33,5140.08,5408.30,5073.27
186,238.93,3543.56,3966.99,589.15,5900.75,5919.44,5919.44
187,240.93,2867.16,2962.77,603.16,4965.38,5926.59,5741.97
188,242.99,3096.09,3225.59,770.37,5078.30,5703.60,5409.07
189,245.08,3484.75,3706.56,718.30,5547.34,5750.71,5750.71
190,247.22,3588.55,3759.53,635.09,6178.59,6383.54,5904.73
191,249.19,2887.53,2805.71,1055.30,4714.11,5523.56,5495.94
192,251.24,3246.05,3573.19,376.37,5449.51,5775.95,5752.30
193,253.29,3303.35,3680.35,728.30,5214.91,6110.46,5524.01
194,255.34,3100.47,3448.23,446.88,5175.65,6019.10,5995.15
195,257.61,3728.40,4140.18,776.14,6058.67,6321.83,5605.06
196,259.76,4061.04,4348.31,984.87,6422.11,6092.15,6092.15
197,261.86,3421.33,3731.56,683.13,5791.08,6019.35,6019.35
198,263.96,3128.25,3491.08,916.95,4623.57,6085.05,6085.05
199,266.24,3788.10,4230.54,831.48,5905.27,6284.94,6284.94
200,268.32,3084.84,3489.79,649.46,4964.91,5875.72,5875.72
201,270.45,3066.96,3365.02,524.06,4808.61,5907.42,5791.90
202,272.61,3321.01,3564.05,783.86,5556.76,6082.35,5191.06
203,274.77,3556.66,3959.60,984.12,5321.14,5755.42,5379.96
204,276.84,3136.35,3553.22,592.17,4885.30,5370.04,5370.04
205,278.97,3252.41,3809.08,400.92,5202.27,5521.38,5401.70
206,281.22,3852.05,4334.15,1140.84,5971.09,6127.43,6127.43
207,283.37,2869.26,3107.13,454.51,4490.62,6500.20,6274.45
208,285.66,3720.33,4050.52,1480.25,5473.97,6069.47,5864.80
209,287.96,3993.77,4460.79,743.48,6036.98,6024.13,5656.54
210,290.34,3709.96,3900.22,1170.25,5674.28,6123.66,5760.65
211,292.63,3837.91,4151.37,1172.75,5826.27,5568.95,4972.42
212,294.79,3329.32,3789.66,747.45,4978.51,5966.65,5779.80
213,296.97,3686.95,4154.12,825.63,5711.01,5683.78,5619.66
214,299.22,3689.65,4018.14,788.67,5564.86,6178.90,6178.90
215,301.38,3287.51,3606.15,1032.60,5209.63,6288.55,6288.55
216,303.65,3873.33,4272.69,897.18,6008.88,6274.72,6274.72
217,306.13,4867.08,5366.40,1644.93,6990.52,5903.18,5873.55
218,308.40,4211.06,4614.35,1228.61,6422.21,5970.96,5708.60
219,310.62,3757.43,4090.83,1458.87,5435.73,6257.89,6031.81
220,312.89,4012.16,4445.88,1462.53,5872.96,6085.16,6085.16
221,315.16,4070.23,4526.93,1323.38,6021.02,6501.07,6501.07
222,317.54,4303.36,4730.42,1138.90,6256.83,6784.42,6784.42
223,319.81,3402.02,3638.06,989.99,5271.39,6429.67,6429.67
224,322.08,3675.08,4001.15,1334.44,5393.96,6381.28,6381.28
225,324.53,4256.77,4714.94,1808.27,6006.22,6245.96,5889.21
226,326.74,3698.79,4002.24,1513.98,5181.61,5897.05,5642.21
227,329.11,4163.69,4532.86,1666.66,5781.72,6588.82,6588.82
228,331.41,3872.25,4198.71,1263.02,6078.30,6110.77,5695.61
229,333.70,4242.45,4722.91,1499.94,6263.02,6019.79,6019.79
230,336.11,4624.07,5107.73,1412.90,6670.71,7037.51,6721.20
231,338.44,3507.25,3696.59,1173.55,5106.91,5927.43,5545.37
232,340.73,3970.25,4296.70,1946.15,5509.02,6112.04,5580.48
233,343.06,4669.71,5012.96,1689.98,6600.86,5900.99,5900.99
234,345.43,4102.30,4504.45,1664.87,5935.31,6494.67,6447.33
235,347.90,4110.64,4485.58,1704.75,5908.54,6086.75,6086.75
236,350.40,4375.06,4572.62,2117.29,6114.38,6823.10,6823.10
237,352.86,4478.84,4820.82,1991.15,6140.90,6342.17,6210.34
238,355.26,4402.55,4717.59,2564.14,5898.93,6299.27,6299.27
239,357.76,4366.39,4587.50,2240.91,5984.38,6327.51,5989.28
240,360.04,4128.22,4394.31,1712.19,5656.84,6062.18,5913.27
241,362.38,4436.26,4795.27,1959.50,6184.52,6138.40,5899.07
242,364.47,4082.91,4395.97,1663.64,5771.50,5960.39,5674.47
243,366.71,4151.01,4319.84,2028.26,5722.87,6558.53,6558.53
244,369.01,4250.38,4491.14,1892.99,5923.29,6098.80,6064.51
245,371.06,3377.13,3612.38,1432.25,4875.65,5668.52,5429.55
246,373.32,4257.02,4682.51,2014.04,6179.30,6496.99,6133.23
247,375.58,4530.51,4963.17,2086.12,6159.23,6211.95,6009.75
248,377.85,4199.10,4360.20,2442.06,5682.29,6328.90,6112.10
249,379.94,3662.12,3732.23,2392.74,4923.49,6053.26,5878.88
250,382.25,4860.51,5053.33,2878.50,6408.13,6891.56,6891.56
251,384.54,4365.43,4539.42,2204.93,6187.83,6598.80,6488.79
252,386.83,4666.66,5097.80,1926.12,6441.59,6646.20,6195.00
253,389.08,4339.36,4503.24,2182.65,6085.15,6510.98,6485.45
254,391.28,4347.00,4687.00,2241.41,5843.52,6198.62,5795.06
255,393.58,4709.36,4936.67,2669.29,6356.33,6292.98,5825.38
256,395.73,4252.51,4363.62,2663.96,5715.04,6228.46,5934.29
257,398.18,5440.58,5652.71,3453.72,7158.17,6493.03,6049.94
258,400.42,4413.14,4608.43,2707.84,5685.48,6406.22,6221.46
259,402.71,4890.76,5137.06,2672.75,6857.66,6662.09,6662.09
260,404.79,4183.91,4467.21,2072.91,5681.60,5888.62,5380.90
261,406.97,4365.39,4703.38,2454.29,5580.20,5956.58,5664.30
262,409.10,3934.29,4245.83,2267.42,5298.12,5837.18,5837.18
263,411.21,3799.50,4068.44,2260.71,5032.81,6006.05,5953.98
264,413.34,4308.22,4616.33,2353.01,5880.08,5576.54,5497.29
265,415.46,3869.17,4064.06,1941.28,5370.49,6051.54,5714.24
266,417.64,4391.37,4775.69,2587.63,5795.15,6645.87,6406.87
267,419.88,4470.16,4829.00,2308.10,6145.15,6548.97,6004.80
268,422.12,4642.06,4978.62,2477.97,6333.62,6336.28,6030.07
269,424.47,4720.08,5008.27,2621.77,6281.03,6454.98,6067.94
270,426.75,4620.37,4756.99,2733.20,6163.40,6310.88,6102.35
271,428.98,4507.00,4759.68,2551.96,6139.48,5803.29,5746.00
272,431.10,3742.07,3737.05,2074.28,5438.82,6291.37,5940.37
273,433.38,4754.54,5041.28,2382.11,6486.50,6119.90,6033.76
274,435.64,4277.94,4419.25,2956.02,5457.17,6222.28,6058.67
275,437.82,4106.99,4448.79,1945.18,5816.13,5781.57,5568.99
276,440.03,4770.89,5105.25,2263.43,6286.95,6057.56,6057.56
277,442.31,4510.98,4776.48,2308.17,6083.64,6306.43,6306.43
278,444.65,4867.69,5146.87,2112.20,7325.40,6358.23,6048.00
279,447.07,5050.47,5333.63,3028.50,6478.99,6614.23,6459.16
280,449.35,4013.64,4118.00,2393.41,5220.15,6647.74,6400.18
281,451.72,4767.46,5072.73,2575.38,6425.31,5911.29,5491.63
282,454.03,4782.57,5066.07,2555.77,6197.84,6708.66,6708.66
283,456.40,4904.70,5263.95,2387.00,6838.82,6820.46,6620.59
284,458.78,4643.83,4815.55,2379.88,6385.75,6646.40,6178.95
285,461.11,4798.02,5176.41,2283.59,6413.64,6487.14,6244.16
286,463.46,4674.02,4905.06,2348.44,6433.43,6560.99,6065.52
287,465.85,4611.75,4874.19,2446.61,6183.52,6300.54,6046.71
288,468.13,4038.57,4231.48,2643.23,5233.37,6741.17,6741.17
289,470.58,4882.12,5250.89,2401.83,6768.99,6648.28,6493.90
290,473.10,5335.54,5630.76,3149.27,7211.36,6829.77,6344.39
291,475.45,4253.08,4406.83,2213.24,5617.80,6495.60,6448.42
292,477.69,4224.76,4338.19,2583.86,5861.32,6685.23,6102.18
293,480.14,5126.53,5555.44,2484.66,7086.95,7118.21,6693.59
294,482.53,4849.00,5156.70,2419.19,6770.41,6727.40,6727.40
295,484.71,4147.50,4320.33,2036.06,5756.47,6313.58,5717.34
296,486.95,4107.63,4700.72,1441.51,5755.75,6455.50,6455.50
297,489.23,4079.75,4294.28,2242.08,5521.21,6671.42,6671.42
298,491.58,4167.37,4541.21,1490.19,5862.88,6739.57,6739.57
299,494.01,5573.33,5850.62,3449.34,7134.43,6782.63,6717.92
300,496.49,5158.11,5540.88,2954.71,6648.27,7157.41,6987.39
301,498.93,5030.70,5316.54,2077.58,6963.33,7174.27,7174.27
302,501.28,4712.60,5030.24,2653.70,6402.11,6721.55,6710.49
303,503.81,4857.93,5080.67,2692.17,6499.40,6917.97,6731.41
304,506.23,5167.73,5341.54,2953.40,7105.30,6760.72,6255.34
305,508.60,5309.72,5580.18,3155.01,7152.54,6366.70,6180.48
306,511.01,4703.43,4971.68,2935.18,6345.09,6718.95,6570.86
307,513.41,4874.19,5238.16,1765.34,6779.29,6433.40,6359.90
308,515.85,5095.74,5365.19,2496.62,6780.80,6434.58,6400.23
309,518.24,4654.35,4797.04,2571.77,6391.26,6811.22,6746.63
310,520.69,4970.29,5272.88,2830.21,6712.70,7074.71,7074.71
311,523.14,5028.35,5508.41,2223.15,6818.68,6940.44,6787.00
312,525.36,4157.19,4418.93,2132.20,5588.64,6276.02,6169.96
313,527.66,4709.63,5053.14,2876.63,6233.75,6632.20,6412.45
314,529.89,3994.15,4196.60,2126.08,5345.46,6473.07,6428.80
315,532.17,4845.36,5212.01,2379.09,6543.17,6654.18,6311.30
316,534.53,4443.17,4747.38,2015.29,6216.54,6659.97,6607.26
317,536.93,4872.20,5327.92,2256.30,6682.22,7092.30,7063.73
318,539.33,5308.62,5464.46,3053.89,7276.68,6976.83,6737.93
319,541.65,4275.30,4387.15,2303.98,6029.08,6655.03,6517.00
320,544.07,5255.69,5449.91,2998.10,7097.34,6535.64,6163.11
321,546.43,4720.41,4800.61,3026.33,6065.89,6529.70,5952.20
322,548.79,4988.41,5416.18,2638.32,6604.41,6373.30,6326.20
323,550.94,3914.01,4168.16,2608.43,5061.46,5867.61,5611.64
324,553.18,4361.55,4647.10,2298.14,5892.52,6595.82,6163.09
325,555.58,4702.61,4920.64,2652.77,6500.13,6983.66,6286.86
326,557.89,4579.53,4783.59,2740.20,6167.03,6685.17,6169.09
327,560.12,4201.99,4419.16,2486.12,5409.31,6000.96,5890.96
328,562.35,3999.87,4193.39,1982.43,5400.94,6297.60,6294.86
329,564.65,4246.37,4506.05,2049.39,6022.82,6868.27,6766.21
330,567.03,4459.14,4662.23,2529.14,6315.35,6633.95,5934.75
331,569.45,4455.57,4604.83,2076.79,6562.66,6959.65,6567.76
332,571.59,3781.26,4233.74,985.30,5717.38,6754.69,6754.69
333,573.91,5018.01,5493.47,1961.90,7209.62,6669.21,6263.61
334,576.34,4885.41,5261.82,1872.94,6945.38,6363.49,6363.49
335,578.58,4219.75,4710.78,1572.07,5989.89,6307.35,6062.31
336,580.85,3938.09,4198.44,1690.03,5685.38,6956.85,6956.85
337,583.14,4335.91,4752.17,1506.86,6300.51,6797.40,6797.40
338,585.42,4233.08,4368.82,2744.58,5601.22,6539.60,6332.92
339,587.66,4096.85,4357.76,2199.22,5446.91,6447.55,6210.42
340,589.92,4639.27,5123.16,1978.99,6396.74,6619.07,6619.07
341,592.17,4222.13,4366.96,2091.53,5935.73,6737.89,6737.89
342,594.51,4823.89,5068.34,2130.05,6994.10,6839.29,6839.29
343,596.84,4262.75,4648.14,1997.16,5881.02,6940.79,6683.51
344,599.28,4705.97,4947.46,2762.17,6247.77,6743.88,6291.13
345,601.53,4412.80,4662.29,2498.33,5697.46,6763.40,6683.92
346,603.83,4298.32,4670.35,2321.11,5878.48,6756.16,6756.16
347,606.06,4211.65,4619.79,1840.46,5982.44,6385.60,6121.32
348,608.38,4630.19,5014.12,1527.71,6900.26,6890.70,6890.70
349,610.58,4201.18,4609.12,1879.65,5614.07,6088.27,6047.73
350,612.72,3507.95,3730.30,1268.41,5154.46,6150.07,6150.07
351,614.92,4377.24,4777.44,1440.55,6398.02,6536.67,6376.05
352,617.10,3774.21,3984.94,1468.00,5381.91,6296.73,6212.54
353,619.37,4293.07,4779.75,1519.41,5870.96,6489.62,6489.62
354,621.62,4189.68,4477.01,1581.40,6030.81,6600.99,6138.51
355,623.85,4486.72,4687.41,2260.56,6289.60,6405.59,6405.59
356,626.08,4364.44,4601.65,1767.18,6419.40,6356.57,5854.57
357,628.31,4335.72,4557.62,2346.80,5963.10,6170.45,5887.57
358,630.57,4333.99,4677.35,2268.34,5679.89,6668.41,5911.99
359,632.90,4710.99,5104.17,1750.48,6519.28,6113.63,5761.06
360,635.31,5196.96,5424.80,3222.05,6785.33,6585.72,6196.56
361,637.62,4642.54,4888.26,2794.77,5984.54,6555.46,6371.73
362,639.94,4817.40,5117.83,2658.42,6484.59,6688.43,6688.43
363,642.21,4287.10,4626.10,2188.51,5669.84,6430.08,6430.08
364,644.42,3962.47,4148.88,2339.40,5322.36,6377.30,6167.69
365,646.70,4384.27,4766.38,2329.40,5662.67,6279.75,6249.07
366,649.14,4529.86,4865.46,2665.73,5792.16,6886.07,6886.07
367,651.52,4825.10,5005.60,3541.97,5973.78,6600.27,6266.44
368,653.74,4559.54,4799.57,2516.92,5906.07,6360.84,5910.81
369,656.09,5192.98,5589.07,3255.34,6745.95,6706.74,6017.16
370,658.43,4176.39,4229.19,2311.26,5851.23,6770.31,6237.59
371,660.76,4509.20,4667.97,2914.24,5822.64,6712.65,6487.87
372,663.14,4985.44,5285.04,3024.43,6668.67,6557.24,6557.24
373,665.49,4875.45,5149.36,2599.73,6448.02,6391.37,6158.35
374,667.98,5500.02,5749.85,3614.06,6861.11,6630.72,6380.54
375,670.25,4436.65,4603.69,3211.06,5584.80,6201.37,5960.79
376,672.62,4574.43,4734.44,3070.76,6011.25,6487.61,6487.61
377,675.07,5181.61,5335.55,3373.32,6597.55,6474.66,5876.26
378,677.56,5519.10,5912.29,2369.66,7601.58,6792.97,6542.40
379,679.91,4729.56,4907.75,2743.40,6316.71,6356.29,6209.00
380,682.25,4586.59,4866.70,2491.09,5862.12,6038.09,5805.33
381,684.53,4598.87,4855.38,1920.09,6622.68,6256.60,6059.79
382,686.83,4909.42,5247.15,2641.21,6597.67,6499.66,6267.19
383,689.10,4455.66,4743.79,2658.17,5727.92,6525.48,6525.48
384,691.52,4900.34,5364.17,2470.28,6724.13,6886.13,6704.45
385,693.77,4507.21,4843.10,2481.31,5936.56,6479.47,6370.53
386,696.06,4700.19,5170.49,2068.12,6310.15,6902.59,6158.72
387,698.31,4502.64,4862.78,2170.00,6078.29,6164.46,6000.72
388,700.71,5056.27,5263.76,3046.70,6729.67,6574.73,5993.06
389,702.94,4087.74,4185.92,2625.42,5543.30,6541.00,6541.00
390,705.35,5647.00,5863.37,3181.66,7256.02,6603.01,6222.21
391,707.83,5468.07,5753.90,3128.69,7182.49,6504.19,5909.35
392,710.19,4932.71,5141.78,3133.13,6309.40,6676.46,6676.46
393,712.62,5409.90,5631.69,3510.76,6913.77,6749.46,6749.46
394,715.00,4622.75,4886.69,2897.51,6101.70,6789.94,6789.94
395,717.52,5184.59,5429.32,3523.48,6703.18,6927.91,6770.02
396,720.00,5506.76,5731.32,2839.31,7599.17,6692.03,6352.62
397,722.49,5530.99,5666.27,3630.42,7129.19,6769.40,6473.32
398,724.97,4968.70,5162.09,3213.69,6469.44,6567.37,6096.00
399,727.55,5570.71,5784.90,3333.75,7345.43,6970.70,6839.20
400,729.95,4336.27,4531.69,2786.96,5613.64,6808.54,6475.48
401,732.31,4473.94,4630.83,2505.11,6372.29,6613.58,6398.57
402,734.81,5165.54,5341.16,2519.19,7283.20,7138.05,7138.05
403,737.10,4336.80,4622.55,2830.43,5322.38,6417.21,6415.62
404,739.49,4901.55,5143.13,2802.47,6495.65,6462.09,6462.09
405,741.71,4225.58,4442.72,2633.47,5644.88,6450.67,6450.67
406,744.16,4882.19,5353.29,2148.31,6706.35,6868.16,6398.36
407,746.55,5157.76,5374.10,3192.26,6777.10,6573.25,6557.88
408,748.88,4562.80,4779.98,2620.67,6172.64,7000.90,6735.37
409,751.24,4011.85,3997.79,2508.48,5482.94,6427.95,6121.59
410,753.71,5351.35,5458.12,3242.60,7176.98,6421.99,6308.80
411,756.12,4701.58,4816.21,3083.68,6276.59,6644.47,6130.12
412,758.50,5442.18,5842.13,3142.59,7175.54,7009.99,6753.49
413,760.96,5137.08,5380.12,2828.84,6979.89,7574.62,7155.89
414,763.50,5217.21,5453.32,3028.76,6754.54,7150.94,6612.74
415,766.05,5335.40,5661.20,2843.81,7098.15,6485.14,6398.71
416,768.63,5453.83,5642.99,3652.05,6950.13,7105.36,6398.99
417,771.00,4466.33,4704.60,2545.13,5830.82,6569.92,6287.00
418,773.50,5070.56,5191.54,2689.17,7094.94,7035.25,6776.56
419,776.01,5434.67,5854.30,2787.68,7257.58,6800.73,6260.61
420,778.39,4915.77,5242.95,3004.98,6474.48,6598.79,6393.18
421,780.84,5456.10,5753.50,3106.53,7264.08,7043.54,6596.86
422,783.27,5009.33,5029.67,3347.83,6721.13,7012.59,6440.94
423,785.62,5024.72,5146.58,3183.37,6648.02,7016.47,6206.11
424,787.92,4216.77,4296.38,3190.03,5442.57,6447.87,6061.13
425,790.31,4352.00,4456.90,2541.65,5890.29,6666.46,6305.32
426,792.64,4899.54,5195.58,3175.26,6170.40,6803.46,6800.21
427,795.07,4807.40,4970.07,3025.49,6345.02,7300.80,7032.85
428,797.51,4529.01,4533.08,2882.83,5872.41,6791.63,6347.58
429,799.96,4689.85,4841.58,2667.09,6163.87,7266.23,6969.65
430,802.32,4620.36,4930.17,2585.75,6205.26,6864.95,6864.95
431,804.79,5283.99,5707.67,3122.93,6625.87,7145.30,6474.53
432,807.19,5037.46,5296.70,3361.68,6366.33,6779.97,6696.60
433,809.71,5125.17,5454.25,2705.84,7032.05,7197.90,6908.77
434,812.10,4471.83,4748.31,2091.69,6079.25,7011.42,6728.47
435,814.43,4592.89,4797.06,3315.11,5813.82,6553.34,6178.72
436,816.85,5058.31,5230.77,2831.34,6977.93,7170.05,7055.96
437,819.37,5414.79,5661.24,3479.14,6923.11,6648.65,6341.28
438,821.85,5245.88,5506.44,3240.08,6676.22,6286.80,5925.63
439,824.28,4760.10,5072.29,3038.27,6201.38,6266.58,6266.58
440,826.62,3963.75,3992.00,2718.20,5147.60,6430.17,6266.30
441,828.97,4851.87,4979.91,3588.32,6056.94,6745.63,6332.58
442,831.38,5174.35,5286.15,3352.56,6704.27,6796.18,6796.18
443,833.82,4964.21,5123.35,3117.98,6578.47,6748.26,6419.47
444,836.15,4721.36,4894.20,3068.78,6006.03,6508.85,6243.95
445,838.60,5274.38,5345.59,3318.33,6862.31,6660.62,6649.90
446,841.05,5264.09,5426.11,3563.78,6902.58,6418.72,6418.72
447,843.29,4434.52,4786.68,1769.88,6317.95,6372.13,6372.13
448,845.54,4535.14,4814.56,2326.00,5976.63,6521.72,6001.87
449,847.98,5136.31,5572.14,2852.72,6581.07,6607.05,5916.00
450,850.18,4089.75,4270.48,2155.16,5440.95,6769.65,6590.64
451,852.48,4260.65,4339.52,2730.90,5825.40,6588.00,6327.80
452,854.88,4619.42,4881.47,1874.48,6460.44,6613.73,6005.72
453,857.28,4994.90,5333.79,2785.62,6608.24,7015.21,7015.21
454,859.66,4892.72,5095.94,2568.32,6483.24,6522.76,6089.80
455,861.86,3885.30,4092.50,1981.77,5377.76,7049.15,7049.15
456,864.20,4918.65,5251.64,2758.83,6461.26,6490.27,6202.33
457,866.53,5214.31,5676.17,2126.48,7288.25,6798.68,6158.21
458,868.87,4826.92,5095.76,2985.98,6427.43,6455.28,5717.75
459,871.36,5812.32,6127.85,3160.57,7819.84,6691.30,6348.71
460,873.87,4984.98,5228.99,3000.25,6478.80,7162.66,7162.66
461,876.24,4712.44,4759.62,3275.98,5850.37,7009.61,6225.77
462,878.69,5410.56,5650.92,3534.94,6798.62,6905.78,6433.82
463,881.06,4639.04,4961.51,2816.03,5994.70,6643.79,6479.07
464,883.48,4462.02,4563.35,2913.09,5949.44,6979.50,6819.52
465,885.83,4257.16,4456.03,2363.35,5618.15,6800.99,6800.99
466,888.23,4534.27,4641.75,3164.34,5768.94,6653.19,6613.21
467,890.59,5225.64,5522.41,2967.09,6847.19,6722.31,6722.31
468,893.05,5510.98,5800.16,2915.79,7257.30,6823.15,6823.15
469,895.41,4414.40,4669.69,2860.68,5701.86,6876.93,6876.93
470,897.85,5129.39,5409.37,2838.62,6892.90,6716.69,6631.74
471,900.29,4910.94,5244.09,2626.16,6468.33,6906.26,6326.06
472,902.75,4812.32,5251.18,2070.40,6660.40,7168.48,6572.18
473,905.15,4856.24,4989.07,3305.28,6436.99,6959.70,6830.57
474,907.68,5357.03,5662.69,3069.62,7199.44,6903.39,6903.39
475,910.21,5361.38,5573.22,3551.36,7069.60,6632.81,6056.38
476,912.66,4692.73,4938.59,2887.46,6186.29,7268.94,7268.94
477,914.97,4045.16,4263.78,2313.64,5271.74,6700.65,6498.67
478,917.45,5490.88,5813.04,3354.96,7279.38,7052.30,6414.19
479,920.04,5306.66,5616.57,3176.80,6826.50,7134.42,7134.42
480,922.52,5755.87,6177.97,3602.54,7204.69,6622.85,6346.10
481,924.94,4670.62,4913.09,2775.72,6182.08,7385.06,7024.32
482,927.43,5124.84,5455.25,3395.55,6604.30,6947.90,6947.90
483,929.72,4571.13,4753.06,2996.89,5896.20,6761.15,6479.89
484,932.19,5154.18,5311.63,3648.85,6379.51,7000.85,7000.85
485,934.78,5159.28,5187.96,3602.44,6915.89,6985.02,6791.31
486,937.37,5594.92,6036.00,3103.11,7288.50,7052.72,6990.48
487,939.97,5638.04,5981.53,3356.04,7519.44,7429.75,6748.44
488,942.52,5347.95,5593.04,3676.50,6758.77,7542.31,7291.65
489,944.97,4553.09,4594.24,3220.18,5993.96,6569.56,6347.15
490,947.46,5304.13,5627.98,3519.24,6639.36,6698.56,6698.56
491,950.07,4853.41,4986.38,2966.54,6597.87,6783.50,6272.11
492,952.56,4984.87,5269.94,3097.88,6536.25,6741.01,6684.91
493,954.98,4740.62,5001.68,2652.83,6281.94,6979.22,6674.62
494,957.44,4636.46,4777.23,3306.28,5956.35,7562.63,7147.77
495,960.03,5439.00,5746.84,3277.50,6891.01,7149.88,6427.74
496,962.49,4535.40,4626.62,3001.21,5761.05,7127.16,7083.36
497,964.82,4120.30,4162.98,2953.18,5207.15,6888.09,6486.92
498,967.12,4215.89,4346.52,2671.97,5621.42,6812.93,6175.60
499,969.62,5355.66,5766.87,2174.18,7163.72,6507.41,5993.91
500,972.16,5623.76,5874.09,3913.31,7247.30,6465.37,6199.27
501,974.73,5791.70,5899.71,3771.21,7500.83,7065.45,6950.05
502,977.29,5161.39,5277.83,3617.31,6481.88,6784.68,6680.06
503,979.76,5184.36,5409.48,3690.44,6437.56,6898.07,6668.26
