# name=featBoth_2 generations=913 population=200 games=200 startFrom=None stage1Games=20 mutationRate=1.0 sigma=0.05 elites=3 keepPart=0.1 minStartHeight=0 maxStartHeight=None zeroFraction=0.0 steerSmoothing=0.5 stableSlots=(3,2,1,2,1,1) monsterFraction=0.0 monsterMult=1.0 fast=True actionRepeat=1
gen,elapsed_s,mean,median,p10,p90,best,chosen
1,1.14,224.28,218.28,164.03,295.87,296.81,254.78
2,1.79,232.36,231.56,193.91,276.11,330.70,282.03
3,2.41,231.43,237.52,174.13,271.22,302.95,277.88
4,2.99,237.11,233.91,179.50,299.22,315.02,311.61
5,3.56,248.54,254.05,191.61,292.37,312.94,248.76
6,4.16,254.58,255.18,197.16,313.39,302.67,283.86
7,4.78,241.06,239.41,197.10,283.74,357.40,357.40
8,5.37,236.60,229.47,186.86,301.14,368.27,318.39
9,5.94,216.32,206.89,180.05,266.48,366.77,364.10
10,6.54,245.62,239.79,187.28,307.87,412.69,343.07
11,7.14,271.66,247.88,190.41,390.15,420.82,390.55
12,7.74,273.20,255.46,177.34,392.95,529.38,529.38
13,8.34,264.78,250.80,189.54,359.56,523.22,514.64
14,8.95,276.17,259.34,195.14,390.18,545.95,477.76
15,9.56,279.35,225.20,172.26,459.90,606.18,562.83
16,10.17,290.20,238.34,152.98,499.63,658.53,658.53
17,10.78,271.04,258.44,172.69,383.35,689.27,689.27
18,11.42,313.85,269.60,145.07,520.62,793.32,704.89
19,12.07,323.83,257.14,184.62,553.73,811.17,767.32
20,12.73,337.22,234.08,159.35,650.84,875.68,817.71
21,13.39,343.89,289.34,171.90,599.70,857.92,847.49
22,14.13,429.67,333.99,182.05,796.96,1293.60,1293.60
23,14.87,462.70,343.38,171.54,895.66,1408.48,1408.48
24,15.64,476.28,360.51,163.93,897.31,1324.87,1324.87
25,16.41,470.77,395.71,180.23,876.83,1356.67,1296.52
26,17.22,450.13,337.32,182.51,881.08,1407.29,1407.29
27,18.04,507.19,361.42,184.41,1019.70,1422.77,1320.75
28,18.86,511.08,408.13,167.66,1003.73,1475.27,1475.27
29,19.71,582.77,517.36,190.07,1086.24,1394.98,1376.16
30,20.53,572.96,400.45,169.32,1226.05,1559.93,1559.93
31,21.39,645.63,529.78,187.37,1277.05,1619.02,1530.45
32,22.23,570.14,456.51,164.11,1231.42,1678.89,1678.89
33,23.11,701.15,569.23,167.89,1327.30,1722.32,1635.70
34,24.05,679.32,532.76,185.75,1361.28,1767.27,1767.27
35,24.99,662.09,483.36,190.90,1330.66,1828.56,1740.35
36,25.90,729.82,555.89,169.56,1520.17,2275.28,2034.13
37,26.86,783.32,675.06,145.77,1570.11,2065.32,2065.32
38,27.81,721.16,620.53,195.01,1378.89,2186.08,2186.08
39,28.81,773.22,676.27,166.90,1561.79,2093.82,2079.72
40,29.88,744.84,586.18,147.97,1515.55,2155.66,1985.60
41,30.93,832.01,675.74,183.90,1582.57,2392.85,2163.40
42,32.00,941.69,806.35,196.85,1795.84,2184.17,2179.28
43,33.10,888.30,677.29,197.46,1868.42,2430.77,2430.77
44,34.28,1069.62,860.03,198.26,2145.05,2533.52,2455.18
45,35.44,994.98,935.40,178.10,1946.88,2508.34,2435.00
46,36.68,1116.72,1108.77,192.54,2008.47,2649.07,2649.07
47,37.93,1012.94,863.61,176.10,2189.32,3038.87,3038.87
48,39.31,1202.23,1050.08,192.40,2545.87,3311.48,3311.48
49,40.68,1208.64,1134.41,219.99,2316.91,3213.00,3028.95
50,42.00,1123.66,1024.25,190.35,2227.95,3041.39,3041.39
51,43.36,1227.02,1253.39,204.39,2324.86,3028.38,3028.38
52,44.82,1360.60,1262.03,262.58,2528.91,3425.29,3425.29
53,46.29,1436.96,1417.80,215.80,2721.58,3167.52,3167.52
54,47.55,913.96,781.23,193.53,1750.09,3233.03,3075.26
55,48.81,1071.37,1030.96,199.95,1971.17,2978.40,2978.40
56,50.26,1437.98,1269.14,204.39,2846.57,3539.02,3539.02
57,51.68,1420.34,1363.25,188.87,2845.43,3482.92,3482.92
58,53.13,1465.50,1567.93,238.05,2664.43,3010.08,2904.25
59,54.61,1384.75,1192.66,237.71,2759.21,3417.20,3417.20
60,56.14,1512.95,1431.65,261.54,3014.69,4018.36,4018.36
61,57.69,1541.52,1305.31,264.95,3151.53,4030.75,4030.75
62,59.24,1396.10,1149.94,242.68,2872.29,3690.53,3690.53
63,60.85,1775.63,1768.47,227.47,3337.47,3784.91,3784.91
64,62.44,1560.05,1462.71,179.46,3122.99,3728.01,3728.01
65,63.95,1545.03,1523.31,281.59,2868.69,3580.79,3580.79
66,65.50,1303.08,1237.51,293.58,2371.92,3754.87,3754.87
67,67.09,1616.36,1516.75,326.88,3028.59,3524.33,3405.38
68,68.67,1392.90,1417.21,213.30,2587.13,3799.18,3686.45
69,70.23,1488.17,1244.73,206.44,3155.98,3733.74,3733.74
70,71.74,1310.73,1230.44,248.10,2568.40,3573.62,3573.62
71,73.41,1488.39,1496.26,257.35,2893.52,3789.90,3789.90
72,75.04,1481.68,1448.06,238.50,2785.18,3750.29,3747.46
73,76.66,1480.23,1460.58,223.95,2833.45,3901.06,3901.06
74,78.27,1551.49,1503.51,284.12,3009.38,3772.00,3772.00
75,79.80,1385.31,1098.33,223.93,2873.98,3526.12,3475.60
76,81.34,1421.72,1215.33,203.48,3021.57,3639.80,3639.80
77,82.98,1538.25,1401.18,230.94,3051.40,3984.71,3984.71
78,84.59,1528.35,1559.27,300.50,2695.20,4027.52,4027.52
79,86.27,1856.84,1902.05,229.02,3446.88,3738.21,3693.35
80,87.93,1659.39,1539.73,278.74,3137.86,3894.93,3894.93
81,89.57,1703.53,1638.36,360.95,3152.51,3854.11,3854.11
82,91.15,1471.65,1264.80,365.01,2850.16,3786.31,3691.26
83,92.81,1587.21,1436.21,278.23,3158.66,3587.18,3463.44
84,94.46,1662.54,1636.15,248.79,3191.75,3907.61,3907.61
85,96.13,1795.50,1842.48,289.00,3346.96,3649.44,3649.44
86,97.84,1694.43,1686.08,331.35,3027.04,3776.28,3776.28
87,99.63,1901.61,1966.70,345.94,3441.68,4091.43,4091.43
88,101.50,1904.35,2063.59,395.36,3358.64,3890.42,3890.42
89,103.28,1872.33,1934.39,334.94,3289.57,4191.94,4191.94
90,105.06,1833.25,1935.81,296.34,3296.10,4150.71,4074.95
91,106.76,1853.54,1746.16,273.53,3529.60,4374.37,4374.37
92,108.49,1828.24,1958.26,298.41,3285.38,4222.42,4222.42
93,110.21,1691.24,1624.15,285.09,3339.51,4363.87,4363.87
94,112.05,1975.57,2003.56,327.13,3801.38,4070.64,4070.64
95,113.93,1859.16,2006.28,374.32,3093.40,4514.66,4514.66
96,115.77,1911.96,1778.72,377.42,3574.62,4563.00,4563.00
97,117.63,2102.85,2171.21,403.88,3701.94,4265.72,4176.26
98,119.61,2297.05,2537.70,415.52,3962.44,4317.80,4317.80
99,121.47,1938.90,1954.16,379.50,3435.43,5046.88,5046.88
100,123.48,2327.31,2352.69,356.52,4051.71,4860.98,4860.98
101,125.43,2114.88,2241.89,304.44,3608.90,4604.92,4425.24
102,127.36,2069.90,2151.20,525.47,3642.71,4392.44,4392.44
103,129.36,2286.06,2437.42,594.12,3720.81,4657.32,4657.32
104,131.18,2170.62,2123.42,433.04,3889.98,4032.79,3855.45
105,133.19,2337.05,2372.27,460.71,4005.93,4524.17,4524.17
106,135.04,2123.75,2326.41,405.65,3387.16,4135.10,4135.10
107,136.94,2322.60,2479.06,465.22,4076.20,4476.40,4334.88
108,138.94,2095.71,2101.33,526.00,3589.05,4404.96,4343.48
109,140.86,2210.22,2327.92,537.95,3770.03,4274.01,4096.29
110,142.77,2144.18,2050.33,348.21,4100.97,4401.38,4271.16
111,144.74,2441.69,2590.63,438.69,4007.96,4422.02,4422.02
112,146.77,2332.46,2395.87,565.43,4024.60,4825.02,4825.02
113,148.78,2357.97,2355.93,407.57,4157.94,4327.04,4249.06
114,150.85,2654.34,2773.24,682.40,4194.70,4561.12,4561.12
115,152.94,2789.30,2940.26,882.25,4254.62,4594.04,4450.88
116,155.13,2910.32,3040.31,777.39,4500.24,4380.95,4380.95
117,157.32,2992.30,3254.85,879.12,4757.59,4548.35,4506.02
118,159.47,2721.24,3033.38,744.54,4179.24,4666.32,4547.03
119,161.70,2615.50,2850.87,602.00,4159.21,4853.36,4853.36
120,163.83,2585.08,2821.90,566.21,4209.11,4540.87,4540.87
121,166.02,2570.34,2912.78,449.13,4190.07,5508.08,5508.08
122,168.22,2787.52,3088.56,662.25,4420.17,4942.43,4646.86
123,170.43,2340.51,2454.51,635.88,3872.98,5272.59,5272.59
124,172.48,2390.70,2424.06,428.60,4235.83,4632.07,4632.07
125,174.56,2399.65,2468.86,450.85,4307.18,4828.02,4828.02
126,176.70,2465.15,2635.25,580.39,4048.01,5291.20,5291.20
127,178.79,2507.07,2574.74,502.02,4174.88,4796.98,4305.26
128,180.98,2769.55,2854.73,475.39,4550.89,4958.48,4958.48
129,183.14,2825.05,3140.05,680.42,4518.46,4946.82,4946.82
130,185.26,2524.85,2742.37,547.42,3980.55,5013.53,5013.53
131,187.28,2277.97,2374.75,438.45,3679.06,4700.53,4675.96
132,189.35,2238.12,2267.47,389.57,4063.94,5392.47,5392.47
133,191.54,2416.67,2704.68,430.76,3869.53,5140.31,5140.31
134,193.86,2850.82,2990.40,657.74,4742.14,5725.41,5725.41
135,196.23,3040.01,3250.22,581.80,5217.66,5361.16,5361.16
136,198.72,3058.72,3349.79,792.56,4766.06,5429.18,5429.18
137,201.09,2841.18,3032.39,429.24,4854.92,4937.76,4754.92
138,203.39,2665.95,2794.96,517.25,4608.16,5367.86,5367.86
139,205.80,2837.42,3033.23,704.80,4337.03,5136.70,5049.92
140,208.24,2931.06,3104.01,845.24,4642.64,5336.93,5010.99
141,210.75,2889.34,3257.25,589.76,4553.59,5376.56,4998.60
142,213.78,3151.58,3522.75,580.21,5095.95,5614.28,5614.28
143,216.08,2532.97,2700.31,470.59,4228.23,5288.72,5196.84
144,218.61,2888.57,3074.57,496.23,4744.11,5695.15,5558.78
145,221.17,3224.87,3672.74,674.65,5109.77,5604.37,5478.65
146,223.69,2935.38,3282.99,590.71,4661.22,5890.02,5890.02
147,226.24,3283.34,3638.09,912.26,4902.09,5774.30,5774.30
148,228.72,3104.57,3412.17,844.99,4773.97,5740.05,5740.05
149,231.29,3228.83,3317.96,990.57,5145.86,5768.34,5539.60
150,233.78,2768.27,2991.52,690.45,4318.86,6059.74,5708.85
151,236.44,3478.95,3807.12,1342.76,5358.23,6042.16,5872.39
152,239.12,3375.97,3599.23,708.64,5307.78,5881.41,5881.41
153,241.92,3965.71,4225.01,1578.27,5955.99,5932.86,5932.86
154,244.56,3466.10,3812.82,808.87,5408.18,5988.66,5917.74
155,247.02,3490.49,3852.77,1238.38,5112.09,5606.18,5606.18
156,249.60,3640.56,4048.42,1137.76,5272.51,5977.49,5611.52
157,252.21,3226.29,3529.40,979.73,4735.42,6288.31,5915.27
158,254.83,3395.89,3872.35,618.85,5266.97,5908.66,5908.66
159,257.39,3407.06,3689.60,704.93,5522.00,5488.04,5318.62
160,259.89,2887.86,3293.82,530.93,4424.83,5853.96,5775.35
161,262.41,3163.90,3475.86,628.62,5020.20,6016.08,6016.08
162,265.05,3177.18,3380.50,638.72,5098.27,6429.58,6429.58
163,267.69,3903.02,4328.94,596.38,6125.85,5711.19,5351.82
164,270.20,3214.40,3559.04,736.36,4768.87,5888.53,5888.53
165,272.63,2965.92,3286.39,759.14,4486.25,5774.44,5704.89
166,275.27,4038.79,4320.44,767.09,6373.28,6302.66,6302.66
167,277.86,3487.45,3690.50,678.47,5721.82,6825.66,6825.66
168,280.42,3480.65,3962.49,512.61,5962.99,6588.17,6588.17
169,283.07,3790.77,4202.54,831.09,5895.21,6398.85,6308.79
170,285.70,3267.94,3479.76,577.84,5620.47,6200.38,5819.58
171,288.34,3349.29,3567.08,1245.51,4865.02,5852.42,5852.42
172,290.86,3229.98,3576.93,863.55,4892.70,6142.56,6142.56
173,293.54,3520.18,3721.15,950.86,5432.16,6757.00,6757.00
174,296.24,4165.31,4467.89,887.05,6455.74,5998.39,5906.34
175,298.77,3214.24,3580.87,604.38,5070.68,6379.83,6379.83
176,301.45,3607.28,3873.39,1180.87,5624.40,6641.30,6437.83
177,303.99,3601.87,4036.81,779.42,5456.61,6021.46,5749.59
178,306.69,3173.94,3399.99,494.00,5242.67,6451.25,6312.97
179,309.40,3930.07,4103.45,1100.60,6120.03,6097.49,6074.63
180,312.11,3607.40,4049.20,822.43,5373.69,6321.95,5964.90
181,314.70,3649.49,3940.98,1166.93,5511.43,5730.18,5660.66
182,317.21,3538.93,3994.77,1264.98,5085.23,5984.57,5445.25
183,319.91,3566.84,3865.62,1257.30,5133.34,6142.70,6142.70
184,322.50,3444.16,3627.39,1200.83,5014.72,5976.65,5976.65
185,324.96,3305.24,3794.27,998.33,4650.42,5635.15,5387.03
186,327.58,3666.24,3923.42,1352.55,5494.44,5750.05,5559.44
187,330.25,3234.09,3546.55,994.89,4823.80,5896.75,5741.75
188,332.91,3695.00,4122.87,1202.30,5528.50,6455.07,6455.07
189,335.39,3141.94,3393.29,1150.16,4606.59,5851.54,5428.95
190,337.99,4035.53,4443.80,998.69,6263.02,5734.29,5734.29
191,340.63,4048.25,4557.03,618.77,6162.69,5990.90,5990.90
192,343.24,3707.74,4043.32,1141.82,5737.36,5825.55,5463.67
193,345.80,3351.46,3509.01,1176.74,4858.29,6066.82,6066.82
194,348.33,3834.39,4229.40,800.53,6057.29,5873.09,5851.77
195,351.09,3914.00,4053.37,1747.65,6001.34,6249.12,6249.12
196,353.75,3585.08,3841.28,843.19,5720.29,7195.20,7195.20
197,356.47,3973.40,4331.72,1143.85,6133.77,6499.51,6131.50
198,359.06,2914.41,2923.64,1064.84,4620.92,6658.83,6574.29
199,361.78,3912.48,4287.25,1145.00,5921.44,6615.32,6615.32
200,364.63,3918.03,4179.05,1209.54,6194.32,6683.45,6504.31
201,367.48,3871.95,4167.22,1079.51,5974.11,6599.07,6498.01
202,370.24,3928.51,4107.52,1563.65,5827.48,6212.27,6154.44
203,373.05,4419.10,4686.47,1771.26,6594.30,6477.54,6477.54
204,375.68,3657.66,3983.89,1104.58,5603.40,6499.24,6140.89
205,378.47,3976.82,4305.83,1607.06,5893.20,6527.15,6249.50
206,381.11,3492.42,3759.85,1198.02,5075.14,6630.33,6630.33
207,383.76,3731.39,3860.21,1371.59,5510.14,6270.50,5945.93
208,386.54,3916.27,4204.91,1823.61,5723.82,6360.84,6215.58
209,389.41,4084.93,4340.19,1376.92,6385.54,6333.73,6333.73
210,392.14,3755.50,4156.45,762.69,5649.09,6423.42,6316.80
211,395.01,4153.49,4187.49,943.42,7010.39,7013.48,6470.67
212,397.87,4438.15,4961.09,1161.76,6722.02,6812.01,6812.01
213,400.73,4203.06,4450.29,1374.99,6364.64,6588.42,6588.42
214,403.49,4014.46,4335.56,1624.05,5853.19,6312.26,6312.26
215,406.17,3520.37,3764.99,767.01,5508.33,6119.71,6119.71
216,408.83,3568.99,3656.41,851.36,5731.76,6317.17,6317.17
217,411.54,4203.90,4602.79,1881.27,6219.60,6412.11,6276.12
218,414.28,3921.75,4077.13,1578.10,5796.96,6630.37,6065.67
219,417.07,3983.95,4139.34,1444.10,6111.57,6148.98,6148.98
220,419.78,3754.90,4091.60,1554.08,5447.69,6444.60,6161.44
221,422.45,3788.27,3978.19,1593.93,5375.34,5982.75,5982.75
222,425.20,4142.89,4471.56,1119.35,6068.01,5860.32,5668.84
223,427.97,3893.65,4302.25,1191.70,6008.52,6409.51,6137.82
224,430.65,3884.66,4219.58,939.89,5886.88,6255.41,6054.03
225,433.37,3839.53,4086.75,1125.72,5503.69,6252.46,6252.46
226,436.19,4396.42,4628.45,1815.23,6668.51,6614.08,6614.08
227,439.02,4293.41,4559.44,1001.66,6701.57,6403.67,6364.15
228,441.67,3624.79,3970.67,702.24,6039.55,6403.88,6403.88
229,444.35,3681.89,4017.77,1199.11,5396.76,6486.55,6486.55
230,446.94,3679.77,3980.43,860.40,5594.94,6304.58,6057.60
231,449.56,3376.41,3752.97,736.97,5229.00,6642.85,6642.85
232,452.27,4087.20,4342.81,971.46,6418.50,6284.30,6123.93
233,454.96,3598.08,3837.75,760.91,5613.65,6465.18,6208.84
234,457.64,3807.54,4202.46,456.17,6180.92,6052.58,6036.20
235,460.29,3946.34,4387.84,708.12,5994.24,6163.89,6163.89
236,463.02,3825.71,4112.06,1304.24,5827.23,6257.64,6017.76
237,465.67,3475.39,3887.04,844.32,5211.51,6246.52,5957.55
238,468.28,3719.00,4112.05,850.47,5976.50,6375.90,6375.90
239,470.86,3742.46,4436.57,618.56,6080.17,6000.68,6000.68
240,473.42,3544.50,3744.65,504.90,6309.04,6160.57,5796.01
241,475.98,3282.75,3577.03,778.34,4934.39,6159.03,5999.20
242,478.58,3508.14,3719.40,1298.28,5404.12,6182.40,6182.40
243,481.28,3883.18,4179.33,1752.51,5527.67,6112.85,5558.54
244,484.08,4012.56,4342.03,1267.48,6276.63,6719.07,6287.15
245,486.78,4223.69,4618.95,1880.69,5963.21,6027.56,5725.15
246,489.44,3804.26,4118.06,1012.14,5808.62,6089.16,6018.33
247,492.26,4300.00,4736.27,935.66,6474.41,6206.72,5826.30
248,494.97,3744.12,4041.67,1768.74,5369.80,6158.71,5789.05
249,497.70,4262.33,4491.07,1695.36,6355.33,6009.39,5979.52
250,500.41,3946.68,4095.84,1486.55,5947.99,6214.83,6094.31
251,503.16,3779.33,4009.60,1389.02,5687.21,6027.94,5814.13
252,505.89,3959.45,4378.20,953.13,5629.20,6401.79,6102.05
253,508.59,4043.49,4349.44,1327.28,6035.49,5966.27,5685.39
254,511.35,3755.82,4068.00,878.75,5645.17,6411.82,6411.82
255,513.95,3327.26,3674.61,623.38,5118.43,6185.40,5454.11
256,516.69,4145.34,4595.46,777.82,6417.83,5990.38,5653.14
257,519.53,4655.95,4952.48,1839.49,6767.97,6438.98,6257.44
258,522.16,3374.77,3600.62,1022.87,4958.50,6359.76,6359.76
259,524.87,3697.26,4013.43,1497.54,5472.24,6263.54,6263.54
260,527.60,4045.77,4455.46,1504.21,5969.28,6157.11,6042.56
261,530.34,4097.80,4399.92,1688.09,6193.07,6190.78,5683.98
262,533.13,4133.29,4722.19,1141.17,5968.81,6510.22,6479.45
263,535.85,3776.95,4118.26,730.22,6187.97,6424.10,6149.89
264,538.66,4447.66,5015.35,1061.58,6459.62,6653.03,6653.03
265,541.43,3814.88,4096.91,1153.58,5728.29,6327.85,6225.56
266,544.40,4343.44,4674.78,1579.68,6359.38,6328.72,6102.11
267,547.20,4093.30,4479.06,1081.03,6275.47,6808.55,6808.55
268,550.09,4856.44,5277.62,1269.44,7650.72,6476.87,6358.13
269,552.72,3516.71,3714.23,1212.52,5206.39,6003.35,5933.51
270,555.59,4465.24,4916.68,1457.43,6639.39,6285.21,6279.63
271,558.35,4151.03,4589.38,1402.31,5917.93,6028.49,5555.58
272,561.05,3890.46,4291.23,760.82,6130.14,6131.84,5739.35
273,563.72,3827.07,4281.00,612.56,5785.46,5999.33,5935.47
274,566.28,3574.58,3929.65,987.95,5259.75,6182.03,6182.03
275,568.90,3947.97,4246.05,1192.03,6289.77,6106.51,6018.97
276,571.40,3219.00,3402.46,996.03,4942.39,6238.57,6238.57
277,574.05,3709.69,4129.61,824.23,5782.17,6063.22,5930.00
278,576.67,3565.28,3872.60,755.66,5496.69,5943.36,5805.00
279,579.24,3412.75,3736.40,494.81,5209.24,6061.34,5900.36
280,582.05,4263.69,4703.53,1440.53,6001.35,6179.18,5841.77
281,584.75,3852.09,4373.62,1221.51,5325.88,6222.97,6040.29
282,587.48,4216.66,4704.84,1181.32,6268.82,6243.29,6227.56
283,590.26,3970.91,4179.50,1591.27,6177.57,6208.73,6174.54
284,592.93,3837.48,4282.66,1309.05,5446.46,5796.17,5705.62
285,595.67,3916.47,4204.47,1011.16,6060.34,6154.04,6154.04
286,598.41,4106.32,4391.08,1760.27,6035.39,6244.89,6244.89
287,601.08,3483.60,3757.74,1368.90,4931.75,5837.06,5502.87
288,603.73,4110.84,4391.70,1596.86,6187.12,6105.01,6034.88
289,606.49,3969.15,4149.58,1402.88,5934.26,6217.87,5934.77
290,609.15,3705.34,4009.78,1401.53,5567.83,5999.75,5872.94
291,611.88,3688.63,3871.21,1415.85,5621.36,6616.26,6145.90
292,614.63,3457.53,3734.25,1213.44,5209.23,6524.56,6478.02
293,617.19,3580.12,3940.75,1251.00,5517.42,6046.91,6046.91
294,619.94,4147.44,4581.12,1760.38,5747.64,6269.78,6196.47
295,622.75,4281.58,4707.76,1440.38,6137.32,6464.17,6161.60
296,625.67,4641.90,5189.53,1758.13,6736.06,6711.14,6711.14
297,628.53,4611.88,4940.81,2100.16,6587.20,6273.35,6164.84
298,631.38,4298.49,4597.01,2021.82,6108.87,6812.33,6577.44
299,634.22,4115.10,4499.07,1420.49,6036.28,6435.08,6144.72
300,637.13,4310.53,4728.05,2068.75,6099.61,6364.04,6214.86
301,640.07,4504.85,4986.10,1849.03,6394.45,6717.44,6388.45
302,642.95,4414.66,4758.94,1599.03,6437.83,6191.95,6191.95
303,645.86,4606.57,4912.63,2603.48,6219.14,6558.80,6558.80
304,648.81,4428.68,4587.94,2432.15,6113.04,6500.14,6476.01
305,651.59,4251.40,4783.10,1582.86,5864.44,6604.08,6364.39
306,654.43,4042.78,4337.09,1704.36,5873.96,6484.13,6484.13
307,657.21,4172.15,4649.97,1358.87,5858.88,6665.48,6354.75
308,660.03,4245.11,4610.02,1539.46,6151.70,6383.53,6343.53
309,662.78,4031.76,4302.17,1674.73,5748.37,6541.28,6541.28
310,665.65,4072.48,4487.68,1242.78,6051.38,6784.30,6678.88
311,668.39,4293.44,4469.42,1431.80,6347.28,6258.62,6258.62
312,671.18,4175.46,4618.52,1348.87,5928.74,6345.09,6345.09
313,673.98,4210.15,4679.70,1249.76,6222.61,6519.98,6519.98
314,676.80,4057.00,4376.36,1399.67,5743.10,6493.34,6403.47
315,679.63,4072.00,4484.52,726.96,6313.77,6681.81,6681.81
316,682.50,4331.01,4884.76,672.28,6541.72,6744.02,6744.02
317,685.43,4287.32,4804.22,2123.52,5798.28,6689.63,6452.90
318,688.32,4854.16,5219.94,2322.23,6479.65,6733.22,6181.25
319,691.25,4503.95,5009.30,1138.38,6514.82,6795.57,6770.62
320,694.23,4533.92,4890.21,2050.99,6591.06,6930.83,6688.12
321,697.20,4878.49,5528.28,1062.46,7123.42,6648.01,6648.01
322,700.17,4711.15,5200.91,1099.75,6994.45,6719.81,6719.81
323,703.22,4559.02,4883.76,1755.86,6459.29,6639.11,6482.96
324,706.03,4392.71,5050.26,870.80,6448.86,6732.60,6238.98
325,708.99,4187.06,4482.99,917.14,6541.87,6658.68,6658.68
326,712.06,4951.74,5458.58,2064.50,6881.46,7031.06,6983.83
327,714.95,4320.26,4819.08,1476.39,6181.24,6663.36,6663.36
328,717.94,5044.59,5619.53,1589.89,7093.03,7155.09,7155.09
329,721.04,4912.47,5245.54,1878.69,7140.50,6907.07,6907.07
330,724.01,4947.10,5437.52,1526.10,7228.26,6748.69,6748.69
331,726.86,4234.50,4755.62,1544.21,6094.42,6468.08,6468.08
332,729.70,4293.19,4608.08,1657.74,6419.22,6412.90,6395.15
333,732.48,3912.93,4193.53,1381.67,5887.34,6291.57,6291.57
334,735.36,4434.92,4806.70,1156.05,7029.28,6634.04,6619.99
335,738.10,3848.08,4227.76,1196.99,5527.64,6793.64,6793.64
336,740.96,4589.54,5205.73,799.14,6816.06,7035.81,6241.79
337,743.91,4290.19,4930.18,298.31,6884.47,7019.06,7019.06
338,746.85,4120.00,4362.81,1688.96,5987.88,6796.57,6603.39
339,749.68,3708.60,4068.52,693.42,5555.75,7098.51,6549.16
340,752.61,4443.28,4827.25,1678.37,6330.94,6527.43,6527.43
341,755.57,4337.25,4849.39,551.46,6740.98,6816.28,6816.28
342,758.40,4240.40,4720.97,987.40,6305.39,6716.80,6716.80
343,761.41,4837.65,5377.71,609.57,7380.10,6793.57,6484.64
344,764.33,4383.28,4748.09,694.05,6485.35,6442.01,6442.01
345,767.10,3888.47,4377.52,618.57,5996.60,6786.66,6786.66
346,769.89,3729.89,3981.85,1198.92,5755.96,6597.18,6597.18
347,772.75,4149.20,4590.60,347.08,6837.65,6749.77,6350.74
348,775.55,4299.51,5020.54,735.11,6523.15,6649.14,6649.14
349,778.26,3598.96,3968.27,927.14,5339.47,6251.91,6208.47
350,781.12,4265.69,4920.00,492.09,6496.97,6482.01,6482.01
351,783.86,4285.80,4916.27,1091.52,6062.65,6407.78,6300.72
352,786.75,4343.19,4743.44,1053.89,6417.99,6378.22,6296.38
353,789.52,4023.00,4525.85,1041.78,6109.24,7069.74,7069.74
354,792.34,3914.16,4255.17,1196.14,5521.21,6974.94,6276.85
355,795.10,4129.06,4632.02,810.25,6241.70,6370.36,6268.58
356,798.02,4571.46,5002.32,1597.10,6595.88,6672.11,6244.84
357,800.84,3947.88,4528.20,963.07,5616.26,6726.08,6587.43
358,803.82,4757.27,5306.83,849.89,6709.96,7052.84,7052.84
359,806.76,4186.79,4563.30,1304.05,6097.75,6673.69,6388.54
360,809.67,4230.76,4740.00,620.88,6404.91,7252.22,6530.30
361,812.59,4608.98,5203.21,947.97,6661.59,6867.85,6801.31
362,815.51,4211.53,4647.44,903.77,6339.81,7358.59,7358.59
363,818.41,4175.25,4417.58,1285.89,6092.84,7090.32,6954.08
364,821.31,4287.95,4722.06,1433.89,5933.48,6860.17,6400.38
365,824.29,4203.47,4444.42,2058.13,5906.48,6993.73,6993.73
366,827.23,4332.87,4910.98,847.08,6710.21,6679.49,6602.70
367,830.28,4656.80,5348.46,822.07,6988.42,7159.37,7029.60
368,833.33,4799.81,5576.40,636.93,7484.66,6753.14,6685.37
369,836.20,4185.92,4475.28,1589.92,6124.65,6656.84,6296.19
370,839.07,3818.83,4164.54,701.49,5752.84,6525.51,6392.24
371,842.03,4409.21,5000.69,1256.86,6312.14,6776.78,6727.85
372,844.86,4336.05,4895.44,1430.89,6374.22,6305.18,6120.06
373,847.73,3983.66,4457.47,1389.74,5533.65,6729.51,6729.51
374,850.62,4745.33,5241.29,1016.08,6725.79,6604.08,5973.39
375,853.69,4869.97,5226.14,2125.83,6641.19,7121.55,7032.58
376,856.65,4718.02,5344.19,670.39,7046.68,6641.46,6620.11
377,859.63,4790.34,5425.73,1194.09,6799.07,6775.98,6299.10
378,862.59,4251.09,4565.12,1616.66,6092.62,6860.87,6860.87
379,865.58,4676.76,5319.33,760.04,6824.71,6850.89,6559.87
380,868.67,5118.96,5453.16,1803.18,7107.92,7219.25,7219.25
381,871.83,5303.40,5895.76,1509.79,7821.16,7137.81,7137.81
382,874.82,4297.41,4870.50,826.60,6323.88,7095.13,6938.37
383,877.94,5074.48,5740.57,1361.76,7073.38,7425.85,7425.85
384,881.09,5083.11,5523.92,1033.10,7589.61,7253.36,7253.36
385,884.21,5197.69,5690.74,1714.65,7393.88,7239.84,7076.84
386,887.31,4768.09,5098.67,1069.60,6816.70,7220.47,6908.35
387,890.41,3885.46,4284.92,708.79,6192.69,7358.23,7358.23
388,893.60,5238.30,5843.25,1351.78,7500.89,7250.08,6914.63
389,896.65,4919.99,5407.32,1903.54,6823.70,7193.39,6665.95
390,899.76,4672.67,5019.11,1768.81,6998.51,7193.16,6690.24
391,902.78,4595.98,4852.25,1657.69,6758.56,6958.79,6958.79
392,905.73,4524.59,4923.48,1055.15,6600.78,7238.23,7238.23
393,908.82,4751.55,5016.88,1301.28,6841.19,7732.53,7732.53
394,911.76,4282.08,4677.80,791.39,6444.42,7341.65,7332.76
395,914.89,5056.52,5661.66,2447.36,6725.11,7339.94,7339.94
396,917.97,4821.53,5360.01,1155.92,7006.64,7003.85,6953.02
397,921.20,5189.24,5549.26,1701.09,7430.88,7412.20,6971.86
398,924.27,5046.49,5663.59,1476.60,7342.50,7224.68,6810.37
399,927.35,5023.96,5598.08,1462.16,7311.06,7144.24,6668.94
400,930.42,4193.77,4641.08,882.56,6214.12,6989.51,6566.41
401,933.33,3559.91,3771.85,1700.01,4941.29,6943.75,6824.90
402,936.32,4303.53,4532.76,2034.67,6248.93,6894.16,6814.10
403,939.40,4551.82,4895.34,1765.80,6733.00,6962.49,6949.11
404,942.43,4822.38,5335.26,1726.23,6877.88,6821.82,6810.86
405,945.56,5181.35,5781.54,1297.61,7672.21,7213.19,6997.41
406,948.63,4624.41,5051.58,1513.46,7260.91,7208.69,6904.26
407,951.63,4427.51,4884.62,2025.76,5930.80,7149.85,6717.79
408,954.74,5029.39,5450.14,1477.73,7300.14,7042.34,6864.00
409,957.92,5090.48,5628.77,1576.20,7156.32,7460.92,6979.55
410,961.02,5326.95,5869.82,978.46,8399.88,7378.69,7272.63
411,963.97,3988.53,4521.12,515.53,6146.86,7725.73,7725.73
412,967.09,4745.81,5206.35,1615.13,6276.39,7000.43,6896.93
413,970.14,4435.03,4954.01,1380.63,6363.60,6882.31,6766.27
414,973.32,5257.02,5889.59,839.08,8068.53,7362.51,7117.38
415,976.45,5169.78,5918.48,808.79,7829.08,7584.86,7584.86
416,979.39,4484.76,4916.28,1639.50,6187.79,6918.73,6918.73
417,982.53,5298.56,6018.18,1599.70,7635.46,7304.39,7304.39
418,985.53,4486.82,4982.62,1237.31,6356.57,6842.57,6664.16
419,988.68,5052.27,5648.94,1356.65,7240.69,7631.38,7631.38
420,991.83,5125.41,5594.81,1968.02,7202.47,6973.21,6973.21
421,994.89,5056.05,5713.96,627.57,7610.12,7744.12,7744.12
422,997.96,5006.55,5440.53,2152.97,7218.05,7537.20,7537.20
423,1000.98,4505.59,4828.61,1194.74,6756.23,7065.45,6987.02
424,1004.20,4994.52,5563.80,1242.88,7316.77,7404.62,7113.03
425,1007.11,3862.68,4217.62,1423.68,5463.36,6988.49,6988.49
426,1010.11,3850.88,4039.72,1939.06,5564.57,7606.29,7382.86
427,1013.23,4500.09,5034.03,975.11,6915.75,7350.78,7118.92
428,1016.38,4820.87,5042.61,2683.21,6442.90,7138.63,6819.81
429,1019.53,5335.85,5811.05,2136.52,7897.63,7535.06,7122.39
430,1022.55,4883.42,5185.90,2334.63,6588.18,7029.15,6929.13
431,1025.56,4581.37,5148.39,1141.95,6397.31,6641.90,6499.57
432,1028.65,5093.03,5628.54,1485.28,7585.06,7883.13,7883.13
433,1031.66,4506.44,5192.93,592.24,6540.07,7587.70,7587.70
434,1034.82,5427.26,5922.51,2555.14,7392.57,7324.49,6931.49
435,1038.03,5155.82,5727.75,2560.91,7012.27,7392.95,7312.32
436,1041.18,4914.46,5315.08,2219.66,6937.43,7469.87,7469.87
437,1044.36,4686.05,5117.25,1322.78,6737.31,7242.27,7117.86
438,1047.50,4670.79,4959.62,1829.46,6979.80,7404.51,6529.31
439,1050.65,4968.31,5239.48,2520.12,6763.17,7472.15,7472.15
440,1053.74,4807.34,5228.27,2447.83,6632.79,7498.59,6804.62
441,1056.96,5021.49,5636.95,1799.85,6936.63,7549.96,7549.96
442,1060.02,4354.04,4729.73,1273.72,6165.00,7405.84,7405.84
443,1063.25,5183.76,5618.93,2251.59,7008.97,7416.47,6919.23
444,1066.56,5598.31,6072.71,1902.14,7967.91,7565.79,7565.79
445,1069.64,4413.55,4842.52,1728.51,6212.83,7123.51,7115.82
446,1072.65,4408.97,4855.65,1475.62,6456.54,7300.39,6858.41
447,1075.75,4886.18,5316.54,2146.48,7029.89,7669.55,7669.55
448,1078.93,4585.38,4948.54,1134.77,6570.31,7836.27,7398.23
449,1081.97,4436.11,4915.44,1485.98,6179.24,7163.54,6643.97
450,1085.16,4738.10,5263.92,2383.40,6408.27,6947.38,6746.68
451,1088.35,5087.37,5305.88,2464.89,7250.52,7410.45,7294.11
452,1091.52,4642.70,4976.86,2725.33,6319.08,7299.68,7182.55
453,1094.71,5308.65,5711.64,2939.29,7061.26,7745.06,7595.00
454,1097.74,4440.20,4832.23,1589.98,6147.67,7142.26,7000.39
455,1100.87,5261.72,5588.50,3046.54,6999.66,7361.96,7003.12
456,1103.88,4483.74,5056.54,1363.09,6493.43,6621.50,6499.38
457,1107.00,5129.87,5494.73,3071.49,6765.16,7382.35,7220.16
458,1110.25,5207.48,5728.69,1883.84,7266.38,7622.17,7622.17
459,1113.45,4972.55,5631.41,1403.84,6945.44,7217.37,7095.86
460,1116.61,5247.30,5910.10,941.13,7711.72,7351.58,7326.64
461,1119.75,4870.62,5324.24,1626.07,6838.13,7600.50,7600.50
462,1122.90,4803.08,5409.44,1172.88,6558.62,7009.15,7009.15
463,1125.99,4651.86,5230.38,1002.25,6838.07,7249.99,7249.99
464,1129.09,4815.06,5414.63,849.30,7137.54,7023.62,6641.86
465,1132.31,5241.02,5744.91,1596.26,7396.05,7520.50,7081.42
466,1135.24,4505.52,5138.40,1059.86,6264.59,6883.07,6883.07
467,1138.32,4769.98,5440.33,1623.23,6563.51,7022.58,6510.35
468,1141.43,5237.56,5462.33,2114.91,7334.79,6888.06,6658.11
469,1144.58,4932.02,5067.29,3182.40,6697.78,7139.71,7133.72
470,1147.79,4948.29,5397.09,2356.52,6861.88,7461.52,7202.22
471,1150.86,4531.34,4876.57,1767.09,6052.98,7737.46,7737.46
472,1154.03,5065.24,5665.46,1261.23,7631.73,7599.69,7418.86
473,1157.12,5377.16,5842.82,2532.85,7188.87,6591.46,6591.46
474,1160.23,4743.17,5176.16,998.62,6854.17,7480.37,7480.37
475,1163.23,4604.66,5227.41,1380.94,6519.57,6758.50,6743.54
476,1166.36,4929.40,5414.29,1859.45,6706.18,6970.57,6833.05
477,1169.40,4693.01,5061.23,2079.82,6525.94,7270.32,7010.60
478,1172.43,4543.89,4885.68,2384.58,6019.51,7507.54,7466.42
479,1175.64,5335.03,5806.13,2023.54,7334.30,7036.36,7016.94
480,1178.76,4634.37,5286.00,1428.12,6524.48,7229.25,7218.35
481,1181.94,5302.57,5917.57,1316.39,7648.25,7553.93,7553.93
482,1185.04,4565.78,5165.13,1555.06,6625.29,7451.74,6781.03
483,1188.10,4766.92,5190.22,1511.33,6648.49,7088.33,7076.08
484,1191.37,5919.52,6760.52,1897.02,8372.30,7110.90,7110.90
485,1194.55,5261.81,5853.31,2036.12,7214.30,7330.23,7330.23
486,1197.73,5030.24,5509.93,2177.31,6937.69,7231.13,6986.12
487,1200.95,5276.50,5720.92,1612.56,7757.79,7477.31,7233.57
488,1204.36,6585.88,7122.32,3145.29,8522.24,7402.69,7402.69
489,1207.73,5629.23,6002.11,2311.97,7797.20,7472.56,7470.70
490,1210.84,4573.81,5099.60,1369.52,6346.53,7203.94,7203.94
491,1214.01,4942.85,5532.64,1108.96,7323.97,7115.79,7008.83
492,1217.07,4905.50,5507.86,749.29,7097.58,6801.42,6596.03
493,1220.02,4385.96,4697.80,2440.65,5933.26,6835.54,6444.66
494,1223.35,5812.52,6421.31,1966.83,8268.48,7648.43,7288.53
495,1226.35,4238.99,4657.28,1425.79,5984.94,6950.72,6950.72
496,1229.55,5536.34,5980.65,2621.51,7278.38,7222.99,7222.99
497,1232.75,5253.58,5834.97,1781.88,7055.16,7426.98,6648.15
498,1235.81,4342.61,4678.07,2724.43,5985.76,7255.46,7153.12
499,1238.98,5202.29,5683.68,2125.23,7263.98,7252.22,7235.68
500,1242.18,4780.17,5378.26,993.41,7105.62,7376.38,7087.58
501,1245.29,4648.37,4985.65,1847.09,6261.18,7102.85,6843.78
502,1248.53,4760.25,5054.22,1953.65,7090.27,7725.34,7594.25
503,1251.76,5554.54,5818.76,2774.35,7672.06,7201.48,6714.93
504,1255.02,5205.44,5597.10,2491.49,7303.98,7277.40,7208.27
505,1258.10,4029.55,4326.62,1559.75,5893.01,6990.24,6918.08
506,1261.23,5014.75,5744.73,739.74,7022.91,6964.01,6964.01
507,1264.44,4843.83,5201.26,2954.02,6316.71,7185.78,7185.78
508,1267.55,5158.12,5689.40,1766.40,7178.08,6971.72,6971.72
509,1270.65,5020.78,5434.53,2405.65,7117.58,7021.17,6829.08
510,1273.75,4562.26,4840.14,1939.50,6337.44,7525.58,7525.58
511,1276.73,4169.28,4614.52,950.55,5871.42,6791.34,6763.62
512,1279.80,5327.78,6098.08,975.07,7545.53,6842.39,6566.22
513,1282.84,5009.22,5449.74,1882.73,7104.57,7242.08,6766.52
514,1285.95,5301.04,5809.58,2647.06,7150.99,7260.43,7260.43
515,1289.25,5470.51,6000.63,2381.64,7875.00,7636.53,7636.53
516,1292.47,5421.98,5863.28,2344.21,7496.06,7469.48,7469.48
517,1295.62,4975.36,5440.27,1885.17,6671.30,7321.04,7014.46
518,1298.86,5310.86,5631.58,3206.99,6956.81,7397.08,7397.08
519,1302.04,5346.39,5870.01,2817.82,7113.35,7498.40,7498.40
520,1305.41,6345.39,6813.32,2854.83,8449.66,7670.57,7658.85
521,1308.58,5392.32,5819.48,3023.00,7126.67,7182.92,6675.01
522,1311.73,4677.66,5060.12,2286.54,6296.82,7066.27,7066.27
523,1314.97,4767.49,5163.69,2443.86,6351.35,7428.54,7154.61
524,1318.14,4775.09,5129.38,2260.66,6498.64,7370.62,6942.12
525,1321.46,5539.81,6015.70,2894.45,7265.20,7191.47,6969.77
526,1324.75,5346.45,5902.32,1814.32,7404.42,7723.05,7723.05
527,1328.20,6533.36,7042.38,3869.60,8362.41,7743.75,7743.75
528,1331.45,5029.98,5529.13,1556.61,6715.11,7445.84,7166.84
529,1334.89,5930.48,6175.54,3020.28,7948.17,7734.12,7386.20
530,1338.13,5508.71,6157.67,2150.78,7319.78,7090.21,6948.88
531,1341.42,5316.50,5781.92,3254.74,6847.98,7185.38,7185.38
532,1344.72,6134.93,6661.62,3134.90,8147.88,7022.01,6829.66
533,1347.98,5462.67,5825.30,2910.80,7223.74,7005.13,7005.13
534,1351.18,4999.84,5530.94,1587.70,6913.60,7038.39,6552.11
535,1354.35,4979.12,5288.96,1359.54,6890.55,7135.22,6769.67
536,1357.60,5349.22,5947.52,1133.77,7550.32,7059.91,6814.31
537,1360.77,4963.74,5307.52,2596.25,6701.08,7664.67,7664.67
538,1363.92,4697.67,5031.84,1225.38,6864.46,7212.02,7053.88
539,1367.04,4573.08,4951.60,1449.08,6279.24,6950.49,6479.23
540,1370.25,4618.67,4970.84,1398.56,6613.16,8078.35,7708.10
541,1373.73,5930.13,6473.01,2352.28,7999.16,7864.70,7864.70
542,1377.07,5906.61,6401.81,3816.61,7675.33,6988.58,6988.58
543,1380.50,5592.35,6011.91,3052.55,7270.19,7633.89,7543.13
544,1383.74,4870.55,5360.27,1816.35,6755.28,7404.60,7183.53
545,1387.07,5054.65,5400.72,2641.53,7025.43,8329.38,8329.38
546,1390.36,4998.21,5445.22,1667.85,6981.35,7344.28,7344.28
547,1393.74,5827.48,6300.90,2951.49,7580.88,7733.01,7733.01
548,1396.98,5207.93,5606.96,2260.37,7025.83,7348.79,6979.34
549,1400.26,5090.06,5337.38,2417.68,6714.43,7918.38,7918.38
550,1403.67,6060.23,6515.93,3596.56,7880.04,7265.33,6963.22
551,1407.12,6080.58,6597.74,2304.52,8452.83,7835.32,7835.32
552,1410.64,5837.08,6241.40,3316.58,7856.68,7677.35,7503.52
553,1414.05,6107.01,6811.37,1644.27,8648.55,7697.80,7553.52
554,1417.50,5904.09,6369.57,3071.43,7748.96,7765.42,7765.42
555,1420.94,5646.13,6124.67,2689.42,7465.06,7748.58,7748.58
556,1424.08,4970.59,5389.65,1903.74,6584.73,6854.46,6801.50
557,1427.30,4927.06,5081.22,3198.03,6504.56,7162.77,7033.72
558,1430.75,5912.24,6552.69,1327.36,7825.53,7829.74,7586.88
559,1434.14,5987.06,6460.58,3496.21,7765.51,7802.95,7802.95
560,1437.49,5594.12,5868.01,3211.46,7262.17,7486.36,7241.66
561,1440.86,6186.15,6510.09,4003.77,7982.51,7368.48,7329.56
562,1444.38,5948.54,6230.60,4095.74,7498.64,8102.04,8102.04
563,1447.76,5571.41,5947.67,3084.22,7402.80,8093.61,7863.65
564,1451.02,5607.17,6005.23,2293.73,7666.44,7555.16,6797.38
565,1454.37,5840.54,6159.21,3566.09,7932.65,7517.19,7158.81
566,1457.75,5648.13,5984.94,2782.76,7814.50,7962.85,7933.00
567,1460.99,5592.77,6039.26,1891.03,7638.57,7088.55,6782.34
568,1464.27,5555.52,5955.32,2356.00,7709.14,7863.42,7716.47
569,1467.67,5180.44,5502.43,3252.63,6647.58,7710.70,7601.40
570,1471.03,5742.47,6189.69,3161.58,7604.44,7820.90,7577.24
571,1474.51,5715.85,5964.10,3596.91,7158.64,8165.99,8054.15
572,1477.74,5136.04,5304.08,3084.77,6673.94,7068.58,6937.57
573,1481.17,5716.97,6086.62,3519.20,7261.08,7606.74,7606.74
574,1484.42,4932.34,5337.73,2736.24,6319.41,7607.65,7607.65
575,1487.98,6338.32,6656.46,4065.74,8122.41,7966.78,7359.65
576,1491.53,6108.60,6502.50,3553.42,7965.18,7719.39,7719.39
577,1494.82,5392.15,5764.19,3196.07,6891.30,7436.46,7436.46
578,1498.21,5585.71,5877.15,3513.51,7246.13,7633.60,7633.60
579,1501.54,5201.39,5399.67,3485.99,6627.79,7566.47,7512.27
580,1504.83,5947.53,6347.10,3001.84,7947.26,7111.15,7002.47
581,1508.23,5821.08,6431.08,2313.72,7731.94,7803.68,7461.94
582,1511.57,5408.76,5863.15,2462.08,7418.40,7717.31,7431.89
583,1515.06,5910.33,6396.49,2878.23,8154.36,8292.86,7790.64
584,1518.51,5779.37,6239.96,3251.02,7570.05,7683.16,7309.27
585,1521.91,5472.99,5897.37,2589.76,7244.36,7656.71,7261.30
586,1525.18,5081.74,5463.41,3372.61,6536.67,7473.34,7117.02
587,1528.58,6233.62,6687.35,3756.63,7991.48,7528.69,6811.84
588,1532.04,5980.12,6242.59,3386.53,7706.33,7795.70,7275.94
589,1535.37,5823.02,6209.10,3857.63,7216.39,7285.08,7285.08
590,1538.65,5626.78,6073.04,3216.18,7129.10,7240.03,7164.95
591,1542.03,5897.87,6071.56,3954.24,7634.34,7407.60,7407.60
592,1545.49,5898.56,6195.36,4029.65,7316.12,7511.49,7511.49
593,1548.73,5025.46,5294.28,2546.86,6861.03,7430.67,6811.02
594,1552.16,6337.80,6834.49,3587.99,8195.19,7606.08,7425.76
595,1555.59,5931.65,6252.57,3549.72,7682.04,7296.19,6901.57
596,1559.04,6433.23,6707.56,4268.30,8189.09,7688.96,7361.08
597,1562.33,5249.77,5385.03,3542.67,6773.78,7082.83,6774.78
598,1565.72,6112.92,6628.38,3421.27,8056.08,7214.61,7214.61
599,1569.00,5527.29,5740.86,3551.14,7094.89,7471.49,7471.49
600,1572.30,5512.31,5899.33,2774.97,7212.50,7613.50,7613.50
601,1575.67,6381.37,6596.44,4497.83,7989.09,7067.02,6777.09
602,1579.03,5882.24,6149.90,4091.82,7433.38,7477.25,7404.56
603,1582.35,5672.61,5959.41,3611.36,7170.29,7613.19,7573.70
604,1585.64,5546.29,5850.75,3889.83,6928.94,7435.45,6957.41
605,1588.81,4983.62,5069.79,3135.69,6717.38,7456.86,7456.86
606,1592.18,5755.45,6083.32,3417.44,7413.63,7560.41,7230.77
607,1595.65,6530.99,7031.70,3712.55,8409.22,7961.56,7497.79
608,1598.92,5469.87,5754.34,3472.59,6822.01,7402.08,7062.71
609,1602.24,6278.86,6464.08,4922.51,7755.71,7176.35,7176.35
610,1605.69,6336.41,6626.53,4571.95,7998.68,7990.04,7990.04
611,1609.07,5927.11,6301.54,4155.31,7356.07,7560.59,7261.60
612,1612.49,6325.80,6896.35,3278.40,8265.36,7931.19,7311.91
613,1615.74,5690.32,6144.54,3132.66,7412.24,7347.43,7003.10
614,1619.18,6132.52,6390.42,4514.58,7780.54,8188.13,7961.32
615,1622.68,5819.70,6111.21,3533.74,7298.22,7926.20,7926.20
616,1626.10,6219.12,6901.08,2937.19,8236.15,7560.76,6871.31
617,1629.39,5143.39,5297.26,3880.42,6487.91,7467.23,7118.89
618,1632.94,6444.23,6727.70,4451.07,8117.30,7920.86,7771.39
619,1636.33,6485.61,6845.46,4508.32,8038.40,7121.64,7020.19
620,1639.57,5092.68,5388.10,3661.28,6229.60,7186.55,7186.55
621,1642.84,5875.89,6029.57,4558.18,7264.36,6851.54,6851.54
622,1646.10,5561.81,5758.22,4167.87,6812.11,7143.70,7143.70
623,1649.47,5972.41,6361.52,3536.29,7712.33,7227.31,6787.50
624,1652.75,5092.48,5248.25,3701.31,6296.75,7408.16,7076.11
625,1656.05,5534.01,5610.57,4019.60,6980.73,7543.16,7543.16
626,1659.38,5167.52,5298.84,3926.22,6332.83,7412.37,7304.18
627,1662.98,5559.87,5785.47,4085.51,6836.38,7440.65,7379.23
628,1666.44,5697.38,5912.95,3997.13,7095.41,7885.08,7651.46
629,1670.00,6170.24,6376.85,4446.26,7609.29,7869.63,7297.61
630,1673.41,5395.31,5335.26,3845.13,6823.29,8158.41,8158.41
631,1677.07,7070.15,7306.25,4839.55,8646.11,7935.78,7421.10
632,1680.46,5134.62,5392.08,3444.70,6483.27,7412.34,7409.39
633,1683.89,5748.90,5917.45,3966.39,7153.68,7608.36,7242.70
634,1687.08,5067.78,5155.61,3720.53,6198.71,7094.98,6831.95
635,1690.48,5473.35,5701.28,3859.72,6534.35,7658.08,7205.54
636,1693.87,5963.76,6032.80,4324.06,7716.71,7441.93,6966.26
637,1697.26,6013.38,6291.67,4706.04,7295.29,7103.85,6611.90
638,1700.60,5722.80,5928.63,4238.91,7090.97,7360.02,6812.76
639,1703.89,5103.16,5276.62,3858.22,6357.94,7383.79,7309.79
640,1707.35,5701.50,5936.83,3965.38,7146.37,7593.18,7593.18
641,1710.79,5972.99,6144.03,4402.38,7624.89,7329.50,7329.50
642,1714.32,5705.21,5999.00,3536.39,7384.24,7969.48,7628.82
643,1717.83,6385.38,6728.46,4335.07,7750.44,7160.48,6950.15
644,1721.33,5579.50,5651.20,4208.95,7303.90,7827.47,7408.02
645,1724.73,5286.67,5490.98,3823.84,6689.57,7421.21,7101.85
646,1728.33,6446.61,6652.14,4838.16,8099.62,7973.32,7696.23
647,1731.52,5064.57,5316.92,3292.98,6433.74,7290.46,7052.85
648,1734.99,5815.00,6089.12,4189.24,7439.35,7826.91,7790.62
649,1738.62,6203.26,6322.66,4791.68,7492.43,7866.86,7866.62
650,1742.07,5947.36,6204.61,4446.34,7454.24,7658.74,7643.06
651,1745.56,6408.10,6684.72,4774.03,7886.63,7829.99,7105.15
652,1749.03,6322.48,6548.54,4395.25,7762.74,7654.47,7649.13
653,1752.50,6054.10,6347.95,4131.00,7582.52,8071.02,7430.67
654,1756.12,7079.84,7206.71,5411.23,8721.19,7886.45,7886.45
655,1759.69,6176.30,6246.90,4521.70,7865.50,8050.39,7660.93
656,1763.25,6282.09,6453.88,4427.50,7974.49,7536.45,7436.42
657,1766.88,6808.43,7068.88,5225.61,8185.76,7986.15,7986.15
658,1770.35,6116.91,6428.37,3633.62,7912.76,7951.71,7456.45
659,1773.92,6488.85,6875.42,4612.52,8117.71,7914.96,7692.96
660,1777.36,5473.16,5663.34,3943.56,6782.84,7900.53,7754.21
661,1780.72,5200.03,5578.26,3184.75,6827.68,7629.56,7438.85
662,1784.20,5822.59,6157.70,4062.31,7375.19,7439.86,7406.42
663,1787.84,6791.34,6972.64,5134.06,8244.71,8254.88,8254.88
664,1791.41,6761.92,6982.68,5385.24,8233.94,7861.65,7747.76
665,1794.83,5427.94,5548.97,4296.31,6622.24,7865.76,7865.76
666,1798.22,6224.79,6556.08,3590.02,8123.40,8065.60,8065.60
667,1801.74,6093.72,6640.61,3404.01,8082.60,7698.38,7522.51
668,1805.16,5738.45,6017.39,3906.42,7181.92,7475.96,7164.34
669,1808.66,6508.64,7015.81,3783.34,8264.82,7293.48,7159.78
670,1812.21,6119.86,6517.18,3945.73,7764.62,7871.90,7661.82
671,1815.80,6077.27,6383.65,3880.44,7586.03,7808.63,7447.73
672,1819.31,5715.64,5980.84,3990.54,7157.71,8043.85,7522.69
673,1822.65,5402.24,5746.02,3598.11,6943.62,7454.42,7273.77
674,1826.19,6970.66,7285.41,5368.04,8500.66,7591.22,7591.22
675,1829.57,5421.11,5607.62,4011.59,6778.52,7670.10,7507.20
676,1832.99,5340.74,5398.26,3535.16,7276.73,8134.93,7841.97
677,1836.46,5914.81,6136.80,4537.95,7187.66,7691.01,7691.01
678,1840.01,6892.11,7165.51,5015.66,8492.12,7686.94,7686.94
679,1843.31,5710.51,6126.36,3370.74,7387.68,7329.02,7329.02
680,1846.88,6607.85,7079.56,4331.25,8278.74,8104.65,7964.69
681,1850.42,6288.70,6540.77,4421.66,7748.47,8150.21,7975.65
682,1853.95,7024.43,7159.94,5685.04,8569.21,7950.15,7643.05
683,1857.63,6540.35,6871.29,4681.11,7968.45,8027.25,8027.25
684,1861.35,7045.67,7571.86,4561.60,8682.75,8163.18,7995.99
685,1864.93,6191.16,6390.85,4759.35,7570.68,7997.73,7819.74
686,1868.17,5243.37,5391.83,3491.20,6695.04,7451.05,7369.96
687,1871.67,5678.83,5979.25,3450.53,7447.57,7845.36,7736.70
688,1874.86,5203.01,5466.27,2782.10,7052.62,6975.73,6974.58
689,1878.03,5061.14,5401.07,3033.66,6590.59,7354.95,7013.98
690,1881.54,6800.66,7129.69,4196.15,8565.12,7675.38,7364.97
691,1884.97,5497.67,5701.67,3882.02,6812.54,7580.10,7518.56
692,1888.45,6189.73,6726.50,3649.45,7978.03,7406.56,7341.73
693,1891.78,5967.24,6309.71,3770.32,7561.95,7341.69,7249.29
694,1895.16,5566.80,5693.70,3970.98,7024.12,7571.12,7375.16
695,1898.55,5337.72,5408.66,3148.80,7143.68,7624.69,7624.69
696,1902.03,6085.16,6230.46,4423.53,7746.67,7672.02,7266.38
697,1905.38,5747.76,6280.03,3084.73,7407.18,7363.29,7304.02
698,1908.80,5993.46,6152.00,4092.50,7573.76,7086.54,6600.98
699,1912.12,5484.10,5647.59,4384.48,6627.81,7204.67,7111.20
700,1915.54,6466.69,6911.82,3803.06,8295.09,7224.77,7224.77
701,1918.77,5378.71,5693.89,3780.89,6538.10,7194.75,7097.35
702,1922.04,5257.25,5451.33,3592.57,6663.62,7085.32,7085.32
703,1925.30,5166.05,5445.06,3248.30,6748.07,7511.27,7284.36
704,1928.60,5557.79,5860.96,3425.45,7361.61,7284.28,6934.13
705,1931.97,5866.20,6146.34,3624.21,7696.43,7359.93,7359.93
706,1935.42,5751.89,5956.65,3584.40,7771.68,7314.19,7314.19
707,1938.72,5271.43,5500.39,3137.09,6828.16,7267.67,7027.37
708,1942.08,6374.99,6597.38,3835.26,8313.65,7149.76,6938.28
709,1945.53,6479.56,6777.88,4674.52,7989.03,7344.09,7034.47
710,1949.03,6654.98,7062.12,3944.78,8569.80,7523.00,7069.84
711,1952.34,5160.85,5480.19,2820.57,6531.50,7736.50,7519.82
712,1955.63,5579.20,5946.49,3520.04,7123.07,7178.60,7134.49
713,1958.86,5499.54,5646.04,4211.22,6838.49,6845.30,6820.65
714,1962.03,5272.51,5376.38,3469.73,6912.56,6961.22,6753.65
715,1965.29,5171.90,5366.91,3406.51,6603.35,7271.49,7194.66
716,1968.44,5137.14,5375.95,3850.03,6386.04,7039.72,7039.06
717,1971.82,5577.64,5779.05,3425.04,7208.71,7434.39,6788.42
718,1975.14,5109.36,5314.62,3511.92,6398.37,7540.57,7540.57
719,1978.57,5995.78,6269.76,3537.21,7668.83,7733.81,7733.81
720,1981.93,5775.30,6133.20,3739.36,7348.69,7788.56,7515.71
721,1985.36,6299.84,6827.76,3736.92,8311.21,7355.80,7196.94
722,1988.73,5320.24,5506.82,3985.03,6480.35,7692.46,7469.48
723,1992.17,5851.66,6056.54,3618.87,7647.71,7552.85,7472.02
724,1995.44,5430.35,5811.97,3380.60,7101.42,7369.16,7204.30
725,1998.82,5429.72,5712.44,3244.16,7139.29,7706.83,7706.83
726,2002.27,6222.20,6598.67,3664.01,8363.72,7428.45,6948.91
727,2005.63,5382.71,5692.81,2943.99,7064.97,7971.81,7463.22
728,2009.26,6549.02,6842.30,4180.52,8351.87,7932.10,7915.31
729,2012.69,5508.59,5657.58,4016.45,6895.27,7786.55,7531.51
730,2016.15,6338.40,6552.06,4418.71,7982.23,7665.92,7205.88
731,2019.52,6100.48,6412.16,4461.56,7495.57,7427.01,7155.93
732,2023.01,6174.93,6311.98,4161.35,7832.81,7302.38,7247.59
733,2026.46,6070.35,6411.73,3984.03,7667.06,7591.12,7461.76
734,2029.92,5858.15,6037.39,4495.54,7339.79,7918.01,7751.65
735,2033.32,6060.77,6422.68,4124.03,7620.35,7791.83,7791.83
736,2036.74,6051.75,6197.04,4325.47,7577.27,7071.43,6983.52
737,2040.10,5983.28,6293.58,3957.07,7498.12,7174.97,6925.33
738,2043.50,6226.01,6600.17,3384.78,7970.31,7551.19,7271.85
739,2046.70,5016.53,5109.19,3706.89,6548.03,7366.19,7366.19
740,2050.07,5642.06,5828.89,3546.89,7261.80,7620.13,7157.24
741,2053.57,6169.57,6482.24,3907.60,7814.00,7543.71,7383.81
742,2056.86,4669.19,4890.11,2928.30,5988.51,7324.78,7229.25
743,2060.21,5321.48,5612.07,2798.70,7220.45,7613.98,7606.33
744,2063.57,5336.03,5577.72,3865.86,6768.78,7624.17,6823.25
745,2067.12,6724.35,7009.64,4220.21,8711.57,7589.92,7085.86
746,2070.51,6136.74,6401.69,3736.10,7971.44,7236.23,7089.52
747,2074.04,5947.62,6118.30,4142.82,7723.22,7573.26,7573.26
748,2077.63,6602.88,6802.82,4181.09,8610.21,7882.57,7882.57
749,2080.94,5440.18,5596.68,4252.82,6761.14,7609.99,7234.31
750,2084.33,6128.00,6482.62,3696.01,7774.53,7392.10,7076.47
751,2087.68,5110.11,5248.05,3556.62,6517.60,7735.30,7735.30
752,2091.02,5157.04,5344.73,3647.86,6581.96,7603.05,7603.05
753,2094.47,5873.43,6237.05,3129.44,7709.51,7429.69,7349.86
754,2097.93,6030.40,6351.43,3884.88,7684.03,7336.50,7336.50
755,2101.09,4934.31,5206.84,2715.75,6622.16,7333.69,7080.10
756,2104.54,5545.38,5979.24,3460.71,7311.20,7862.74,7862.74
757,2107.84,5601.01,6043.16,3091.65,7165.31,7405.05,7405.05
758,2111.23,5719.83,5754.77,3592.39,7647.14,7500.11,7272.37
759,2114.57,5420.52,5655.33,3468.65,6891.98,7182.83,7091.83
760,2117.88,5648.38,6057.29,3410.25,7344.33,6972.32,6656.48
761,2120.96,4001.74,3896.39,3000.97,5188.27,7488.25,7320.12
762,2124.47,6221.47,6356.63,4268.47,8073.89,7607.40,7607.40
763,2127.74,5659.30,5934.54,3605.80,7372.23,7238.71,7109.92
764,2131.12,5627.52,5929.39,3430.38,7266.89,7162.12,7162.12
765,2134.49,5696.71,5964.71,3542.16,7687.25,7644.57,7548.25
766,2137.95,5931.06,6194.42,3986.26,7393.56,7263.71,7165.62
767,2141.55,6476.76,6967.26,3687.16,8484.05,7781.49,7681.90
768,2144.93,4796.17,4911.25,3156.38,6133.06,7619.54,7535.92
769,2148.27,5344.36,5546.09,3808.01,6506.86,7073.15,7027.81
770,2151.83,5885.00,6004.07,4337.57,7518.96,7863.03,7450.25
771,2155.20,5347.14,5477.75,3772.33,6852.90,7517.20,7267.94
772,2158.61,5855.40,5994.98,4208.14,7568.04,7088.24,7088.24
773,2162.05,5896.36,6011.98,4433.82,7129.55,7361.73,7213.90
774,2165.46,5729.27,6010.04,3761.21,7224.10,7180.00,6832.17
775,2168.93,5959.46,6320.42,3324.68,7733.66,7302.80,7238.76
776,2172.49,6340.23,6590.46,3778.15,8194.41,7563.20,7296.25
777,2175.87,6176.83,6226.34,4116.00,7958.76,7090.33,7090.33
778,2179.25,5384.02,5652.79,3482.73,6859.98,7088.21,6680.52
779,2182.53,6003.92,6189.90,4669.05,7343.55,7376.91,7041.99
780,2185.70,4486.79,4654.52,2930.19,5671.74,7010.97,7010.97
781,2189.18,5851.02,5887.47,4232.30,7509.76,7618.57,7346.23
782,2192.67,5624.63,6018.16,3036.86,7398.95,8058.15,7309.08
783,2196.19,5769.18,6102.67,2789.50,7686.69,7749.17,7736.80
784,2199.63,5630.60,5842.50,3763.81,7114.65,7815.85,7815.85
785,2203.12,5962.24,6111.52,4068.43,7523.49,7569.37,7280.09
786,2206.60,5578.32,5706.95,4000.88,6882.37,8054.04,7700.98
787,2210.14,6598.95,6828.49,4540.92,8090.11,7286.29,7054.70
788,2213.70,5740.94,5910.93,4065.39,7239.79,8110.99,8110.99
789,2217.28,6381.96,6390.75,4847.86,7844.63,7592.28,7228.40
790,2220.77,5892.29,6029.17,4574.15,7267.23,7712.11,7556.39
791,2224.15,6206.83,6276.54,4866.52,7552.02,7230.08,6889.45
792,2227.66,6604.80,6747.40,4709.06,8156.76,7321.09,6967.76
793,2231.02,5224.25,5310.83,4123.76,6270.07,7071.91,7048.02
794,2234.59,6020.61,6330.09,4019.68,7398.75,7383.02,6894.08
795,2238.18,6584.48,6981.73,4860.62,7824.64,7921.93,7737.63
796,2241.76,6226.70,6428.62,4198.24,8062.17,7713.47,7440.94
797,2245.11,5756.92,6101.09,3759.55,7297.06,7223.55,7223.55
798,2248.58,6309.23,6534.92,4992.47,7374.76,7393.28,7020.32
799,2251.97,5472.43,5583.02,4061.53,6775.69,7480.15,7477.58
800,2255.62,6423.19,6530.07,4843.45,7946.12,8005.11,7664.07
801,2258.91,5665.92,5977.92,4082.61,7010.61,7052.96,6769.13
802,2262.64,6533.24,6929.21,4293.10,8580.96,7912.89,7820.65
803,2266.24,6495.99,7129.41,3290.07,8426.75,7573.87,7384.67
804,2269.72,5685.58,6207.00,1882.66,7829.23,7890.39,7833.28
805,2273.28,5552.28,5789.35,3419.95,7306.77,7627.69,7316.16
806,2277.01,7096.37,7323.76,5691.58,8648.53,7960.22,7751.24
807,2280.61,6416.73,6653.40,4727.90,8080.12,7702.55,7612.31
808,2284.37,6904.22,7298.81,4488.09,8836.97,8082.95,8082.95
809,2287.96,6765.50,6951.17,5444.18,7970.18,7389.11,7300.71
810,2291.42,6105.63,6235.54,4653.20,7507.09,7538.87,7538.87
811,2294.96,6425.71,6810.55,4448.03,8205.30,7474.66,7167.36
812,2298.43,6000.96,6388.53,3883.30,7647.58,7404.35,7404.35
813,2301.91,5945.96,6162.94,4607.68,7289.08,7354.13,7196.16
814,2305.31,5320.31,5799.64,3017.90,6761.06,7448.41,7327.23
815,2308.67,5592.57,5878.60,3252.07,7359.07,7488.37,7123.09
816,2312.12,5413.01,5562.10,3982.80,6896.52,7420.70,7038.09
817,2315.65,5766.30,5967.71,3852.30,7485.82,7758.86,7191.53
818,2319.09,5648.52,5873.56,3818.73,7124.26,7670.31,7540.95
819,2322.39,5205.30,5506.38,2650.75,7350.43,7315.81,7021.11
820,2325.92,5776.17,6274.37,2668.15,7886.53,7779.69,7645.95
821,2329.52,6337.04,6448.20,4115.56,8303.46,7829.37,7829.37
822,2333.06,5535.26,5622.04,4173.54,6816.13,7669.12,7415.43
823,2336.48,5967.42,6194.00,4580.23,7437.92,7212.59,6906.57
824,2339.79,5658.41,5908.12,3640.58,7209.30,7595.21,7595.21
825,2343.29,5884.53,6136.06,4272.71,7310.08,7420.04,7320.29
826,2346.90,6454.59,6976.25,4203.32,8208.01,7725.26,7725.26
827,2350.37,5618.07,5930.26,3947.06,7021.14,7766.81,7673.89
828,2353.92,6421.99,6645.76,4450.92,8334.44,7884.62,7729.34
829,2357.40,4967.61,5005.21,3663.57,6303.86,7925.67,7878.19
830,2361.05,6292.11,6942.40,2739.44,8227.43,8090.50,8090.50
831,2364.94,7204.61,7630.11,4791.03,9064.55,8342.92,8241.25
832,2368.40,5700.43,6066.51,4055.91,7125.73,7284.84,6896.46
833,2371.98,6287.53,6766.76,4271.87,7839.81,7480.17,7346.42
834,2375.47,5633.70,5915.03,3267.30,7383.22,7511.76,7432.22
835,2378.71,4937.35,5149.30,3770.19,6067.52,7565.70,7565.70
836,2382.23,5691.78,5987.34,3774.85,7253.17,7956.46,7584.33
837,2386.06,7485.00,8141.20,4189.94,9526.36,8425.68,8425.68
838,2389.64,6368.12,6893.58,3111.42,8446.02,7478.49,7325.59
839,2393.32,7095.24,7684.07,3583.51,9170.48,7774.94,7536.46
840,2396.81,6414.28,6973.66,2829.48,8318.93,7606.04,7334.48
841,2400.43,5815.78,6145.85,3743.46,7366.08,7745.48,7637.49
842,2403.81,5460.04,5813.93,3609.49,6766.63,7426.08,6941.73
843,2407.39,6218.81,6456.21,4316.38,7970.86,7790.82,7474.70
844,2411.07,6802.67,7262.45,4379.28,8324.89,7950.26,7937.11
845,2414.69,6366.99,6709.64,4081.14,7972.29,7801.67,7801.67
846,2418.05,5146.23,5304.65,3219.89,6627.57,7682.28,7640.28
847,2421.43,5493.33,5714.31,4022.97,6864.68,7358.93,7358.93
848,2425.00,6467.72,6867.58,3981.51,8300.78,7676.01,7636.29
849,2428.55,6472.23,6716.58,4645.46,8130.30,7613.35,7613.35
850,2432.04,6019.69,6320.79,3836.68,7742.05,7558.44,7558.44
851,2435.62,6702.72,7013.91,4345.62,8769.43,8020.43,7678.83
852,2439.17,6491.81,6882.52,3658.10,8372.92,7856.33,7250.75
853,2442.81,6722.42,7246.32,4349.65,8324.24,7988.62,7479.09
854,2446.32,6226.23,6619.53,3229.77,8323.02,7664.53,7486.90
855,2449.73,5853.68,6326.14,2966.79,7367.55,7512.52,7512.52
856,2453.10,5360.55,5655.91,2773.52,7334.06,7632.83,7632.83
857,2456.53,5947.74,6410.39,3068.57,7624.32,7542.88,7434.13
858,2459.90,5329.98,5703.27,3264.31,6803.72,7817.58,7817.58
859,2463.38,5791.27,6061.62,3632.41,7626.58,7868.93,7825.05
860,2466.80,5734.26,6225.79,2309.11,7736.11,7746.26,7626.04
861,2470.14,5135.86,5523.35,2830.41,6709.41,7376.07,7297.92
862,2473.69,5935.32,6193.15,4463.31,7195.16,7978.38,7368.95
863,2477.35,6717.50,6891.52,5312.36,8136.81,7741.34,7447.19
864,2480.85,5524.72,5748.54,3285.22,7295.84,8297.00,8297.00
865,2484.33,5761.79,6048.72,3660.91,7545.74,7955.28,7718.83
866,2487.85,6413.16,6654.45,4503.74,8082.87,7810.28,7095.11
867,2491.32,5276.52,5285.16,3043.25,7240.46,8046.15,7661.12
868,2494.81,6031.36,6452.15,4054.10,7468.46,8130.50,7752.04
869,2498.47,6597.73,7003.42,3975.46,8585.88,8098.76,7821.92
870,2502.09,6642.98,7074.50,4530.38,8125.31,8091.15,7873.90
871,2505.67,6011.25,6291.10,4347.17,7444.08,8195.42,7822.09
872,2509.03,5613.67,6117.12,2962.55,7196.65,7750.09,7291.09
873,2512.38,5305.61,5551.46,3074.60,6865.10,7398.95,6986.73
874,2516.01,6716.48,7052.84,4093.73,8626.37,8348.47,8160.17
875,2519.54,5685.35,5844.35,3255.53,7588.94,8198.16,7795.94
876,2522.97,5599.54,5848.04,3792.89,7042.23,7627.62,7398.80
877,2526.54,6122.67,6369.56,4268.29,7624.29,7971.33,7629.00
878,2530.32,7180.56,7569.03,5107.57,8920.20,8336.66,8336.66
879,2533.95,6500.12,6807.29,4119.42,8404.46,8009.18,8009.18
880,2537.56,5910.04,6227.48,3829.60,7593.69,8278.58,8228.98
881,2541.08,5810.47,5866.08,3663.85,7887.75,7743.72,7537.58
882,2544.66,6535.52,6859.55,3531.30,8749.87,7849.82,7459.72
883,2548.26,5960.81,6605.21,2868.04,8008.13,7991.96,7936.10
884,2551.81,6666.35,7105.34,3823.60,8720.97,8197.83,7612.82
885,2555.45,5535.30,5704.14,3659.23,7167.32,8248.73,8248.73
886,2559.09,6167.17,6532.58,4166.59,7785.06,8263.55,8158.44
887,2562.67,6577.15,7021.40,4164.73,8346.50,8274.47,7949.81
888,2566.20,5713.02,5760.63,3791.32,7565.37,8279.45,7946.85
889,2569.95,6910.40,7448.35,4171.17,8558.82,8598.96,8598.96
890,2573.72,5851.15,6006.88,4210.78,7447.14,8492.72,8162.15
891,2577.13,5148.33,5405.31,3770.93,6668.50,7852.53,7852.53
892,2580.67,5402.98,5635.79,3502.22,6841.23,7968.45,7968.45
893,2584.23,5793.46,6092.77,3618.32,7604.45,8079.00,7600.48
894,2587.79,5540.11,5790.66,3557.17,7139.12,8202.22,8202.22
895,2591.61,6056.24,6353.35,3264.44,8042.48,8689.46,8689.46
896,2595.30,6811.06,7268.35,4336.76,8604.47,7932.00,7875.05
897,2598.79,5637.91,5812.82,4168.56,6992.18,7977.02,7681.69
898,2602.28,5486.60,5927.52,2788.76,7205.01,7871.57,7871.57
899,2606.15,6804.97,7209.97,4598.04,8607.07,8512.93,8512.93
900,2610.03,7087.02,7548.66,4412.82,9174.06,8264.35,8189.00
901,2613.58,5329.99,5699.75,2567.92,7132.34,8186.30,7936.51
902,2617.15,5590.78,5796.16,3987.24,7162.01,8029.38,7718.26
903,2620.68,5862.29,6359.46,3018.92,7676.94,8152.24,7673.66
904,2624.39,6031.23,6533.60,3061.94,7934.38,8043.51,7895.45
905,2628.04,6079.25,6386.83,4062.51,7828.97,8114.63,7581.61
906,2631.80,5939.89,6373.12,3227.91,7894.08,8319.94,8319.94
907,2635.66,6573.15,6806.72,4568.92,8342.31,8468.63,8344.51
908,2639.32,6370.84,6770.38,4154.94,8158.27,7892.95,7738.94
909,2642.97,6116.04,6415.04,3635.33,8003.44,7957.48,7782.45
910,2646.46,5210.32,5409.60,3065.82,7015.73,7889.02,7726.53
911,2649.84,5444.61,5701.56,3461.37,7090.46,7806.36,7611.45
912,2653.56,6584.94,6962.42,3742.17,8521.79,8053.51,8053.51
913,2657.09,6288.04,6528.80,4383.96,8033.10,7877.33,7877.33
