# name=polishBoth generations=100000 population=200 games=800 startFrom=models/featBoth_2_2026-10-07_23-30-00_pool.pt stage1Games=20 shape=38-38-38-38-2 mutationRate=0.7 sigma=0.02 elites=3 keepPart=0.1 minStartHeight=20000 maxStartHeight=30000 zeroFraction=0.5 steerSmoothing=0.5 stableSlots=(3,2,1,2,1,1) monsterFraction=0.0 monsterMult=1.0 fast=True actionRepeat=1
gen,elapsed_s,mean,median,p10,p90,best,chosen
1,7.50,5851.96,5837.47,4970.00,6861.72,5175.62,5175.62
2,13.85,4244.50,4241.43,3548.33,4990.04,5124.34,4940.95
3,20.22,3882.67,3815.11,3211.13,4750.29,5145.96,4933.77
4,26.87,5444.88,5469.10,4410.65,6364.51,5355.44,5175.29
5,33.63,6437.98,6465.42,5218.87,7534.57,5156.24,5099.55
6,40.12,5412.18,5431.70,4495.08,6339.89,5074.18,5074.18
7,46.82,5120.36,5108.04,4291.28,5956.28,5227.31,5125.84
8,53.12,4244.20,4134.42,3336.65,5252.94,4964.39,4752.71
9,59.54,4533.87,4587.65,3696.95,5318.80,5021.38,4885.57
10,66.17,5025.24,5070.83,3971.58,6060.11,5297.50,5297.50
11,72.52,5102.20,5144.06,4081.44,5916.97,5132.57,4804.19
12,79.09,4770.58,4705.83,4027.59,5662.16,5298.48,5168.63
13,85.67,4870.26,4870.65,4055.90,5602.74,5370.71,5160.70
14,92.54,6160.48,6139.49,5217.60,7297.64,5405.26,5226.14
15,98.71,3785.42,3792.30,3302.55,4276.40,5259.00,5184.15
16,105.10,4709.62,4718.49,3898.09,5413.06,5340.66,5107.00
17,111.59,4188.76,4207.56,3389.53,4995.60,5231.17,4949.65
18,118.35,5090.18,5107.97,4081.15,6012.37,5252.40,5252.40
19,124.71,4028.56,4034.95,3127.75,4839.12,5128.41,5015.89
20,131.16,5865.07,5858.02,4926.50,6846.35,5039.63,5008.06
21,137.59,4174.17,4118.98,3229.07,5109.68,5303.68,5259.48
22,143.73,3263.19,3209.22,2618.77,4015.21,5280.73,5042.36
23,150.14,5540.47,5643.26,4571.17,6330.14,5105.68,4979.06
24,156.64,4320.56,4323.51,3544.63,5032.23,5348.37,5277.81
25,163.05,4454.64,4469.56,3702.99,5155.10,5342.24,5182.79
26,169.57,5054.38,5093.03,4277.79,5854.80,5525.44,5253.56
27,176.15,4638.86,4599.04,3782.73,5626.99,5417.73,5217.77
28,182.92,5394.47,5362.47,4732.14,6092.86,5166.35,4941.65
29,189.38,4549.31,4426.80,3664.97,5608.52,5164.90,5102.02
30,195.92,4934.21,4921.42,4322.16,5493.62,5431.23,5164.69
31,202.81,5927.51,6017.53,5032.35,6724.63,5425.56,5211.74
32,208.95,4597.99,4567.39,3767.49,5442.58,4941.81,4771.02
33,215.11,4502.38,4542.27,3934.14,5092.42,5023.38,4948.66
34,221.87,4272.95,4256.77,3411.16,5115.96,5380.82,5205.95
35,228.27,4602.46,4659.39,3424.85,5777.44,5299.38,5246.16
36,234.85,3870.01,3866.98,3122.07,4570.60,5617.89,5450.35
37,241.51,4635.16,4542.63,3779.63,5587.27,5389.39,5389.39
38,248.23,5638.75,5542.41,4672.27,6813.73,5388.12,5388.12
39,254.86,4764.24,4874.68,3595.60,5684.67,5365.29,5350.29
40,261.32,4969.37,4945.11,4281.75,5670.80,5392.13,5255.84
41,267.76,4250.76,4240.95,3585.11,4902.31,5359.44,5239.69
42,274.15,4362.46,4298.05,3612.60,5167.45,5391.54,5269.42
43,281.05,6707.01,6655.19,5871.48,7722.31,5555.88,5392.76
44,287.58,3665.81,3628.77,2969.44,4378.49,5757.45,5378.33
45,294.16,5338.54,5344.16,4095.36,6610.36,5342.44,5305.49
46,300.59,4740.33,4821.54,3982.85,5373.04,5198.97,5135.93
47,307.23,4780.96,4732.19,3989.08,5688.96,5592.04,5407.13
48,314.01,5807.59,5779.83,4766.12,6935.84,5462.97,5362.70
49,320.86,5612.10,5656.83,4836.33,6343.50,5439.65,5210.30
50,328.01,5922.40,5953.92,4748.25,7003.56,5612.19,5540.20
51,334.42,4649.82,4593.26,3629.44,5853.13,5271.17,5222.07
52,341.15,4492.81,4440.06,3784.10,5257.02,5719.24,5446.19
53,347.60,3980.72,3954.97,3283.88,4653.60,5463.81,5265.86
54,354.42,5287.82,5284.06,4523.42,6119.59,5711.53,5398.45
55,361.18,5680.20,5677.02,4801.18,6554.71,5492.99,5230.19
56,367.41,4386.52,4437.89,3457.54,5269.00,5247.57,5041.14
57,374.09,6517.00,6520.62,5573.98,7370.61,5455.52,5215.08
58,381.05,5485.66,5365.00,4514.98,6692.00,5672.95,5658.99
59,388.01,6364.04,6286.66,5549.51,7355.61,5564.34,5353.89
60,394.34,4256.95,4212.73,3383.39,5171.31,5483.34,5141.05
61,400.84,5822.99,5823.22,4731.61,6891.49,5208.33,5109.41
62,407.30,4397.69,4445.83,3337.93,5496.00,5512.11,5372.43
63,414.22,4944.07,4902.29,4264.49,5675.25,5797.93,5797.93
64,420.97,5971.06,5973.78,5226.94,6709.69,5302.59,5185.24
65,427.59,4240.00,4258.99,3535.31,4855.90,5294.36,5189.42
66,434.15,5662.04,5662.97,4699.64,6612.72,5254.30,4936.15
67,440.63,5030.79,5058.49,4298.87,5704.25,5305.67,5108.15
68,447.07,5545.41,5641.94,4302.30,6604.99,5188.82,5076.17
69,453.52,5522.24,5535.47,4936.69,6059.97,5437.66,5324.67
70,459.82,4125.24,4133.39,3306.76,4910.87,5369.65,5217.31
71,466.08,5253.79,5216.77,4727.97,5824.08,5283.69,5239.37
72,472.97,5828.08,5854.77,4976.06,6803.94,5671.76,5331.17
73,479.21,3838.28,3809.75,3204.18,4422.76,5197.77,4830.86
74,485.82,5742.84,5798.35,4921.75,6530.09,5337.97,5162.35
75,492.48,5989.23,6037.17,5106.82,6767.41,5403.61,5376.70
76,498.75,4800.18,4765.01,4003.05,5585.19,5160.37,5131.01
77,505.09,4311.41,4323.42,3274.52,5334.25,5442.19,5352.09
78,511.81,5712.23,5854.84,4473.20,6649.53,5369.60,5369.60
79,518.45,5533.52,5552.55,4577.54,6576.15,5444.26,5059.53
80,525.30,6203.64,6095.73,5459.76,7115.82,5677.63,5545.58
81,531.85,4633.00,4669.61,3562.89,5659.24,5346.50,5298.19
82,538.22,4219.70,4143.08,3538.17,5015.30,5241.60,5170.76
83,544.64,5780.31,5914.27,4821.34,6669.29,5286.18,5106.79
84,550.95,4440.39,4436.48,3730.89,5042.35,5123.97,5053.83
85,557.38,5727.88,5781.04,4991.02,6485.07,5267.81,5121.90
86,564.07,5545.24,5530.21,4730.20,6414.33,5308.37,5244.97
87,570.77,6526.13,6584.38,5467.27,7489.27,5292.56,5245.10
88,576.98,4795.06,4788.25,4216.23,5528.61,5390.80,5097.35
89,583.85,6428.30,6492.79,5489.41,7309.32,5531.57,5528.71
90,590.02,4684.65,4737.94,3972.52,5407.54,5354.76,5129.98
91,596.30,5116.54,5146.37,4433.50,5755.48,5314.32,5093.08
92,602.41,3968.25,4044.91,3110.20,4640.67,5447.82,5354.04
93,609.34,5134.67,5104.62,4166.23,6110.36,5583.11,5331.51
94,615.66,4316.93,4202.13,3395.35,5360.00,5262.40,5195.93
95,622.60,5901.58,5902.62,4929.64,6845.51,5453.48,5359.79
96,628.89,4803.92,4732.02,3840.27,5844.16,5379.77,5080.80
97,635.52,5888.29,6049.56,4809.08,6972.67,5430.11,5307.73
98,641.61,3947.88,3973.95,3126.73,4754.62,5306.54,4922.65
99,648.24,5144.04,5108.89,4351.07,5943.87,5278.43,5215.71
100,654.82,5401.89,5331.17,4541.53,6260.85,5237.52,5147.45
101,661.25,5775.67,5769.85,4573.56,6951.29,5200.26,5179.10
102,667.56,4795.17,4749.95,4147.99,5550.78,5389.64,5160.97
103,674.30,5796.01,5713.64,4956.13,6907.65,5413.87,5182.09
104,680.84,5472.83,5440.54,4516.64,6429.78,5327.78,5327.78
105,687.42,4698.20,4718.29,3953.60,5377.08,5391.78,5357.32
106,694.08,4958.16,4944.82,4229.89,5754.38,5529.63,5463.01
107,700.58,4529.79,4544.83,3700.25,5457.34,5472.49,5287.20
108,706.86,4767.56,4740.52,3904.81,5595.54,5362.81,5085.99
109,713.16,3237.06,3233.84,2627.86,3893.04,5647.24,5547.43
110,719.56,4656.64,4635.70,3858.82,5379.16,5742.47,5742.47
111,726.31,5585.81,5560.78,4609.32,6568.00,5437.51,5418.46
112,732.92,4061.76,4109.85,3226.75,4818.71,5538.18,5419.87
113,739.36,5099.44,5054.04,4279.17,5963.39,5360.89,5294.25
114,746.13,5768.44,5881.35,4870.76,6614.92,5574.08,5447.94
115,752.45,3469.96,3434.97,2878.89,4050.55,5435.42,5337.58
116,758.90,5215.69,5216.49,4251.37,6140.38,5309.01,5093.75
117,765.58,4562.31,4566.42,3628.93,5457.07,5499.53,5499.53
118,772.11,4876.27,4936.02,4104.07,5566.30,5497.33,5497.33
119,778.40,4430.22,4386.13,3642.58,5151.53,5289.66,5168.64
120,785.37,6087.21,6046.44,4923.34,7064.64,5599.34,5547.43
121,791.84,4369.87,4318.00,3651.86,5151.83,5428.67,5309.87
122,798.56,3725.60,3675.42,3026.61,4432.81,5522.23,5333.37
123,805.75,6685.08,6687.79,5698.60,7657.11,5738.56,5591.53
124,812.66,6004.18,6076.82,4882.80,7188.68,5445.63,5315.24
125,819.35,4828.23,4767.35,3887.09,5822.67,5646.29,5409.56
126,826.07,5599.42,5637.78,4843.26,6361.16,5763.88,5763.88
127,832.99,5592.64,5584.05,4611.93,6601.23,5733.19,5513.33
128,839.83,4418.05,4371.07,3678.45,5253.49,5657.23,5657.23
129,846.39,6095.27,6171.86,5144.23,7072.77,5384.34,5141.05
130,853.00,5329.10,5322.56,4429.25,6209.35,5531.37,5264.96
131,859.63,4338.89,4310.66,3732.62,4979.91,5536.88,5413.04
132,866.48,4436.32,4499.49,3396.71,5296.72,5718.00,5603.21
133,873.04,4798.52,4703.31,3897.67,5798.91,5579.13,5576.95
134,879.87,6235.64,6358.25,4770.41,7542.42,5577.40,5281.31
135,886.81,6008.26,5970.57,5058.14,7181.60,5676.70,5441.35
136,893.63,5640.45,5667.89,4721.12,6522.62,5668.80,5583.36
137,900.22,5323.31,5343.06,4535.84,6083.88,5528.67,5437.34
138,907.11,4885.01,4981.63,4043.40,5690.69,5686.00,5512.32
139,914.28,6623.37,6629.32,5557.50,7477.08,5914.45,5772.97
140,920.85,4684.76,4627.52,3974.43,5431.99,5540.50,5257.19
141,927.49,5324.96,5286.35,4573.37,6130.49,5510.76,5322.02
142,934.30,6187.53,6226.85,5431.24,6971.02,5489.94,5357.89
143,940.70,4748.01,4760.55,4052.68,5516.10,5421.97,5189.08
144,947.26,5690.39,5689.00,4886.07,6587.84,5628.02,5504.69
145,953.96,5173.81,5191.02,4186.44,6118.01,5652.19,5650.58
146,960.79,5975.29,5942.66,5334.70,6703.82,5606.44,5356.70
147,967.66,6672.37,6718.80,5708.53,7567.33,5594.00,5594.00
148,974.59,4627.43,4649.80,3645.43,5438.94,5628.92,5577.80
149,980.98,4497.70,4461.95,3922.04,5104.97,5298.62,5065.97
150,987.77,6657.75,6674.20,5641.64,7530.71,5706.79,5377.95
151,994.39,5518.96,5411.89,4787.54,6463.01,5723.57,5467.65
152,1001.27,6241.04,6264.58,5358.11,7094.37,5578.96,5415.88
153,1007.79,4754.40,4753.57,4072.93,5463.15,5789.16,5657.95
154,1014.33,5549.86,5545.99,4740.84,6431.85,5421.69,5291.16
155,1021.09,4697.88,4737.47,3967.03,5386.14,5379.84,5188.32
156,1027.46,4535.99,4548.62,3721.16,5318.38,5321.67,5235.90
157,1034.20,5915.31,5878.58,5020.60,6942.09,5378.98,5354.54
158,1040.38,4206.65,4160.19,3607.40,4819.44,5315.80,5101.75
159,1046.87,4465.58,4446.95,3908.22,5134.92,5500.03,5297.60
160,1053.34,4799.19,4870.56,4016.53,5522.16,5364.58,5230.53
161,1060.21,5984.84,5987.96,5260.36,6670.61,5564.59,5258.44
162,1066.85,5352.40,5353.63,4585.14,6179.75,5636.06,5554.27
163,1073.08,4512.66,4529.05,3926.79,5017.48,5316.35,5100.41
164,1080.07,6363.03,6396.21,5266.42,7499.98,5494.48,5494.48
165,1086.61,5102.78,5073.47,4544.32,5751.25,5500.33,5127.13
166,1093.23,5160.89,5211.02,4312.25,5891.11,5685.35,5685.35
167,1099.84,5456.16,5378.59,4645.84,6290.14,5459.29,5278.94
168,1106.08,4404.66,4408.50,3877.11,4936.76,5271.95,5120.83
169,1112.41,4429.20,4360.71,3586.25,5347.75,5294.02,5257.39
170,1118.97,4570.10,4555.12,3821.36,5266.42,5631.51,5435.08
171,1125.52,4283.63,4301.26,3468.45,5018.09,5596.45,5541.49
172,1131.75,4077.01,4029.02,3480.81,4759.84,5432.45,5417.74
173,1138.61,5632.41,5591.11,4594.48,6746.55,5503.82,5467.27
174,1145.03,5099.84,5035.25,3922.03,6195.82,5489.49,5380.09
175,1151.44,4280.73,4223.60,3490.00,5200.56,5397.09,5174.68
176,1157.92,4305.01,4273.11,3592.06,5078.34,5617.98,5508.26
177,1164.69,5842.35,5819.85,4907.74,6731.70,5806.77,5475.24
178,1171.43,5618.05,5717.13,4664.42,6501.92,5622.01,5622.01
179,1178.25,5754.42,5794.75,4707.18,6767.36,5786.58,5423.27
180,1185.13,4830.69,4858.01,4056.91,5614.31,5854.93,5732.46
181,1191.67,4688.79,4747.96,3898.55,5416.24,5200.04,5071.57
182,1198.17,4583.69,4636.48,3663.21,5359.41,5608.65,5337.90
183,1204.72,4584.73,4583.57,3923.15,5268.52,5495.09,5319.41
184,1211.29,5900.39,5985.73,4902.31,6782.45,5281.50,5099.07
185,1218.12,6171.33,6166.18,4551.38,7932.63,5584.71,5497.97
186,1224.39,4344.53,4340.66,3799.30,4863.19,5407.33,5407.33
187,1231.03,5344.80,5410.79,4534.99,6109.62,5738.16,5427.04
188,1237.78,5371.09,5432.98,4490.09,6103.50,5635.32,5377.33
189,1244.73,6498.17,6513.61,5638.78,7356.09,5553.95,5547.21
190,1251.38,5079.46,5089.58,4342.52,5815.87,5740.39,5635.92
191,1258.23,5562.58,5596.90,4539.02,6678.17,5650.33,5515.89
192,1265.16,5791.83,5780.67,4963.94,6587.33,5686.97,5617.68
193,1272.17,6368.53,6275.79,5389.12,7360.41,5637.19,5239.90
194,1278.86,4200.36,4221.10,3437.51,4865.23,5579.51,5513.88
195,1285.59,5557.23,5567.89,4659.71,6523.45,5739.65,5536.16
196,1292.43,6475.00,6500.50,5584.60,7268.40,5620.86,5491.76
197,1299.19,5534.66,5528.24,4502.23,6630.92,5488.62,5312.32
198,1306.17,6535.40,6488.06,5599.36,7706.24,5746.82,5655.57
199,1312.66,4924.48,4867.98,4152.17,5735.19,5452.12,5273.06
200,1319.52,6771.94,6797.60,5800.87,7832.75,5567.86,5461.29
201,1326.37,5713.93,5699.48,4757.32,6754.66,5717.84,5489.14
202,1333.08,5352.88,5361.94,4534.19,6185.42,5705.40,5615.91
203,1339.63,5295.35,5282.85,4505.33,6099.09,5364.40,5075.56
204,1345.91,3903.22,3861.74,3021.65,4789.55,5575.99,5575.99
205,1352.77,5698.52,5731.20,4970.42,6478.49,5695.23,5581.94
206,1359.45,4744.59,4722.84,4012.34,5563.37,5690.50,5607.15
207,1366.14,4740.57,4671.06,3690.34,5793.35,5487.10,5115.47
208,1372.92,5676.29,5662.55,4868.52,6449.46,5478.61,5184.72
209,1379.80,6416.68,6483.27,5062.31,7890.30,5596.38,5420.23
210,1386.83,6074.62,6175.62,5099.97,7158.80,5766.48,5541.80
211,1393.42,5387.81,5366.43,4335.62,6457.86,5636.52,5287.03
212,1400.15,5811.77,5859.45,4714.57,6819.37,5618.20,5382.48
213,1406.50,4067.05,4009.81,3353.79,4771.44,5609.69,5486.95
214,1413.00,4404.25,4406.95,3690.68,5064.64,5538.94,5455.54
215,1419.61,4690.63,4683.84,3936.61,5443.25,5518.90,5518.90
216,1426.45,4967.10,4916.71,4069.31,6027.35,5726.95,5686.68
217,1433.00,5895.42,5885.05,5142.65,6577.46,5486.88,5287.75
218,1439.30,4607.49,4580.90,3644.17,5470.71,5139.48,4990.44
219,1445.79,4043.82,4000.84,3298.74,4832.81,5520.53,5431.85
220,1452.41,5680.59,5668.33,4841.92,6558.20,5504.93,5355.38
221,1459.15,5720.37,5759.30,4804.78,6799.69,5565.46,5444.70
222,1465.99,6072.05,6124.73,5036.71,6902.64,5575.42,5383.98
223,1472.39,4866.58,4847.38,4127.58,5590.86,5519.11,5234.78
224,1478.92,4719.11,4749.04,3977.07,5356.58,5648.34,5367.83
225,1485.73,5111.25,5154.86,4137.58,6097.55,5642.26,5590.54
226,1492.07,4620.39,4603.04,3657.55,5520.15,5335.12,5210.70
227,1499.02,5616.37,5637.56,4607.39,6684.00,5701.28,5701.28
228,1505.65,5792.63,5815.42,4884.36,6604.48,5424.08,5293.27
229,1512.37,5392.04,5444.22,4438.91,6187.59,5711.72,5427.44
230,1518.97,4783.30,4867.50,4131.30,5304.77,5607.65,5506.50
231,1526.08,5540.04,5549.48,4768.11,6392.91,5757.71,5674.71
232,1533.19,7327.17,7407.66,6041.84,8444.36,5810.32,5580.08
233,1540.26,6130.76,6137.75,5117.59,7077.22,5553.99,5540.56
234,1546.37,4157.57,4171.22,3530.25,4805.75,5538.62,5322.13
235,1553.21,5491.07,5577.43,4537.91,6328.77,5597.32,5457.27
236,1559.91,4283.15,4271.84,3418.03,5163.55,5663.79,5410.67
237,1566.20,3686.46,3638.18,3077.98,4411.81,5517.82,5517.82
238,1573.10,5175.94,5227.90,4500.84,5820.85,5651.88,5411.23
239,1579.70,5641.51,5675.88,4779.98,6456.79,5534.71,5075.17
240,1586.42,4506.98,4546.17,3638.95,5204.45,5853.27,5381.96
241,1592.78,3995.43,3913.96,3148.70,5027.22,5426.57,5111.40
242,1599.67,4822.03,4878.96,4012.55,5560.13,5859.48,5638.78
243,1606.53,5854.90,5855.21,4917.60,6781.35,5849.74,5849.74
244,1613.59,5114.15,5125.67,4313.38,5967.66,6134.47,6029.21
245,1620.12,4845.45,4857.84,3964.88,5609.02,5582.40,5285.03
246,1626.72,4089.98,4077.85,3478.38,4721.60,5775.05,5685.29
247,1633.59,6102.31,6126.81,5068.52,7135.46,5685.89,5685.89
248,1640.27,5328.58,5387.33,4543.64,6028.51,5645.64,5508.21
249,1646.88,6355.50,6404.55,5216.39,7346.39,5564.21,5457.73
250,1653.56,5874.29,5988.45,4853.02,6663.38,5442.90,5442.90
251,1660.74,4954.78,4960.95,4365.85,5485.88,6155.49,6097.50
252,1667.56,5546.54,5602.97,4768.17,6285.62,5724.31,5448.23
253,1674.05,5187.63,5169.28,4448.35,5887.91,5629.01,5333.94
254,1680.80,4948.73,5003.79,4099.17,5839.65,5748.19,5702.31
255,1687.18,4351.90,4351.01,3411.94,5320.55,5494.69,5486.31
256,1693.90,5659.81,5639.07,4633.94,6582.68,5646.99,5514.84
257,1700.55,4753.27,4760.04,3800.82,5785.02,5703.25,5611.61
258,1707.35,5617.11,5562.60,5030.36,6242.67,5639.54,5630.93
259,1714.09,5196.67,5179.49,4410.12,5954.39,5847.08,5725.29
260,1721.25,5478.80,5433.90,4415.17,6499.50,5962.29,5808.25
261,1727.81,5643.89,5692.20,4887.53,6463.51,5641.57,5568.57
262,1734.44,5762.57,5796.08,4578.42,6927.59,5428.69,5187.75
263,1741.33,4834.95,4831.90,3830.27,5868.66,5784.90,5664.24
264,1748.55,6016.64,6001.63,5315.82,6823.52,6192.57,6192.57
265,1755.18,4996.10,4904.83,4129.25,5988.97,5656.38,5417.69
266,1762.04,6224.52,6259.92,5528.10,7015.35,5595.95,5306.44
267,1768.78,5404.75,5459.16,4258.79,6564.60,5576.79,5390.04
268,1775.31,4790.13,4807.14,3987.55,5551.40,5460.30,5258.27
269,1782.25,5359.96,5312.11,4466.22,6315.99,5740.22,5640.59
270,1789.17,5284.62,5228.51,4451.35,6091.32,5781.06,5493.71
271,1796.01,4589.54,4611.70,3830.18,5321.31,5786.36,5749.98
272,1802.69,4972.03,4974.66,4130.08,5797.03,5604.48,5487.66
273,1809.17,4142.57,4153.90,3388.39,4891.34,5479.03,5314.39
274,1815.96,5396.85,5266.34,4412.08,6537.21,5628.04,5628.04
275,1822.73,5091.91,5106.71,4214.82,6077.12,5528.55,5368.35
276,1829.49,5235.94,5153.75,4363.92,6218.97,5679.44,5546.94
277,1835.97,4374.55,4434.12,3698.68,4942.33,5523.14,5206.65
278,1842.96,6523.44,6548.59,5564.33,7450.75,5488.41,5342.08
279,1849.76,5300.25,5354.04,4338.73,6127.17,5361.45,5178.99
280,1856.20,4601.16,4554.54,4006.76,5210.61,5578.29,5455.56
281,1862.89,5604.15,5623.04,4745.21,6383.78,5526.60,5481.85
282,1869.51,4239.97,4165.35,3566.65,5038.03,5765.29,5744.74
283,1876.45,5330.09,5347.38,4549.54,6135.35,5568.00,5383.82
284,1883.19,5937.22,6015.57,4842.71,6937.91,5589.43,5422.46
285,1889.65,4335.65,4415.74,3565.34,5051.02,5554.06,5234.06
286,1896.45,5166.16,5263.54,4344.07,6066.74,5796.57,5711.34
287,1903.00,4710.60,4715.38,4145.50,5246.56,5479.37,5450.61
288,1909.57,5113.83,5078.66,4586.91,5642.44,5578.62,5414.70
289,1916.14,4131.98,4170.33,3352.18,4945.38,5868.68,5868.68
290,1922.67,4549.21,4570.90,3699.13,5340.97,5564.01,5316.46
291,1929.54,6171.55,6199.81,4991.50,7224.55,5678.02,5481.07
292,1935.95,3598.65,3542.33,3123.72,4168.02,5491.48,5452.63
293,1942.50,3446.98,3407.62,2741.95,4195.56,5655.75,5566.80
294,1948.78,4418.97,4500.55,3733.78,5064.66,5756.43,5477.07
295,1956.06,7669.49,7658.38,6403.77,9012.07,5869.44,5362.99
296,1962.63,4196.40,4213.17,3500.53,4896.26,5586.65,5586.65
297,1969.23,5112.87,5058.42,4309.82,6020.94,5451.41,5281.58
298,1976.05,5700.06,5787.35,4520.44,6846.44,5606.72,5445.29
299,1983.10,5693.54,5673.29,4846.73,6683.12,5761.00,5761.00
300,1989.57,4811.73,4775.05,3968.24,5713.30,5509.54,5137.59
301,1995.87,3908.87,3860.34,3098.28,4768.74,5469.81,5229.17
302,2002.36,5321.64,5331.24,4789.87,5933.63,5396.36,5257.47
303,2008.85,4638.04,4598.79,3959.40,5313.75,5581.12,5274.11
304,2015.33,4550.59,4555.22,3750.75,5407.73,5642.23,5642.23
305,2021.99,4406.27,4391.11,3641.11,5202.49,5556.75,5413.87
306,2028.85,5451.74,5493.28,4599.74,6425.88,5792.83,5525.26
307,2035.71,5387.94,5358.42,4530.91,6369.45,5645.17,5608.59
308,2042.67,5763.93,5757.62,4837.30,6657.33,5771.36,5536.56
309,2049.42,5172.65,5128.81,4222.42,6206.22,5662.35,5512.65
310,2056.02,4662.25,4669.71,3971.58,5316.57,5432.68,5411.08
311,2062.90,6207.00,6222.92,5250.08,7303.28,5714.96,5395.65
312,2068.86,3655.47,3587.81,3000.84,4345.01,5254.16,5087.48
313,2075.50,5309.36,5352.94,4500.19,6124.90,5548.60,5343.80
314,2082.54,6151.90,6126.84,5288.33,7053.75,5592.64,5552.91
315,2089.38,5627.31,5582.74,4699.42,6610.55,5480.82,5383.22
316,2096.07,6328.81,6361.12,5166.97,7419.31,5487.36,5239.59
317,2102.45,4044.74,4019.21,3189.65,4962.72,5451.61,5451.61
318,2108.82,4495.81,4444.96,3914.70,5105.12,5344.34,5164.74
319,2115.32,4390.11,4372.82,3406.49,5420.78,5395.18,5287.49
320,2122.00,5256.54,5289.88,4260.63,6133.68,5455.51,5351.62
321,2128.62,4782.60,4704.28,4070.84,5625.30,5646.47,5402.53
322,2135.32,6254.79,6299.90,5037.81,7367.77,5264.67,5210.20
323,2141.35,3979.08,3877.52,3374.28,4644.40,5371.15,5252.82
324,2147.97,4191.43,4161.28,3551.46,4889.88,5858.55,5529.00
325,2154.31,4647.62,4594.58,3989.75,5321.19,5350.21,5037.45
326,2161.20,5137.93,5201.42,4314.69,5929.33,5723.77,5616.92
327,2167.66,4771.02,4851.44,3665.27,5656.31,5504.75,5305.76
328,2174.68,5649.86,5656.23,4740.47,6641.44,5617.66,5548.16
329,2180.97,5445.78,5470.50,4643.91,6130.18,5124.33,4889.31
330,2187.25,4306.03,4289.86,3755.39,5011.57,5447.44,5330.96
331,2193.52,4882.40,4877.48,4333.30,5502.96,5425.32,5201.11
332,2199.85,4393.31,4401.85,3563.64,5162.65,5313.90,5243.95
333,2206.72,6538.67,6498.97,5439.30,7567.44,5544.90,5494.59
334,2213.39,4917.76,4843.31,4139.43,5780.70,5686.94,5461.57
335,2219.90,5240.80,5207.64,4349.70,6111.31,5537.88,5375.80
336,2226.43,4515.39,4445.53,3641.98,5396.75,5713.51,5696.11
337,2233.29,5222.12,5284.28,4216.19,6189.94,5557.37,5481.17
338,2239.80,5614.12,5620.66,4735.61,6374.18,5298.54,5247.46
339,2246.13,4712.93,4786.61,3901.08,5525.72,5349.54,5220.09
340,2252.52,4944.28,4946.21,4067.12,5756.91,5220.30,5049.23
341,2259.22,5425.21,5437.37,4459.57,6471.64,5566.97,5486.06
342,2266.05,6707.27,6728.81,5715.25,7610.27,5618.98,5406.79
343,2273.07,7317.70,7364.77,6090.65,8507.31,5734.59,5362.13
344,2279.73,6175.87,6234.24,5046.54,7258.87,5151.95,5149.77
345,2286.55,5843.75,5888.74,4478.66,6918.10,5614.70,5348.18
346,2293.14,5443.20,5454.36,4264.63,6638.86,5545.41,5357.88
347,2300.13,5401.85,5339.20,4603.25,6230.21,5584.37,5256.66
348,2306.75,4078.51,4067.60,3418.28,4849.78,5736.12,5689.94
349,2313.63,6189.50,6212.76,5183.34,7107.30,5686.85,5659.19
350,2320.50,7002.70,6963.57,6121.31,7939.81,5449.17,5430.23
351,2327.04,5365.01,5368.76,4723.67,6017.61,5289.18,5267.87
352,2333.87,5143.16,5135.04,4204.00,6167.78,5579.10,5438.82
353,2340.42,4979.21,4943.62,4041.28,5997.26,5359.31,5242.37
354,2347.05,3414.85,3341.11,2672.23,4233.00,5659.91,5547.08
355,2353.55,4099.91,4133.75,3241.34,4812.33,5504.80,5364.32
356,2360.18,5584.07,5709.46,4691.73,6488.06,5519.79,5355.59
357,2367.23,6179.89,6205.39,5198.13,7142.93,5686.94,5628.22
358,2373.82,5292.70,5312.88,4431.46,6081.96,5480.62,5284.30
359,2380.40,4658.11,4689.84,3874.34,5398.35,5669.78,5478.97
360,2386.66,4589.51,4579.51,3863.43,5315.09,5348.96,5200.88
361,2393.46,5792.64,5865.97,4538.27,6754.59,5413.63,5209.07
362,2399.85,4616.38,4591.04,3874.17,5296.17,5523.48,5471.43
363,2406.06,4214.49,4234.69,3558.24,4821.81,5424.76,5414.33
364,2413.05,5532.11,5513.49,4611.73,6482.80,5707.74,5539.48
365,2419.61,4233.56,4234.40,3526.47,4882.76,5604.41,5265.35
366,2426.44,4495.91,4444.90,3880.76,5249.52,5553.80,5403.73
367,2433.28,5967.79,5932.97,5114.87,6794.94,5539.45,5514.35
368,2440.02,5462.07,5461.83,4599.67,6300.18,5520.30,5415.42
369,2446.67,5728.33,5735.15,4720.30,6700.08,5541.27,5300.45
370,2453.07,3855.66,3852.80,3139.70,4493.05,5647.81,5526.08
371,2459.81,4183.64,4177.67,3224.44,5214.06,5738.87,5731.13
372,2466.46,4591.63,4497.71,3737.39,5558.16,5250.54,5182.52
373,2473.05,4811.13,4791.22,3872.78,5671.23,5651.05,5479.08
374,2479.76,5266.75,5330.92,4260.11,6167.30,5710.11,5625.09
375,2486.26,5625.10,5610.07,4908.05,6416.44,5602.72,5383.53
376,2493.19,4936.39,4926.33,4102.24,5805.16,5745.19,5356.92
377,2499.76,4651.92,4766.59,3572.21,5475.31,5459.62,5306.77
378,2506.49,4036.51,3963.85,3478.98,4789.87,5629.98,5629.98
379,2513.12,5321.65,5361.33,4611.71,6022.22,5701.43,5640.43
380,2519.60,5177.55,5112.66,4446.10,5995.69,5422.90,5422.64
381,2526.33,5645.65,5679.21,4728.17,6627.04,5488.02,5316.98
382,2532.51,3326.37,3294.06,2718.08,3940.25,5658.25,5291.40
383,2539.40,6069.58,6134.14,4634.29,7247.52,5655.65,5321.48
384,2546.15,5531.38,5604.36,4762.11,6183.35,5467.73,5467.73
385,2552.72,4843.58,4875.64,3961.82,5668.62,5592.23,5175.28
386,2559.46,5737.23,5718.26,4946.00,6522.63,5670.18,5376.01
387,2566.09,5528.21,5475.65,4696.66,6475.68,5561.25,5447.25
388,2572.64,4357.46,4409.27,3495.87,5108.21,5802.41,5732.27
389,2579.37,5680.64,5701.20,4726.94,6619.74,5516.34,5308.99
390,2586.01,5326.22,5323.83,4405.32,6310.86,5479.84,5312.37
391,2592.69,6062.77,6110.60,5276.54,6769.74,5546.92,5428.33
392,2599.48,6192.87,6125.57,5102.28,7472.44,5526.04,5465.16
393,2606.23,5719.00,5746.49,4899.99,6589.60,5668.50,5498.61
394,2613.07,5846.71,5856.64,4860.07,6823.04,5474.31,5364.86
395,2619.98,4130.65,4047.08,3309.08,5052.10,5953.39,5704.27
396,2626.64,5236.60,5254.75,4327.11,6187.86,5757.88,5468.87
397,2632.87,3884.48,3857.11,3218.92,4552.36,5523.95,5403.70
398,2639.87,5514.66,5522.60,4711.42,6278.64,5568.69,5389.02
399,2646.81,5662.45,5631.60,4777.54,6656.23,5924.02,5683.72
400,2654.10,5509.22,5454.79,4520.20,6513.48,5739.83,5725.39
401,2660.34,3587.51,3540.90,3103.34,4165.11,5710.43,5542.58
402,2667.16,5896.10,5847.71,5132.40,6687.37,5587.64,5492.80
403,2673.70,4615.12,4591.67,3898.20,5445.72,5738.88,5608.46
404,2680.24,5052.28,5024.65,4060.94,5945.73,5565.07,5412.19
405,2686.82,4875.68,4790.30,4219.68,5696.90,5669.05,5445.64
406,2693.31,3855.04,3840.10,3034.96,4733.81,5466.92,5097.95
407,2699.73,4919.63,4870.42,4300.88,5711.59,5519.94,5332.90
408,2706.53,5525.05,5492.25,4594.25,6673.76,5579.12,5509.89
409,2713.19,5412.07,5386.63,4548.10,6382.05,5532.41,5236.81
410,2719.71,5629.86,5573.15,4752.28,6525.19,5279.41,5112.91
411,2726.54,5506.38,5544.91,4413.46,6639.51,5593.04,5385.52
412,2733.58,7744.45,7845.43,6685.87,8796.23,5697.56,5617.59
413,2740.72,6549.06,6511.70,5594.31,7568.48,5720.56,5680.28
414,2747.65,5994.25,5912.49,5243.61,6948.19,5639.97,5561.47
415,2754.27,4635.04,4583.26,3996.07,5401.87,5639.42,5522.67
416,2760.61,5124.60,5047.94,4207.07,6217.98,5099.25,4889.86
417,2767.05,4625.21,4652.72,3831.77,5566.97,5439.44,5374.28
418,2773.77,5081.86,5093.19,4529.83,5580.67,5774.41,5740.76
419,2780.62,6352.54,6408.40,5181.68,7443.42,5808.96,5674.74
420,2786.91,3873.66,3908.69,3174.60,4460.23,5473.57,5301.25
421,2793.68,6307.67,6284.10,5444.81,7245.29,5601.03,5601.03
422,2800.03,3853.66,3781.53,3116.04,4648.71,5674.73,5563.66
423,2806.85,6211.84,6152.13,5249.33,7267.79,5576.80,5290.74
424,2813.34,5029.93,4968.27,4480.19,5674.74,5562.93,5562.54
425,2820.44,6452.78,6473.07,5851.69,7095.00,5954.50,5794.30
426,2827.05,5698.99,5708.93,4860.97,6545.48,5442.95,5365.75
427,2834.23,5664.12,5588.22,4963.28,6446.88,6037.17,5916.50
428,2840.96,6380.15,6424.96,5414.44,7329.04,5493.89,5240.48
429,2847.17,3417.37,3396.50,2726.90,4120.83,5442.61,5277.84
430,2853.82,5834.40,5862.22,4817.49,6720.05,5611.66,5424.09
431,2860.27,4711.31,4713.42,3968.15,5349.88,5508.98,5385.33
432,2866.97,6072.27,6055.40,5202.04,6918.16,5649.92,5649.92
433,2873.50,4490.45,4493.30,3774.71,5195.07,5573.60,5388.66
434,2880.13,4996.38,4966.31,4195.19,5825.72,5534.51,5475.93
435,2886.76,4408.68,4365.26,3644.60,5227.29,5592.64,5513.49
436,2893.41,5053.45,4963.45,4454.26,5738.17,5693.67,5693.67
437,2899.92,4727.13,4768.47,3976.53,5543.02,5448.94,5284.71
438,2906.39,5063.35,4993.08,4040.17,6171.82,5534.94,5531.09
439,2913.15,5936.59,5959.12,5223.16,6613.61,5569.91,5369.34
440,2919.77,5695.40,5692.74,4892.29,6456.59,5538.62,5339.15
441,2926.75,6594.35,6599.55,5560.15,7637.35,5770.29,5447.63
442,2933.78,6166.41,6162.77,5127.73,7139.02,5753.98,5647.22
443,2940.80,5928.94,5896.89,5002.99,6948.93,5757.58,5474.95
444,2947.55,5193.53,5113.07,4245.00,6156.59,5754.91,5557.13
445,2954.15,5737.91,5580.74,4752.07,6857.94,5349.00,5103.20
446,2960.86,5412.99,5397.42,4227.79,6621.48,5398.83,5095.87
447,2967.70,5273.96,5290.90,4571.54,6028.96,5714.54,5714.54
448,2974.75,5586.40,5626.76,4745.20,6367.25,5673.02,5673.02
449,2981.37,4708.81,4772.77,3882.55,5403.37,5520.39,5424.64
450,2988.14,6061.24,6081.00,5027.23,6937.21,5796.05,5439.46
451,2994.61,4788.26,4797.53,4213.61,5417.81,5489.01,5424.87
452,3001.49,5775.78,5799.91,4770.46,6584.24,5600.62,5423.73
453,3008.04,5296.76,5375.26,4377.75,6106.17,5480.02,5239.87
454,3014.75,5064.14,5130.65,4162.90,6017.94,5743.47,5563.89
455,3021.21,4747.20,4787.84,3974.79,5543.06,5495.64,5495.64
456,3027.78,4949.47,4917.63,4158.17,5845.04,5409.86,5382.90
457,3034.41,4693.52,4694.15,3696.41,5635.38,5552.21,5300.94
458,3041.02,5733.89,5778.30,4540.15,6764.15,5530.38,5325.00
459,3047.88,6455.00,6554.56,5557.86,7289.04,5684.47,5684.47
460,3054.88,5786.43,5856.34,4616.51,6831.30,5689.98,5585.44
461,3061.40,5186.84,5184.62,4456.26,5951.45,5633.46,5444.04
462,3067.55,4586.13,4534.94,3769.56,5372.63,5355.99,5057.37
463,3074.46,6047.80,6072.71,4959.20,7091.69,5427.04,5293.78
464,3080.87,5073.21,5072.67,4215.55,5898.06,5337.71,5163.83
465,3087.43,4984.74,4919.93,4076.67,5997.00,5573.70,5417.02
466,3094.16,4655.62,4579.53,4025.10,5516.26,5711.49,5379.85
467,3100.47,3182.00,3189.19,2486.17,3856.25,5616.60,5616.60
468,3106.77,5158.27,5129.00,4204.80,6159.07,5371.56,5047.26
469,3113.44,6277.03,6236.90,5484.02,7119.71,5539.46,5516.42
470,3119.96,4537.60,4528.00,3950.53,5106.42,5429.56,5272.11
471,3126.89,5715.72,5821.39,4737.39,6545.55,5755.95,5640.13
472,3132.95,3319.92,3339.50,2713.15,3889.82,5477.98,5151.51
473,3139.46,3996.39,3939.80,3211.46,4788.26,5735.51,5456.33
474,3145.97,4575.64,4601.64,3792.26,5319.39,5510.36,5510.36
475,3152.30,4293.33,4246.61,3480.68,5094.20,5272.82,5272.82
476,3158.50,3923.92,3886.24,3400.49,4455.84,5397.68,5301.79
477,3164.97,4401.89,4403.17,3722.04,5109.47,5698.16,5543.51
478,3171.57,4991.38,4970.50,4075.01,5973.53,5576.50,5234.75
479,3178.46,4715.27,4691.08,3928.31,5625.78,5755.27,5381.90
480,3185.06,4827.85,4831.37,3966.77,5749.35,5510.33,5360.45
481,3191.69,5490.89,5518.66,4600.44,6353.95,5380.81,5318.77
482,3197.97,4426.06,4416.21,3793.69,5057.68,5431.02,5170.42
483,3204.31,4519.71,4512.06,3865.90,5149.01,5590.89,5324.47
484,3210.73,5609.70,5594.33,4884.36,6408.97,5554.63,5277.98
485,3217.35,5678.64,5684.35,4747.07,6672.92,5382.97,5352.46
486,3223.96,4932.73,4957.50,4347.38,5530.00,5792.31,5707.17
487,3230.79,5704.76,5703.66,4816.62,6750.03,5776.81,5492.27
488,3237.46,5511.58,5514.12,4271.23,6635.45,5521.50,5498.35
489,3244.17,5073.73,5063.32,4233.12,5955.42,5570.18,5469.87
490,3250.63,4594.68,4594.43,3996.60,5224.74,5555.16,5399.05
491,3257.10,5567.50,5562.96,4725.40,6444.53,5646.78,5422.06
492,3263.96,5114.60,5125.22,4287.04,5826.67,5642.86,5642.86
493,3270.44,5013.22,5154.48,4034.74,5828.04,5404.55,5399.11
494,3276.89,4594.44,4581.35,3818.98,5421.76,5419.96,5419.96
495,3283.68,6209.55,6231.59,5065.67,7298.04,5515.75,5466.80
496,3290.09,5190.96,5135.59,4487.08,5953.73,5468.91,5239.82
497,3296.87,7454.13,7494.86,6422.62,8592.30,5459.91,5459.91
498,3303.23,5145.59,5110.25,4448.12,5950.27,5310.22,5233.70
499,3309.43,3465.29,3541.67,2789.26,4006.95,5331.81,5213.80
500,3316.22,6443.53,6456.57,5405.31,7383.09,5538.06,5343.09
501,3322.46,3191.12,3123.10,2544.27,3920.27,5608.56,5228.75
502,3329.40,4774.48,4801.86,3760.33,5739.50,5667.91,5590.84
503,3336.00,4785.94,4730.69,3855.41,5900.87,5522.54,5480.30
504,3342.32,4962.15,4930.36,4116.79,5870.70,5536.72,5382.92
505,3349.03,3655.12,3559.85,3036.60,4405.11,5952.42,5787.88
506,3355.65,4917.28,4878.25,4156.83,5683.22,5413.01,5199.36
507,3362.47,4789.94,4792.95,4001.77,5554.73,5436.18,5353.90
508,3369.38,7036.91,7182.17,5724.22,8251.62,5639.14,5532.71
509,3375.99,4015.45,3915.70,3234.18,4983.81,5629.71,5312.60
510,3382.52,4955.82,4986.85,4137.23,5760.23,5598.33,5598.33
511,3388.94,4396.38,4382.69,3793.48,5120.40,5636.78,5596.23
512,3395.72,5304.06,5293.08,4468.13,6193.69,5781.10,5672.04
513,3402.01,4304.31,4302.04,3498.28,5086.12,5461.06,5293.49
514,3408.97,6286.18,6233.60,4997.61,7734.42,5575.98,5488.73
515,3414.99,3454.27,3433.23,2632.85,4280.39,5303.94,5239.32
516,3421.07,3418.42,3432.99,2775.19,3917.10,5535.74,5423.82
517,3427.88,4785.87,4753.05,3842.84,5777.92,5962.51,5962.51
518,3434.18,4759.62,4800.17,3976.77,5500.63,5654.06,5588.39
519,3440.96,5729.71,5759.26,4812.07,6683.02,5637.66,5472.20
520,3447.89,5613.17,5620.75,4248.38,6909.91,5828.18,5558.23
521,3454.23,3760.09,3769.42,3186.70,4345.50,5472.84,5472.84
522,3461.26,7694.74,7756.35,6733.29,8681.57,5776.10,5562.29
523,3468.19,5536.27,5527.49,4795.29,6377.90,5583.97,5467.67
524,3475.29,6832.90,6985.09,5449.97,7848.36,5647.42,5428.87
525,3481.98,5351.06,5375.99,4560.83,6098.10,5647.88,5572.61
526,3488.36,4409.08,4442.77,3674.78,5056.86,5687.95,5453.38
527,3494.79,5019.17,5031.00,4083.62,5963.85,5389.25,5171.86
528,3501.13,4388.57,4405.70,3765.51,5032.06,5588.02,5454.62
529,3507.55,3908.27,3883.76,3035.85,4875.05,5568.39,5485.10
530,3514.64,6707.52,6662.69,5652.51,7759.28,5682.95,5444.91
531,3521.57,5807.52,5758.51,4967.44,6639.17,5798.44,5598.22
532,3528.48,5376.20,5330.07,4321.38,6463.05,5636.57,5367.51
533,3534.97,4120.00,4017.65,3378.69,5005.43,5714.53,5566.04
534,3541.59,4728.71,4737.00,3869.13,5566.13,5706.11,5533.48
535,3548.50,6725.19,6724.38,5695.68,7860.34,5473.68,5340.44
536,3555.11,4572.22,4552.56,3933.81,5261.46,5485.07,5157.63
537,3561.80,5611.40,5650.15,4933.49,6294.77,5590.26,5590.26
538,3568.20,3859.02,3800.23,3323.91,4512.30,5820.97,5741.85
539,3575.09,7959.18,8059.50,6509.67,9351.18,5387.52,5016.79
540,3581.99,5715.23,5694.66,4468.27,7012.24,5606.06,5518.13
541,3588.60,4429.30,4426.12,3757.12,5167.12,5537.04,5325.89
542,3595.01,5424.94,5424.14,4697.21,6116.55,5564.75,5211.75
543,3601.50,3963.75,3943.60,3213.00,4602.32,5637.78,5362.88
544,3607.94,4067.01,3998.31,3276.96,4925.00,5470.36,5287.00
545,3614.59,5574.39,5567.92,4730.09,6442.01,5373.25,5079.55
546,3621.08,5735.55,5785.12,4912.14,6472.28,5341.43,5236.61
547,3627.81,4191.40,4099.70,3231.19,5138.55,5755.21,5596.06
548,3634.13,4234.62,4248.91,3685.68,4797.18,5816.33,5816.33
549,3640.73,4805.27,4747.52,4051.93,5769.36,5741.35,5588.51
550,3647.34,5628.57,5703.13,4842.87,6278.59,5616.31,5233.01
551,3653.87,6170.02,6091.30,5219.30,7213.58,5437.76,5257.68
552,3660.16,5049.08,5098.62,4231.18,5727.83,5301.67,5158.97
553,3666.43,3552.79,3574.58,2816.84,4339.71,5531.04,5318.33
554,3672.56,3309.60,3250.70,2741.34,4002.27,5760.99,5506.16
555,3679.22,4625.77,4664.71,3767.08,5418.15,5722.30,5693.42
556,3686.01,6417.33,6422.92,5128.26,7662.66,5588.72,5524.90
557,3692.67,3970.07,3887.98,3183.32,4855.93,5658.09,5658.09
558,3699.30,5323.20,5288.73,4391.70,6354.56,5528.65,5414.08
559,3706.23,5423.38,5385.69,4588.91,6268.19,5513.13,5166.01
560,3713.14,4983.61,4920.54,4167.68,5936.02,5914.65,5716.10
561,3719.74,4948.61,5003.34,3895.35,5915.62,5635.69,5608.45
562,3726.77,5259.37,5311.88,4436.11,6101.25,5942.83,5942.83
563,3733.16,4332.27,4257.98,3641.83,5088.29,5502.27,5502.27
564,3740.20,5873.79,5932.78,4880.67,6749.79,5918.75,5874.07
565,3746.95,5570.67,5564.09,4788.53,6283.39,5469.87,5442.47
566,3753.86,5757.70,5741.89,4772.17,6762.61,5850.20,5675.24
567,3760.96,4787.93,4755.17,3820.93,5702.79,5843.35,5760.14
568,3767.26,4403.80,4342.42,3785.09,5144.23,5452.19,5111.49
569,3774.24,5536.49,5423.04,4550.89,6694.32,5824.37,5505.92
570,3780.82,5938.16,5893.82,5300.53,6655.51,5476.32,5311.03
571,3787.56,5013.20,4970.17,4323.28,5792.29,5584.46,5582.88
572,3794.40,4295.55,4338.40,3446.89,5078.69,5850.23,5696.90
573,3801.12,4701.70,4723.33,4000.07,5425.01,5707.95,5707.95
574,3807.95,5457.06,5369.40,4701.54,6307.08,5945.73,5808.12
575,3814.70,5591.87,5638.29,4726.81,6465.48,5700.41,5380.06
576,3821.25,4740.95,4631.89,4002.19,5585.34,5475.34,5327.79
577,3827.94,4288.17,4258.82,3591.93,4945.20,5964.65,5738.27
578,3834.82,5216.25,5190.65,4389.08,6137.75,5986.29,5986.29
579,3841.70,5472.68,5494.66,4400.51,6365.92,5504.39,5314.30
580,3848.42,6128.48,6155.83,5206.89,6952.42,5512.00,5168.84
581,3854.81,5470.73,5437.01,4672.71,6330.35,5489.92,5489.92
582,3861.21,4062.56,3986.60,3435.81,4791.33,5700.43,5445.99
583,3867.68,5017.50,4928.27,4155.78,5977.59,5510.28,5430.59
584,3874.22,4315.00,4213.18,3460.43,5251.08,5677.62,5502.17
585,3880.63,4664.32,4591.99,4000.06,5427.34,5914.04,5548.36
586,3887.40,4429.46,4367.85,3616.33,5278.31,5447.48,5309.87
587,3893.84,5088.90,5103.53,4193.33,6025.94,5470.30,5340.23
588,3900.52,5018.40,5027.82,4123.45,5860.94,5592.27,5286.86
589,3907.16,4589.87,4507.58,3941.13,5294.12,5817.71,5741.77
590,3914.18,4982.71,4919.56,4221.53,5755.57,5829.45,5701.34
591,3920.66,4932.39,4988.09,4046.48,5732.04,5433.74,5271.19
592,3927.39,5350.69,5355.58,4494.49,6230.85,5695.99,5351.86
593,3934.03,5350.36,5308.72,4564.35,6146.16,5600.56,5468.13
594,3940.35,5052.37,5053.16,4075.76,5983.14,5385.84,5117.29
595,3947.17,5805.64,5799.85,4947.28,6640.74,5739.42,5739.42
596,3953.77,5470.95,5456.46,4492.14,6361.63,5420.78,5316.54
597,3960.60,5667.70,5718.30,4659.60,6633.27,5691.36,5641.87
598,3967.75,6746.45,6721.80,5585.37,7902.93,5965.17,5827.66
599,3974.61,7203.89,7112.75,6211.50,8200.20,5531.08,5471.35
600,3980.96,4402.16,4409.19,3725.62,4909.64,5388.48,5231.60
601,3987.42,5091.91,5021.95,4292.10,6016.12,5316.87,5174.30
602,3994.17,5944.62,5927.90,4812.23,7078.33,5736.11,5437.29
603,4001.10,7053.57,7104.40,6086.75,7998.14,5690.90,5265.99
604,4008.02,5467.07,5483.34,4862.21,6054.87,5606.71,5606.71
605,4014.75,5079.09,5048.92,4218.22,5923.44,5560.76,5531.97
606,4021.30,4219.20,4171.97,3517.38,4960.93,5661.72,5591.41
607,4027.92,4895.19,4797.58,3923.88,6001.38,5539.76,5398.69
608,4034.70,5316.27,5302.08,4548.16,6160.04,5639.78,5632.85
609,4041.47,5088.40,5028.22,4010.61,6103.37,5579.67,5253.90
610,4048.49,6601.23,6586.87,5703.65,7523.44,5654.81,5504.03
611,4055.46,6622.96,6541.09,5780.55,7686.03,5866.82,5823.90
612,4061.68,3556.20,3512.94,2985.81,4236.62,5326.85,5149.31
613,4068.63,5441.28,5452.56,4663.99,6247.17,5593.45,5465.28
614,4074.70,3730.65,3700.41,3050.46,4432.73,5400.62,5241.89
615,4081.10,4545.06,4509.79,3863.14,5237.63,5442.93,5442.93
616,4087.26,3672.08,3645.05,3021.58,4355.60,5357.17,5139.40
617,4094.01,5371.52,5379.35,4432.49,6239.63,5670.93,5598.19
618,4100.49,4455.39,4439.00,3718.04,5283.38,5371.99,5187.42
619,4106.77,4463.95,4457.30,3734.82,5203.65,5324.79,5216.54
620,4113.24,4802.89,4769.82,4011.59,5541.20,5428.60,5325.06
621,4119.70,4709.85,4722.74,3961.71,5434.76,5580.41,5238.78
622,4126.40,4762.21,4732.50,3866.68,5647.99,5656.92,5609.98
623,4132.54,4138.77,4149.38,3526.98,4753.94,5367.33,5350.98
624,4139.03,5879.71,5894.73,4765.04,6862.51,5278.97,4986.14
625,4145.36,4115.07,4074.04,3554.98,4626.82,5576.29,5339.52
626,4151.72,4075.47,4056.77,3360.34,4822.55,5514.76,5293.88
627,4158.52,5096.10,5099.31,4466.14,5724.70,5404.34,5017.92
628,4165.40,5328.08,5296.48,4392.86,6236.77,5596.52,5494.28
629,4172.27,6225.80,6287.58,5033.47,7395.97,5659.86,5226.29
630,4179.26,5855.75,5821.33,4997.16,6795.75,5834.11,5558.38
631,4185.81,4776.30,4784.58,3954.85,5612.93,5621.23,5437.92
632,4192.03,3379.15,3383.85,2715.38,4045.93,5672.42,5464.22
633,4198.24,3708.62,3608.22,2811.21,4726.52,5586.42,5351.43
634,4204.90,6540.96,6603.01,5494.60,7686.54,5433.66,5187.13
635,4211.47,5185.56,5264.04,4311.38,5944.94,5391.77,5391.77
636,4217.97,4106.04,4083.56,3305.04,4874.37,5525.95,5395.11
637,4224.13,3838.94,3789.31,3348.68,4452.99,5505.03,5265.47
638,4230.63,6024.72,6013.05,5160.77,6845.64,5447.81,5392.93
639,4237.19,5178.76,5137.56,4345.98,6143.04,5460.81,5240.55
640,4243.88,5930.42,5893.62,5123.66,6816.27,5606.24,5371.06
641,4250.54,5077.53,5024.00,4296.56,5920.55,5444.55,5410.21
642,4257.25,5313.88,5318.07,4107.13,6634.98,5515.93,5396.15
643,4263.56,3554.86,3540.12,2916.28,4144.35,5423.78,5423.78
644,4270.15,5555.86,5563.36,4471.34,6565.56,5557.04,5527.36
645,4276.90,4941.38,4848.06,4093.80,5951.31,5388.38,5174.17
646,4283.47,5218.58,5158.00,4223.52,6298.91,5496.48,5346.02
647,4289.93,5462.73,5433.49,4444.73,6364.06,5532.62,5177.08
648,4296.46,4465.19,4409.66,3707.13,5319.57,5522.57,5381.26
649,4303.29,5600.43,5640.27,4474.69,6644.70,5630.17,5534.15
650,4309.65,4480.87,4436.27,3627.07,5570.50,5411.32,5256.48
651,4316.85,6665.50,6760.46,5164.79,7817.40,5599.96,5328.61
652,4323.70,5896.15,5873.03,4940.05,6966.80,5647.06,5267.94
653,4329.95,3945.13,3916.10,3267.55,4717.24,5263.72,5153.62
654,4336.57,4891.26,4864.15,4002.65,5794.14,5647.64,5386.73
655,4343.57,5496.30,5410.56,4520.86,6555.49,5896.78,5755.60
656,4350.16,4350.56,4384.62,3377.75,5207.85,5734.79,5432.11
657,4357.02,5728.51,5786.57,4866.75,6581.24,5604.90,5604.90
658,4363.46,5726.33,5646.05,5199.74,6410.74,5337.26,5276.61
659,4370.02,3205.67,3209.74,2472.52,3964.14,5828.88,5827.50
660,4376.58,4753.31,4707.32,4115.27,5503.79,5677.00,5523.14
661,4383.30,5624.78,5632.06,4630.11,6649.20,5504.60,5307.49
662,4390.04,6004.93,5988.90,5279.99,6649.97,5692.17,5612.59
663,4396.68,4313.19,4209.32,3392.40,5296.55,5644.29,5455.94
664,4403.12,4371.70,4389.26,3608.09,5138.08,5577.87,5577.87
665,4409.69,4093.51,4010.74,3384.94,4886.42,5642.05,5350.94
666,4416.76,5746.29,5744.83,4554.06,6805.46,5960.00,5688.11
667,4423.34,4623.21,4642.12,3865.89,5505.81,5766.31,5679.35
668,4429.73,4094.87,3994.78,3429.41,4904.94,5361.12,5266.12
669,4436.44,5007.88,4942.67,4212.27,5914.85,5651.93,5451.73
670,4442.97,3961.31,3916.28,3250.87,4715.27,5371.86,5241.58
671,4450.09,5631.30,5593.30,4608.96,6822.06,5380.64,5238.74
672,4456.82,5010.83,4979.54,4318.19,5740.39,5682.52,5411.22
673,4463.13,3978.59,3957.36,3223.86,4758.28,5303.29,5111.31
674,4470.22,6034.34,6063.15,5222.75,6751.73,5844.36,5441.32
675,4477.16,5036.12,5054.58,4117.25,5870.38,5732.06,5637.73
676,4484.03,5418.60,5535.95,4358.98,6449.71,5534.63,5300.18
677,4490.13,3824.01,3790.28,3197.33,4524.00,5415.71,5171.40
678,4496.42,4259.02,4264.13,3482.16,4986.09,5507.83,5394.23
679,4503.16,6106.71,6225.17,4369.14,7402.46,5431.46,5302.13
680,4509.96,4727.33,4722.27,3960.60,5542.53,5577.87,5524.27
681,4516.54,4782.89,4781.26,4063.92,5525.76,5862.24,5508.11
682,4522.93,3888.17,3787.40,2995.03,5004.22,5448.08,5437.81
683,4529.48,4561.33,4602.17,3429.25,5548.08,5362.63,5156.25
684,4535.95,4003.30,3971.27,3179.35,4790.38,5267.33,5026.47
685,4542.73,4913.38,4875.63,4072.53,5947.23,5283.92,5196.56
686,4549.12,4146.87,4181.15,3344.67,4920.09,5093.94,4858.38
687,4555.29,3373.90,3357.01,2738.87,4091.40,5423.55,5235.17
688,4562.13,5194.58,5257.89,4269.25,5997.55,5531.12,5481.56
689,4568.90,5419.39,5427.75,4529.68,6320.17,5537.15,5428.14
690,4575.01,4710.85,4722.18,4002.40,5532.94,5070.29,5036.50
691,4581.55,5567.93,5514.71,4596.69,6503.77,5301.42,5149.37
692,4587.99,5065.12,5082.90,4222.16,5829.66,5566.00,5271.43
693,4595.00,5199.21,5196.07,4562.72,5954.71,5270.16,5092.08
694,4601.23,4082.02,4056.45,3411.63,4822.71,4975.30,4857.38
695,4608.04,5960.15,6013.21,5152.27,6807.03,5737.25,5608.15
696,4614.20,4394.91,4354.47,3702.82,5064.82,5322.20,5106.00
697,4620.64,5307.80,5244.86,4362.07,6382.46,5285.81,5154.84
698,4627.16,5538.91,5514.76,4777.04,6434.77,5269.47,4921.61
699,4633.05,4015.13,4037.70,3284.91,4756.17,5148.34,5057.31
700,4639.27,3388.85,3359.05,2912.28,3879.69,5517.47,5139.65
701,4646.01,4239.44,4251.12,3331.31,5103.77,5872.55,5872.55
702,4652.58,5218.19,5230.84,4304.65,5951.83,5360.19,4985.05
703,4659.04,4457.84,4413.78,3624.24,5407.32,5348.83,5108.70
704,4665.50,4359.65,4362.05,3699.03,5041.11,5413.93,5224.65
705,4671.50,3354.90,3333.05,2839.43,3851.66,5328.99,5164.16
706,4677.95,4901.52,4889.65,4189.24,5694.67,5360.51,5264.40
707,4684.30,4603.22,4633.79,3727.63,5389.37,5254.79,5234.80
708,4690.83,5882.12,6026.92,4799.06,7048.77,5456.95,5280.14
709,4696.92,4221.49,4204.78,3713.67,4795.52,5281.62,5086.24
710,4703.61,5662.33,5795.17,4614.04,6530.89,5375.45,5279.75
711,4709.95,4839.98,4765.11,4049.21,5733.22,5418.53,5166.32
712,4716.85,5266.93,5267.40,4568.68,6104.07,5905.31,5597.28
713,4723.28,4559.98,4571.42,3705.43,5408.72,5517.49,5427.65
714,4729.72,5253.37,5277.04,4202.37,6226.98,5443.45,5057.26
715,4736.09,5140.55,5082.35,4331.52,6086.56,5241.02,5132.10
716,4742.66,5341.59,5383.81,4412.37,6241.08,5368.24,5117.42
717,4749.17,4705.52,4670.60,3867.57,5574.06,5453.69,5204.18
718,4755.17,4050.06,4030.39,3180.64,4996.13,5072.31,4963.11
719,4761.77,5636.81,5653.72,4568.41,6634.98,5211.42,5211.42
720,4768.04,4369.97,4329.33,3557.93,5245.11,5077.64,4878.22
721,4774.27,4058.76,4100.91,3372.11,4715.50,5428.66,5232.27
722,4780.80,4611.99,4628.09,3834.01,5321.08,5245.36,5041.03
723,4787.65,6560.33,6590.46,5258.77,7686.21,5431.56,5322.47
724,4794.28,4782.07,4810.21,3645.17,6030.63,5486.44,5336.87
725,4800.60,4552.44,4555.51,3841.34,5252.23,5499.95,5039.82
726,4806.83,4349.99,4338.90,3601.23,5044.48,5402.45,5145.17
727,4813.50,6609.12,6575.77,5639.09,7701.36,5349.83,5164.69
728,4820.05,4529.25,4400.41,3798.89,5298.69,5487.20,5087.90
729,4826.63,5114.77,5091.52,4107.57,6182.78,5422.49,5310.65
730,4832.90,3676.23,3670.83,2781.84,4540.14,5291.99,5252.03
731,4839.85,5784.57,5882.71,4640.69,6879.10,5374.51,5129.99
732,4846.41,4750.31,4828.66,3605.58,5766.25,5368.56,5246.41
733,4852.54,4826.34,4799.92,4023.44,5717.55,5189.39,4882.99
734,4858.65,4694.60,4735.37,3713.83,5593.63,5268.21,4992.90
735,4864.88,4493.81,4489.28,3643.51,5345.71,5191.64,5029.04
736,4871.67,5872.26,5883.79,4920.35,6833.05,5484.63,5169.20
737,4878.41,5047.40,4892.06,4059.56,6451.67,5556.86,5555.91
738,4885.17,6572.88,6596.87,5496.60,7528.42,5320.44,5098.42
739,4891.36,4744.73,4694.52,4131.80,5363.75,5185.03,5000.36
740,4898.05,5080.17,5100.98,4136.40,6060.64,5446.72,5208.95
741,4904.54,4876.29,4907.00,4009.16,5780.67,5404.07,5206.55
742,4910.97,4330.83,4344.19,3391.15,5308.91,5332.37,5194.71
743,4916.96,3679.60,3698.83,2880.68,4476.86,5161.01,5161.01
744,4923.52,4393.85,4374.42,3497.88,5352.31,5287.10,5085.53
745,4930.07,5176.37,5188.62,4223.75,6047.81,5425.34,5302.11
746,4936.36,5343.68,5355.94,4521.99,6147.54,5287.29,5054.94
747,4942.76,4918.61,4851.51,3994.25,5858.60,5395.13,5118.77
748,4949.04,4464.06,4435.88,3767.55,5241.66,5420.58,5370.53
749,4955.40,4734.14,4617.15,3637.05,5877.58,5491.04,5280.23
750,4961.58,3655.16,3615.17,2846.17,4499.93,5273.73,5139.62
751,4968.06,4932.50,4876.54,3996.02,6065.91,5438.90,5181.87
752,4974.94,5916.12,5920.58,5038.09,6870.34,5478.54,5328.04
753,4981.41,4976.76,4981.30,4037.32,5821.34,5621.11,5427.31
754,4988.06,5247.36,5145.30,4295.23,6300.90,5678.76,5397.01
755,4994.42,5310.60,5267.05,4428.59,6253.28,5218.97,5000.58
756,5000.90,5003.46,4984.32,4179.18,5894.32,5554.66,5554.66
757,5007.41,5443.38,5461.67,4608.20,6243.13,5374.23,5107.88
758,5013.55,4141.91,4130.25,3285.53,4928.74,5392.93,5392.93
759,5020.03,5431.08,5335.52,4269.32,6609.48,5432.53,5432.53
760,5026.36,4331.79,4275.42,3401.10,5341.61,5512.33,5103.88
761,5032.47,4818.88,4798.08,3927.93,5697.65,5103.56,5026.12
762,5038.86,5333.97,5326.77,4606.07,6105.76,5420.33,5403.14
763,5045.39,5088.76,5170.99,3960.80,6045.55,5586.73,5420.35
764,5052.15,5679.66,5710.45,4796.28,6627.90,5646.07,5521.36
765,5058.79,4703.59,4656.13,3982.48,5405.71,5569.12,5561.27
766,5065.32,4764.18,4776.15,3762.28,5688.75,5509.87,5496.15
767,5071.82,4763.09,4788.33,4018.42,5632.32,5554.49,5296.55
768,5078.24,5100.88,5126.01,4263.66,5909.54,5567.20,5196.04
769,5084.88,3741.70,3701.86,3179.76,4378.56,5721.48,5590.93
770,5091.72,5014.87,4938.00,4023.90,6222.01,5700.89,5302.08
771,5098.10,4138.26,4133.44,3473.55,4767.52,5402.90,5166.33
772,5104.99,4842.47,4844.66,4175.72,5531.72,5477.40,5358.27
773,5111.89,4656.51,4664.80,4203.28,5062.15,5677.79,5473.87
774,5118.59,4120.88,4086.76,3407.10,4928.24,5613.71,5595.82
775,5125.63,6264.18,6103.14,5237.47,7457.46,5691.66,5522.69
776,5132.02,4144.81,4096.30,3513.21,4787.13,5515.16,5515.16
777,5138.95,6619.75,6663.32,5589.13,7627.47,5574.58,5429.18
778,5145.44,4527.74,4496.91,3982.77,5074.65,5504.95,5394.50
779,5152.34,5667.10,5700.03,4799.23,6519.50,5745.52,5480.96
780,5159.20,4811.01,4789.01,3559.64,6005.05,5597.13,5597.13
781,5165.91,3762.36,3721.60,2872.85,4765.20,5755.35,5587.44
782,5172.70,4668.39,4640.75,3793.06,5640.08,5874.27,5542.93
783,5179.54,6024.41,6087.93,5186.60,6775.83,5530.94,5402.26
784,5186.24,4727.67,4672.24,3854.27,5696.72,5440.32,5331.91
785,5192.81,5127.73,5095.93,4179.07,6097.00,5447.04,5404.95
786,5199.48,5464.12,5472.69,4607.98,6196.08,5572.48,5301.15
787,5205.89,3516.46,3482.20,3008.64,4114.62,5673.60,5549.25
788,5212.31,3893.54,3912.18,3178.81,4579.76,5548.33,5390.00
789,5218.76,4356.89,4290.58,3496.40,5339.48,5310.01,4961.06
790,5225.60,5456.71,5429.54,4503.17,6515.12,5526.15,5408.31
791,5232.00,4560.78,4498.40,3875.85,5290.75,5541.88,5422.13
792,5238.46,4964.31,4979.18,4160.11,5723.09,5332.34,5301.85
793,5245.40,4955.20,4976.91,4032.31,5789.11,5784.37,5784.37
794,5251.62,4157.86,4137.88,3495.00,4884.94,5378.06,5230.11
795,5257.85,4229.66,4250.74,3523.28,4927.97,5352.93,5290.20
796,5264.64,5122.81,5153.06,4103.00,6037.75,5543.76,5228.14
797,5271.66,5603.78,5630.90,4745.98,6309.49,5723.42,5347.81
798,5278.40,5089.50,5133.73,3971.44,6345.99,5377.73,5159.12
799,5284.95,5208.88,5219.34,4340.67,6187.54,5183.78,4936.97
800,5292.08,5176.86,5175.70,4307.06,6040.90,5638.07,5638.07
801,5298.90,6462.06,6499.78,5542.15,7355.88,5539.15,5274.16
802,5305.43,4230.41,4239.08,3270.89,5050.02,5448.26,5448.26
803,5312.20,5986.40,5966.04,4931.46,6996.51,5563.78,5543.79
804,5318.36,3053.91,3004.31,2548.87,3566.79,5104.56,5069.24
805,5325.20,5290.01,5306.01,4479.77,5949.79,5578.26,5191.20
806,5331.74,4685.58,4612.97,4033.96,5407.85,5451.19,5314.69
807,5338.11,4653.11,4605.69,3937.70,5346.30,5253.13,5023.54
808,5344.41,4806.35,4720.07,3957.10,5677.37,5170.12,4934.82
809,5350.96,4790.80,4851.24,3951.37,5501.05,5407.68,5159.84
810,5357.50,5352.53,5354.00,4624.57,6128.78,5454.45,5454.45
811,5363.82,4004.24,4027.24,3128.38,4797.12,5215.05,5035.59
812,5370.06,3915.39,3858.42,3129.79,4770.89,5252.92,5133.95
813,5376.47,5203.59,5127.94,4515.11,5968.46,5292.72,5121.00
814,5382.94,4685.26,4619.04,4013.75,5415.93,5243.07,5165.94
815,5389.93,6256.57,6254.62,5105.56,7498.91,5504.70,5222.65
816,5396.61,4817.92,4798.05,3959.53,5666.68,5423.29,5238.17
817,5402.42,3167.99,3123.15,2500.43,3848.81,5265.20,5148.61
818,5409.00,5842.94,5869.02,4704.33,6962.24,5314.86,4996.07
819,5415.14,3901.68,3908.15,3142.84,4639.61,5482.73,5482.73
820,5421.57,4825.58,4787.26,3944.47,5943.72,5550.70,5473.12
821,5427.55,3189.32,3165.04,2717.94,3642.13,5267.83,5049.93
822,5433.94,3479.45,3390.49,2837.15,4274.94,5563.89,5563.89
823,5440.37,5124.27,5066.92,4170.02,6250.63,5220.48,5051.84
824,5447.19,5227.13,5191.69,4334.10,6102.77,5489.94,5387.18
825,5453.96,5697.75,5612.84,4928.85,6551.69,5482.58,5482.58
826,5460.83,6083.59,6115.33,5150.42,7018.65,5245.99,5245.99
827,5467.46,5347.71,5375.39,4113.01,6452.43,5491.90,5299.58
828,5473.93,4602.18,4583.32,3661.26,5595.74,5425.68,5042.40
829,5480.82,6244.16,6183.62,5296.84,7180.14,5501.35,5261.52
830,5487.41,4648.45,4688.45,3832.13,5510.13,5494.11,5454.61
831,5494.16,5542.74,5595.67,4688.46,6371.45,5460.05,5367.67
832,5500.75,5790.44,5798.64,4817.61,6765.20,5366.73,5138.29
833,5507.50,5555.23,5449.81,4496.13,6772.14,5475.09,5446.26
834,5513.91,4750.85,4672.17,3980.67,5630.24,5454.38,5373.86
835,5520.73,5648.20,5659.02,4727.18,6513.89,5475.68,5166.91
836,5526.93,4540.92,4489.50,3932.62,5227.80,5346.47,4987.96
837,5533.49,4898.99,4795.41,3844.98,5972.47,5229.70,5115.29
838,5539.88,4014.52,4012.70,3277.15,4833.94,5307.56,5243.96
839,5546.66,5866.56,5913.66,5066.37,6625.49,5676.13,5496.21
840,5553.19,4517.49,4450.75,3699.63,5442.06,5448.03,5271.17
841,5559.45,3311.65,3241.91,2854.77,3849.32,5181.78,5010.04
842,5565.91,4277.08,4225.38,3536.15,5120.29,5408.81,5369.52
843,5572.40,5047.83,4964.57,4298.34,5949.90,5423.06,5022.80
844,5579.06,5235.07,5196.98,4240.63,6148.54,5387.79,5166.31
845,5585.15,3587.04,3493.13,2865.49,4340.23,5283.30,5104.90
846,5591.47,4074.69,4015.83,3432.21,4812.21,5528.25,5304.47
847,5598.03,4764.21,4753.05,4076.42,5425.99,5668.16,5342.46
848,5604.37,4881.83,4918.96,3735.00,5892.66,5508.76,5352.79
849,5610.98,5850.95,5832.43,5134.37,6700.50,5399.06,5248.98
850,5617.61,5027.26,5034.29,4133.59,5880.27,5305.93,4990.30
851,5624.17,4820.96,4772.32,4178.42,5581.27,5549.64,5345.09
852,5630.63,4951.48,4892.03,4053.64,5901.69,5495.93,5303.47
853,5637.59,6559.12,6659.39,5296.48,7588.45,5665.67,5550.45
854,5644.34,5086.70,5080.40,4188.48,5984.78,5664.92,5635.03
855,5650.88,5759.22,5750.48,4875.19,6673.71,5371.54,5327.13
856,5657.70,5646.79,5624.46,4741.36,6710.28,5447.62,5286.55
857,5664.24,5554.17,5499.71,4476.42,6729.61,5377.01,5239.63
858,5671.11,5562.21,5566.64,4621.33,6545.64,5574.37,5485.21
859,5678.02,4674.47,4777.25,3750.63,5581.83,5762.62,5570.03
860,5685.16,6784.61,6695.50,5739.43,7888.43,5775.24,5510.75
861,5691.74,4927.78,4909.61,4118.95,5634.56,5615.07,5607.59
862,5698.45,6044.40,6086.03,4745.74,7323.53,5485.60,5118.44
863,5705.11,6177.94,6174.73,5332.32,7102.36,5469.95,5469.95
864,5711.95,4846.42,4803.47,4039.60,5674.63,5727.53,5540.73
865,5718.37,3697.33,3666.86,3111.47,4364.27,5611.51,5381.06
866,5724.63,4452.42,4408.86,3729.20,5103.08,5487.49,5187.22
867,5730.87,3167.56,3144.60,2579.54,3780.71,5601.60,5601.60
868,5737.65,6075.82,5994.76,4715.67,7433.44,5587.19,5314.33
869,5744.39,5311.87,5305.66,4379.79,6252.61,5589.17,5589.17
870,5751.04,5810.03,5823.33,4906.36,6665.73,5727.45,5674.87
871,5757.85,4601.86,4566.41,3521.06,5663.29,5816.77,5497.93
872,5764.32,4378.98,4372.97,3510.59,5328.88,5472.09,5189.44
873,5770.78,4558.28,4546.07,3514.04,5507.79,5584.66,5153.52
874,5777.61,3791.72,3731.83,3094.97,4514.79,5875.32,5733.59
875,5785.03,7890.02,7790.73,6746.78,9049.53,5705.36,5468.57
876,5791.98,4902.66,4830.06,4077.37,5746.73,5950.01,5738.48
877,5798.95,5369.10,5328.33,4514.32,6208.45,5710.50,5710.50
878,5805.21,4342.35,4271.98,3592.40,5114.86,5552.88,5530.98
879,5812.11,5526.71,5710.79,4287.54,6606.59,6010.34,5901.79
880,5818.55,4763.86,4766.14,3666.44,5735.40,5564.34,5325.84
881,5825.80,4985.80,4990.08,4035.47,5923.10,5829.85,5761.84
882,5833.04,6086.46,6088.62,5168.67,6965.44,5989.91,5950.29
883,5840.09,5785.70,5815.07,4567.13,6971.72,5741.93,5719.27
884,5846.98,5185.05,5217.70,4471.76,5870.00,5938.23,5885.12
885,5853.99,5935.07,5974.03,4813.69,6892.04,5630.90,5598.35
886,5860.90,4650.76,4502.92,3572.00,5850.76,5893.74,5690.16
887,5867.70,5729.23,5743.37,5074.91,6489.79,5639.20,5576.98
888,5875.11,6162.15,6026.40,5140.34,7407.76,6245.17,5962.72
889,5882.30,6546.53,6542.68,5473.43,7547.25,5829.88,5639.55
890,5889.14,6236.53,6254.02,5040.15,7257.83,5722.28,5511.06
891,5896.27,5512.60,5524.65,4519.84,6406.79,5959.95,5695.47
892,5902.91,4466.63,4419.39,3477.39,5473.54,5762.99,5534.85
893,5909.67,5403.21,5355.23,4815.36,6042.99,5893.49,5806.20
894,5916.33,3913.79,3874.27,3414.00,4448.57,6023.90,5895.07
895,5922.84,4717.46,4680.56,3829.57,5722.79,5509.02,5295.81
896,5929.70,4459.51,4436.27,3507.78,5506.15,5841.24,5537.76
897,5936.24,4204.68,4132.22,3159.62,5371.16,5622.70,5582.52
898,5942.95,4782.70,4785.19,3926.06,5645.78,5792.53,5527.95
899,5949.91,4559.92,4533.09,3478.88,5723.57,5691.08,5647.63
900,5956.68,6014.07,5975.83,5254.43,6841.57,5531.18,5274.86
901,5964.01,6400.84,6479.08,5131.82,7474.66,5659.75,5480.24
902,5970.78,5499.62,5525.41,4595.98,6227.01,5744.73,5572.98
903,5977.35,5154.44,5164.54,4432.34,5882.60,5546.70,5445.94
904,5984.15,5180.81,5070.82,4338.71,6198.74,5731.20,5498.38
905,5991.10,5967.21,5916.08,5089.76,6885.16,5933.42,5696.46
906,5997.78,5112.23,5082.02,4379.11,5894.01,5844.28,5649.89
907,6004.35,4917.39,4817.67,4126.26,5939.29,5576.24,5440.89
908,6010.98,6145.10,6051.72,5242.51,7197.01,5508.57,5368.13
909,6017.61,5138.76,5112.54,4460.83,5853.52,5764.98,5561.35
910,6024.40,4816.01,4856.55,3443.64,6120.20,5594.38,5332.62
911,6031.03,4365.08,4233.60,3673.03,5178.74,5611.65,5389.38
912,6037.92,5264.67,5214.12,4283.94,6350.72,5565.33,5342.58
913,6044.94,6678.24,6755.45,5639.21,7681.04,5807.54,5433.79
914,6051.38,4629.75,4614.12,3886.97,5355.87,5487.38,5433.25
915,6058.11,5262.26,5268.87,4486.98,6013.09,5821.23,5503.30
916,6065.22,5999.81,6000.60,4836.17,6985.64,5783.34,5630.56
917,6072.24,5726.20,5695.99,5010.81,6471.87,5682.04,5569.96
918,6078.74,4750.58,4706.23,3730.42,5777.17,5599.13,5526.46
919,6085.42,4218.36,4215.31,3531.49,4807.42,5610.00,5561.49
920,6092.49,7591.71,7585.73,6539.23,8686.82,5682.26,5493.09
921,6099.41,6316.64,6373.20,5341.35,7280.55,5738.01,5567.64
922,6106.56,5751.98,5820.27,4503.00,7021.75,5739.12,5696.54
923,6112.91,3911.60,3802.14,3488.26,4479.64,5623.64,5400.13
924,6119.69,4790.63,4785.12,3853.97,5843.84,5646.33,5591.49
925,6126.51,5799.29,5832.59,4953.76,6654.33,5878.77,5709.43
926,6133.44,4821.95,4830.86,3862.64,5753.66,5710.15,5554.73
927,6140.11,4545.21,4546.92,3745.17,5337.96,5611.59,5607.03
928,6147.15,5180.00,5161.66,4154.45,6155.90,5674.93,5573.58
929,6154.35,5402.07,5377.66,4560.57,6293.46,5926.68,5926.68
930,6160.86,5200.16,5301.50,4312.42,5920.78,5353.29,5243.78
931,6167.58,4908.70,4901.16,4115.28,5723.17,5790.20,5473.48
932,6174.46,4571.79,4620.91,3657.66,5465.70,5846.98,5644.07
933,6181.22,5474.81,5452.46,4596.46,6512.64,5643.77,5400.68
934,6187.62,3545.89,3535.58,3048.14,4070.19,5899.15,5584.30
935,6194.56,5403.04,5418.74,4591.37,6156.30,5851.37,5709.90
936,6201.18,4716.88,4646.32,3870.46,5717.37,5688.49,5585.56
937,6207.78,4703.44,4698.25,3975.47,5405.84,5698.96,5600.29
938,6214.61,4950.33,4856.10,4114.27,5877.00,5887.96,5655.99
939,6221.39,4355.23,4330.96,3544.72,5206.54,5706.26,5479.08
940,6227.90,4933.02,4942.12,3894.42,6013.91,5483.02,5287.45
941,6234.31,3446.35,3412.99,2964.68,3878.44,5989.18,5671.21
942,6241.03,4044.88,3958.19,3225.11,4916.69,5834.97,5828.08
943,6247.56,4968.54,4966.12,4065.15,5921.98,5463.02,5298.06
944,6254.43,4970.15,4928.21,4229.34,5725.15,5717.23,5539.15
945,6261.61,7549.81,7630.50,6538.70,8568.17,5719.80,5220.29
946,6268.43,5525.46,5565.76,4616.59,6379.03,5795.49,5528.56
947,6275.20,4568.06,4502.31,4042.99,5135.51,5754.93,5509.95
948,6281.86,4686.60,4686.06,3739.36,5601.17,5823.34,5717.29
949,6288.86,5984.65,5985.97,4971.72,6905.48,5903.04,5725.13
950,6295.49,4412.09,4388.50,3702.93,5143.44,5945.02,5667.28
951,6302.45,6612.69,6576.25,5743.30,7499.85,5712.45,5448.43
952,6308.92,3759.75,3686.66,3047.54,4502.78,5625.26,5557.05
953,6315.93,6707.40,6788.69,5601.80,7710.55,5750.62,5701.69
954,6322.79,5243.64,5240.94,4350.89,6045.71,5854.88,5770.74
955,6329.62,6449.68,6547.77,5233.50,7400.19,5599.36,5592.53
956,6336.48,5557.00,5528.05,4421.31,6750.71,5679.72,5679.72
957,6343.42,5821.81,5798.76,4897.88,6867.30,5794.74,5794.74
958,6350.08,5237.90,5298.03,4257.19,5974.34,5548.11,5243.66
959,6356.97,6274.61,6303.02,5524.15,6864.85,5847.82,5586.96
960,6363.66,4946.82,4962.27,4126.26,5891.10,5864.45,5616.55
961,6370.36,5158.55,5190.98,4216.98,6071.63,5761.22,5739.12
962,6377.74,7179.75,7228.70,5932.79,8449.82,5766.09,5516.00
963,6384.40,5277.44,5265.85,4534.04,6065.07,5511.11,5442.76
964,6391.24,4960.27,4986.88,4223.59,5673.21,5820.37,5820.37
965,6397.98,4680.28,4637.70,3783.54,5732.45,5461.99,5444.32
966,6404.55,4018.02,3930.88,3417.33,4711.06,5872.17,5721.50
967,6411.32,6225.34,6175.34,5293.43,7196.76,5703.12,5703.12
968,6418.08,6264.57,6351.82,5360.52,7152.91,5611.47,5467.05
969,6424.73,6402.64,6407.29,5363.39,7513.23,5587.99,5452.70
970,6431.82,5946.09,6038.38,4781.32,7022.18,5843.62,5843.62
971,6438.38,5163.60,5170.15,4391.67,5879.88,5316.98,5224.01
972,6445.08,4805.62,4808.65,3977.57,5631.12,5481.30,5371.80
973,6451.34,4252.91,4179.38,3362.53,5243.91,5629.83,5543.87
974,6457.76,5314.30,5313.52,4585.78,6021.35,5603.63,5333.46
975,6464.15,4259.51,4223.08,3569.17,5007.02,5683.44,5569.74
976,6470.75,5280.76,5364.71,4569.51,5956.73,5374.96,5260.71
977,6477.22,3499.15,3506.47,2812.82,4169.96,5773.99,5670.72
978,6483.77,4570.81,4530.84,3721.00,5468.43,5586.14,5479.03
979,6490.24,3843.66,3884.15,3099.07,4597.51,5654.21,5572.54
980,6496.86,4592.31,4661.13,3512.58,5463.41,5668.39,5585.24
981,6503.25,4858.18,4859.05,4082.31,5678.96,5320.19,5047.82
982,6509.51,4382.56,4338.62,3771.30,5037.89,5418.76,5236.23
983,6515.78,4248.61,4239.02,3527.96,5017.92,5531.19,5455.39
984,6522.56,4820.80,4833.04,3792.58,5762.70,5570.77,5423.90
985,6529.32,4669.52,4688.26,3762.02,5432.89,5811.13,5706.85
986,6536.34,6342.69,6305.64,5198.91,7410.04,5645.57,5319.58
987,6542.96,5137.70,5090.75,4381.96,6058.39,5577.21,5336.68
988,6550.05,5337.29,5287.12,4482.92,6371.76,5860.57,5485.77
989,6556.74,6113.82,6172.22,5124.54,6954.76,5559.05,5559.05
990,6563.41,5263.72,5232.73,4023.70,6397.78,5585.15,5228.34
991,6570.52,6798.78,6734.79,5883.28,7765.18,5858.61,5481.27
992,6576.98,5121.73,5211.98,4244.16,6008.26,5275.07,5019.92
993,6583.57,5298.42,5299.90,4436.93,6148.32,5544.24,5391.35
994,6590.28,5823.91,5792.42,4681.54,7026.95,5398.53,5219.96
995,6596.75,3919.71,3937.07,3128.92,4836.34,5586.79,5483.04
996,6603.37,4766.01,4718.12,4166.12,5461.88,5782.17,5782.17
997,6609.91,4710.76,4733.86,4085.31,5350.60,5509.23,5371.90
998,6616.62,5844.41,5888.00,4890.26,6781.93,5598.32,5598.32
999,6623.37,5233.26,5286.19,4503.56,5892.66,5614.22,5462.51
1000,6630.33,5336.58,5361.18,4437.12,6247.33,5959.76,5575.35
1001,6636.81,5497.91,5503.63,4834.85,6110.50,5409.84,5409.84
1002,6643.53,5351.13,5362.77,4535.80,6133.68,5562.67,5518.97
1003,6650.55,5475.40,5621.82,4042.42,6636.29,5692.76,5510.68
1004,6657.07,4212.50,4136.26,3589.59,4919.34,5587.16,5273.07
1005,6663.78,5774.74,5640.54,4894.62,6852.12,5674.82,5293.51
1006,6670.06,4453.15,4341.67,3737.86,5400.91,5358.32,5344.62
1007,6676.88,5538.23,5612.67,4580.61,6379.49,5636.35,5516.03
1008,6683.59,5410.90,5393.92,4344.69,6497.57,5783.98,5614.56
1009,6690.10,5665.27,5715.80,5004.09,6287.79,5472.74,5437.18
1010,6696.76,4633.93,4569.60,3767.20,5545.81,5717.09,5495.41
1011,6703.30,5261.59,5278.36,4579.34,5919.32,5521.74,5467.23
1012,6709.75,4936.96,4966.92,4132.72,5640.31,5321.90,5217.86
1013,6716.43,4679.31,4613.10,3787.90,5590.06,5505.33,5225.58
1014,6722.64,4619.68,4655.06,3854.50,5400.78,5260.33,5098.46
1015,6729.03,4607.31,4556.99,3958.59,5300.89,5664.00,5560.42
1016,6735.71,6322.72,6258.70,5332.94,7460.88,5503.57,5251.69
1017,6742.36,4529.97,4513.88,3988.47,5116.59,5703.46,5565.98
1018,6749.26,5094.06,5065.28,4399.55,5745.88,5802.52,5585.29
1019,6755.56,4775.49,4743.29,4079.21,5436.63,5596.71,5419.31
1020,6762.43,5397.14,5306.85,4432.22,6499.79,5677.31,5514.36
1021,6769.03,5229.52,5231.71,4448.87,6002.66,5708.63,5459.32
1022,6775.84,7116.81,7087.50,6300.38,8065.32,5479.81,5207.56
1023,6782.27,4915.05,4936.01,4129.55,5746.82,5645.34,5454.87
1024,6788.72,5047.84,5059.54,4104.86,6143.12,5568.45,5476.97
1025,6795.54,6015.78,5978.40,5073.06,7077.66,5676.56,5345.69
1026,6802.40,5472.60,5513.83,4455.91,6262.69,5572.18,5485.40
1027,6809.06,5586.96,5602.95,4834.58,6241.25,5690.14,5617.25
1028,6815.80,5653.63,5618.28,4793.61,6507.86,5606.98,5606.98
1029,6822.58,5159.63,5077.07,4171.54,6258.29,5806.85,5456.90
1030,6829.08,4952.14,4928.23,4209.08,5622.21,5443.90,5156.10
1031,6835.78,4890.80,4926.55,3959.66,5815.49,5819.01,5765.94
1032,6842.79,4734.51,4656.12,3842.85,5808.11,6009.72,5872.12
1033,6848.83,3734.50,3721.61,3297.48,4233.71,5413.66,5413.66
1034,6855.88,6282.24,6302.72,5307.27,7240.73,5920.75,5920.75
1035,6862.89,6331.55,6306.22,5470.69,7179.59,5673.47,5564.52
1036,6869.71,5890.96,5807.96,4835.67,6950.98,5687.98,5485.63
1037,6876.41,5154.08,5250.44,4330.51,5990.65,5802.88,5674.58
1038,6882.95,4721.18,4674.39,3765.56,5751.86,5481.54,5367.96
1039,6889.64,4626.92,4578.66,3847.98,5494.08,5870.92,5707.12
1040,6896.47,4679.59,4618.93,3721.62,5771.90,5624.03,5624.03
1041,6902.86,4379.00,4398.22,3626.40,5227.74,5498.07,5327.65
1042,6909.70,4066.30,3970.47,3057.56,5151.49,5897.10,5713.27
1043,6916.37,6532.22,6557.83,5535.90,7473.57,5548.52,5520.10
1044,6922.60,4331.69,4319.12,3584.74,5100.61,5616.58,5453.84
1045,6929.87,5521.12,5486.17,4704.89,6418.83,5924.72,5922.04
1046,6936.73,5208.49,5183.54,4304.92,6147.43,5895.54,5733.23
1047,6943.46,5634.25,5673.93,4503.99,6772.75,5644.72,5644.72
1048,6950.22,5220.49,5272.72,4274.73,6099.75,5797.71,5643.03
1049,6956.88,4385.70,4349.00,3619.92,5164.74,5572.21,5447.12
1050,6963.51,5761.86,5763.49,4667.98,6980.96,5706.71,5315.13
1051,6970.18,5142.99,5103.31,4436.13,5964.13,5747.90,5629.09
1052,6977.08,5524.96,5645.35,4357.97,6491.60,5740.90,5609.90
1053,6983.73,4577.62,4590.90,3418.06,5729.81,5705.20,5442.46
1054,6990.32,4829.09,4792.68,3775.96,5902.36,5797.75,5406.64
1055,6997.05,4709.47,4688.44,3865.47,5624.62,5786.28,5719.47
1056,7003.74,5153.30,5123.38,4525.85,5830.85,5891.80,5606.87
1057,7010.73,6214.11,6292.42,5048.68,7223.66,5957.79,5579.44
1058,7017.21,5767.84,5772.73,4995.02,6504.61,5483.75,5384.79
1059,7023.59,4497.59,4443.21,3579.88,5423.42,5548.79,5548.79
1060,7030.15,5311.24,5391.13,4358.07,6180.23,5548.48,5376.51
1061,7036.61,5532.49,5470.70,4530.52,6496.84,5374.49,5356.95
1062,7043.48,5468.79,5429.45,4381.62,6663.74,5639.13,5217.11
1063,7050.02,4492.19,4523.14,3731.53,5297.68,5997.40,5968.22
1064,7056.65,5250.28,5244.80,4376.99,6138.17,5618.72,5377.75
1065,7063.54,5523.61,5527.17,4530.14,6536.68,5764.20,5524.61
1066,7070.23,5703.40,5728.52,4706.22,6835.61,5605.00,5282.12
1067,7076.83,5718.60,5689.42,4821.27,6603.33,5627.62,5627.62
1068,7083.67,5684.97,5688.07,4959.10,6499.96,5892.93,5710.52
1069,7090.31,5766.11,5798.77,4828.15,6672.30,5439.71,5285.31
1070,7096.56,3840.04,3817.27,3234.04,4466.32,5759.56,5658.66
1071,7103.36,6275.75,6330.56,4749.83,7653.28,5635.15,5635.15
1072,7110.04,4984.65,4868.96,3779.60,6253.73,5640.52,5444.88
1073,7116.70,5364.24,5375.65,4472.02,6246.38,5500.38,5481.85
1074,7123.75,6196.77,6193.81,5377.21,7089.77,5573.96,5371.48
1075,7130.31,4727.06,4736.41,4136.89,5353.87,5905.62,5795.42
1076,7137.08,4760.48,4743.81,3833.27,5688.80,5701.49,5594.48
1077,7143.32,3785.11,3815.86,2959.79,4483.37,5630.45,5536.02
1078,7150.35,6383.25,6396.55,5308.58,7641.46,5612.95,5440.81
1079,7156.85,5150.08,5127.25,4326.84,5893.14,5562.39,5326.87
1080,7163.50,5795.00,5848.65,4777.88,6724.64,5668.74,5589.14
1081,7170.38,5301.67,5281.64,4377.28,6268.82,5771.75,5670.17
1082,7177.00,6458.85,6509.22,5285.08,7515.49,5330.01,5288.41
1083,7183.94,5998.65,5956.48,5131.80,6988.18,5926.21,5754.89
1084,7190.93,7432.22,7470.73,6407.46,8354.17,5721.34,5554.16
1085,7197.55,4334.38,4267.30,3522.42,5185.02,5712.96,5634.33
1086,7204.42,4518.12,4505.59,3642.10,5536.51,6117.27,6117.27
1087,7211.17,5343.44,5420.26,4259.56,6316.10,5840.34,5767.17
1088,7218.27,7521.43,7587.54,6473.92,8491.54,5638.89,5573.02
1089,7224.70,4026.22,3990.15,3170.41,4982.80,5492.68,5359.90
1090,7231.56,5801.56,5737.63,4859.62,6800.44,5701.82,5437.47
1091,7238.19,5383.28,5359.21,4650.10,6231.99,5564.61,5113.75
1092,7245.06,5602.41,5600.07,4758.38,6574.55,5824.52,5668.07
1093,7252.00,6416.66,6433.95,5305.93,7430.52,5674.22,5509.45
1094,7258.36,4551.37,4552.47,3784.55,5206.48,5830.27,5631.31
1095,7265.32,5402.98,5374.56,4572.82,6382.89,5983.46,5817.79
1096,7272.35,6528.41,6525.43,5503.38,7717.96,5719.71,5719.71
1097,7279.21,5189.17,5047.52,4075.31,6380.82,6065.90,5858.67
1098,7286.06,5722.30,5656.35,4805.57,6653.26,5867.05,5867.05
1099,7292.37,4133.54,4087.91,3606.32,4781.00,5490.97,5371.27
1100,7299.11,6313.05,6262.27,5165.67,7450.38,5619.61,5300.59
1101,7306.21,7086.35,7086.34,6061.28,8242.12,5766.13,5526.23
1102,7312.82,4164.15,4166.56,3345.12,4982.34,5888.42,5813.66
1103,7319.49,5017.04,4888.20,3952.84,6127.94,5792.40,5534.01
1104,7326.40,5747.72,5598.00,4536.48,6965.94,5761.04,5444.80
1105,7333.26,5996.26,5969.88,4777.63,7306.70,5570.85,5525.02
1106,7340.41,6369.18,6456.49,5464.34,7259.26,6126.17,5892.57
1107,7347.41,5563.61,5546.67,4696.03,6611.90,5782.79,5601.17
1108,7353.95,5084.80,5100.59,4186.00,5980.19,5661.48,5467.18
1109,7360.70,5402.30,5340.27,4534.65,6430.69,5770.27,5701.80
1110,7367.12,3678.47,3617.43,3047.84,4372.45,5685.78,5562.86
1111,7373.69,5290.03,5328.36,4298.57,6258.89,5503.72,5306.82
1112,7380.03,4696.28,4654.53,4089.56,5345.63,5497.12,5241.82
1113,7386.79,4627.75,4591.38,3566.96,5733.97,5862.11,5678.95
1114,7393.58,5251.58,5085.85,4509.76,6171.85,5787.33,5758.38
1115,7400.61,5313.98,5237.47,4367.74,6383.65,5844.04,5707.38
1116,7406.93,4480.91,4469.73,3631.47,5374.64,5483.70,5325.17
1117,7413.64,6140.36,6259.43,5158.57,6960.73,5617.41,5347.68
1118,7420.25,5618.71,5669.74,4722.82,6359.53,5631.91,5353.72
1119,7426.76,5624.47,5588.50,4797.36,6560.36,5350.68,5253.68
1120,7433.36,4529.92,4488.24,3765.18,5360.36,5645.40,5488.00
1121,7439.64,4391.44,4430.13,3550.72,5165.43,5616.35,5236.27
1122,7445.85,4110.38,4027.55,3464.54,4800.88,5326.16,5291.10
1123,7452.24,4807.06,4804.10,3952.04,5560.10,5463.18,5243.84
1124,7459.07,6062.12,6030.61,4973.15,7291.78,5508.66,5508.66
1125,7465.68,5223.14,5207.12,4510.50,6053.34,5580.89,5351.38
1126,7471.98,3830.11,3795.58,3189.59,4526.11,5375.46,5141.36
1127,7478.62,4882.22,4829.10,3966.05,5884.29,5583.77,5520.12
1128,7485.27,4833.13,4857.28,3887.08,5706.88,5471.69,5233.80
1129,7491.79,5849.19,5859.65,4911.90,6791.41,5429.96,5429.96
1130,7498.49,5844.94,5849.18,4956.65,6789.15,5832.41,5832.41
1131,7505.08,4715.72,4818.10,3684.27,5600.09,5476.06,5280.59
1132,7511.35,4010.54,3947.33,3469.87,4610.84,5442.48,5284.84
1133,7518.20,6011.31,6110.48,5020.81,6977.60,5638.13,5509.43
1134,7524.85,5392.12,5310.58,4509.41,6306.26,5428.13,5381.48
1135,7531.02,4297.43,4323.05,3490.13,5063.00,5348.84,5081.45
1136,7537.30,4420.13,4435.75,3601.43,5238.56,5577.83,5478.97
1137,7543.73,4722.37,4777.35,3952.07,5337.14,5673.74,5354.85
1138,7550.44,4983.61,4960.31,4406.30,5625.65,5767.40,5716.43
1139,7556.50,4210.09,4216.63,3473.36,4978.30,5606.99,5258.70
1140,7562.75,3811.97,3760.85,2955.15,4719.05,5522.65,5426.52
1141,7569.29,4830.73,4736.46,3997.31,5800.89,5695.77,5631.54
1142,7576.07,5747.38,5748.56,4488.10,7123.39,5643.27,5508.18
1143,7582.69,5667.94,5723.18,4444.13,6709.04,5497.96,5357.12
1144,7589.28,5340.38,5371.87,4710.94,5971.97,5480.41,5478.90
1145,7595.98,5621.31,5617.43,4408.22,7049.44,5541.95,5430.38
1146,7602.49,4623.20,4616.55,3992.30,5308.35,5674.71,5338.35
1147,7608.77,4598.67,4651.39,3944.17,5213.78,5457.06,5254.63
1148,7615.02,4966.00,4959.40,4250.31,5728.83,5517.59,5461.15
1149,7622.47,7247.66,7292.13,5906.54,8468.81,5698.34,5538.94
1150,7629.41,6065.24,6066.79,5318.39,6813.66,5588.57,5538.56
1151,7636.44,5266.83,5196.79,4540.83,6110.61,5534.44,5431.27
1152,7643.14,4694.91,4619.62,4010.71,5460.65,5551.48,5539.95
1153,7652.21,4484.66,4429.98,3540.21,5433.49,5597.69,5258.12
1154,7658.53,3017.04,3034.60,2333.27,3699.41,5490.03,5453.59
1155,7665.58,5383.50,5408.13,4404.17,6371.50,5603.93,5470.11
1156,7672.25,5519.20,5466.31,4716.31,6368.39,5669.93,5491.44
1157,7678.93,3634.88,3574.91,2734.71,4595.52,5800.00,5646.73
1158,7685.11,4070.73,4092.17,3364.59,4759.82,5515.34,5220.46
1159,7691.83,5435.38,5453.61,4629.81,6380.67,5804.19,5683.66
1160,7698.86,7217.40,7312.38,5779.99,8422.78,5935.04,5619.28
1161,7705.77,5772.17,5766.03,4889.05,6684.21,6066.85,6066.85
1162,7712.34,4832.67,4826.21,4138.26,5534.82,5976.64,5573.52
1163,7719.42,6890.28,7030.91,5506.20,8061.46,5687.66,5518.64
1164,7726.19,6572.06,6496.46,5555.29,7522.46,5648.07,5567.45
1165,7732.86,5282.28,5241.57,4221.95,6296.19,5846.35,5565.11
1166,7739.78,5616.31,5544.56,4658.56,6666.64,6103.96,6007.40
1167,7746.76,5828.24,5816.32,5245.67,6394.60,5896.29,5649.85
1168,7753.65,4476.85,4404.68,3498.89,5394.23,5997.40,5934.75
1169,7760.22,3781.26,3760.71,3075.28,4546.98,5913.72,5913.72
1170,7767.21,7174.95,7147.50,6179.64,8242.46,5749.58,5658.14
1171,7773.99,6393.42,6414.12,5407.69,7375.81,5786.12,5638.98
1172,7780.45,5162.14,5156.70,4319.88,6026.95,5674.43,5348.61
1173,7786.97,4346.30,4338.34,3721.78,4959.44,5751.94,5470.71
1174,7793.63,5293.72,5182.20,4402.69,6290.14,5509.57,5509.57
1175,7800.49,6069.92,6037.57,4803.66,7349.63,5699.51,5228.70
1176,7806.92,4182.54,4097.87,3497.27,4980.98,5521.44,5378.39
1177,7813.90,5874.51,5884.79,4891.32,6794.93,5629.02,5495.68
1178,7820.45,5183.86,5140.40,4326.23,6097.98,5330.37,5125.51
1179,7827.69,5492.23,5469.81,4632.57,6332.52,5697.66,5584.39
1180,7834.36,4899.90,4853.23,4142.37,5706.77,5450.52,5297.91
1181,7841.30,5769.35,5696.23,4773.74,6827.61,5798.52,5452.24
1182,7848.28,5761.72,5748.29,4906.52,6601.28,5856.36,5822.31
1183,7855.01,4641.32,4598.92,3963.35,5330.82,5633.73,5458.98
1184,7861.38,4537.83,4534.41,3884.39,5073.34,5483.10,5213.00
1185,7868.31,5795.74,5842.55,4820.33,6754.17,5645.47,5443.31
1186,7875.08,5730.95,5636.99,4794.53,6671.10,5565.97,5312.62
1187,7881.70,5251.03,5275.84,4464.53,6060.64,5649.84,5419.14
1188,7888.08,4625.86,4536.76,4088.86,5407.77,5744.98,5679.01
1189,7894.63,5046.11,5047.18,4488.94,5638.70,5593.92,5593.92
1190,7901.51,5984.28,6005.75,4924.36,6956.48,5681.99,5602.37
1191,7908.39,5693.53,5721.59,4739.19,6503.84,5634.33,5402.31
1192,7915.58,6451.98,6361.98,5019.31,7856.83,5894.53,5693.64
1193,7922.46,5819.60,5795.96,4689.43,6815.57,5806.97,5619.89
1194,7929.31,5230.36,5258.84,4364.47,6113.00,5809.99,5591.66
1195,7936.05,4586.48,4539.48,3869.28,5415.34,5367.87,5250.67
1196,7942.33,3750.69,3697.54,3152.15,4417.37,5680.07,5473.11
1197,7948.66,3622.83,3598.22,2850.45,4364.37,5689.85,5472.98
1198,7955.74,6573.14,6518.86,5499.18,7673.33,5669.65,5536.80
1199,7962.39,4163.35,4167.15,3469.44,4869.40,5708.04,5534.39
1200,7969.17,4533.15,4511.23,3596.40,5474.70,5837.39,5720.29
1201,7975.92,6027.17,6063.49,4738.48,7126.34,5622.90,5438.17
1202,7982.64,5405.37,5385.75,4431.59,6393.50,5639.46,5335.95
1203,7989.19,4511.00,4526.50,3437.96,5550.09,5522.24,5384.94
1204,7995.49,5323.69,5268.08,4694.66,6022.27,5416.77,5343.68
1205,8002.30,7039.96,7157.74,5437.51,8431.38,5525.40,5249.35
1206,8009.15,5446.06,5410.81,4693.42,6200.15,5623.88,5424.49
1207,8015.76,4963.38,4974.98,4190.38,5698.91,5613.07,5450.62
1208,8022.52,5851.48,5791.76,5055.23,6688.81,5518.04,5279.65
1209,8029.19,4567.86,4526.31,3835.22,5397.84,5716.59,5507.52
1210,8035.98,5304.29,5282.00,4343.22,6326.98,5707.96,5617.96
1211,8042.67,4508.40,4469.11,3635.62,5391.80,5819.88,5799.74
1212,8049.14,4500.42,4454.99,3390.36,5631.75,5571.60,5396.09
1213,8056.30,7523.86,7502.71,6369.96,8557.85,5680.48,5547.02
1214,8063.25,5737.62,5725.92,5118.08,6523.40,5753.84,5641.01
1215,8069.90,4520.78,4642.60,3505.11,5320.39,5697.59,5673.66
1216,8076.52,4843.24,4783.20,3718.49,6010.73,5740.93,5601.99
1217,8083.37,4994.66,5008.17,4049.94,5972.01,5795.38,5634.85
1218,8089.50,3479.96,3465.23,2640.05,4290.22,5340.82,5072.29
1219,8096.63,6029.60,6077.21,5049.77,6949.93,5818.88,5661.53
1220,8103.57,6612.84,6694.20,5538.55,7543.85,5552.89,5259.72
1221,8110.58,5749.32,5718.14,4910.14,6515.01,5819.94,5693.83
1222,8117.29,6182.32,6160.70,5142.41,7145.95,5457.66,5399.55
1223,8123.62,4531.97,4473.47,3964.40,5199.43,5566.77,5562.42
1224,8130.47,6257.29,6307.52,5303.30,7238.93,5717.54,5590.19
1225,8136.79,4834.83,4806.41,4134.28,5551.51,5399.44,5280.16
1226,8143.42,5931.53,5967.35,4986.80,6719.88,5608.27,5494.79
1227,8150.19,6261.02,6254.91,5225.72,7279.41,5600.74,5429.40
1228,8156.72,5184.85,5183.27,4525.42,5884.68,5706.05,5675.79
1229,8163.78,5416.68,5445.49,4551.86,6296.83,5700.26,5545.76
1230,8170.48,5330.19,5307.65,4404.49,6309.70,5692.28,5639.36
1231,8177.15,4819.89,4766.13,4063.33,5758.60,5908.11,5773.46
1232,8183.90,4769.81,4777.01,4122.69,5447.76,5696.24,5581.33
1233,8190.56,5164.56,5165.14,4305.02,5902.50,5710.02,5637.51
1234,8197.20,4707.00,4650.35,4013.76,5536.25,5498.27,5287.84
1235,8203.62,3740.98,3757.52,2763.81,4609.55,5579.07,5493.87
1236,8210.42,5022.95,5056.93,4123.98,5856.41,5640.03,5506.80
1237,8217.04,4639.93,4555.17,3791.68,5621.66,5717.64,5562.69
1238,8223.48,4287.19,4260.96,3742.76,4938.30,5602.54,5547.77
1239,8230.41,5760.54,5809.98,4716.89,6693.41,5720.86,5672.49
1240,8237.30,6396.86,6375.93,5374.67,7400.87,5520.58,5162.22
1241,8244.09,4655.40,4506.03,3579.55,5858.78,5623.38,5424.59
1242,8250.73,4956.96,4956.30,4214.58,5802.40,5751.74,5668.32
1243,8257.58,4905.50,4875.88,4110.75,5760.58,5942.46,5620.23
1244,8264.13,4688.58,4600.15,3858.98,5554.35,5624.91,5624.91
1245,8270.67,4721.02,4718.77,3977.59,5430.22,5660.49,5660.49
1246,8276.85,3234.77,3195.75,2564.93,3887.14,5554.66,5281.83
1247,8283.42,4227.92,4223.12,3480.67,5033.62,5767.98,5668.47
1248,8290.47,5660.50,5742.21,4175.36,7153.85,6040.24,5843.31
1249,8297.09,5729.21,5778.25,4609.81,6699.06,5428.10,5261.77
1250,8304.08,6045.81,6023.76,5013.98,7069.59,5756.49,5549.19
1251,8310.70,5700.21,5689.42,4874.98,6658.38,5642.03,5511.70
1252,8317.59,6325.45,6250.21,5230.72,7379.20,5590.82,5484.95
1253,8324.63,7013.94,6949.91,5953.70,8241.61,5641.13,5494.89
1254,8330.95,4291.62,4258.49,3560.72,5057.70,5489.22,5489.22
1255,8337.33,4653.92,4635.52,3925.79,5559.72,5567.76,5518.15
1256,8343.83,4956.82,4984.75,3916.98,5966.64,5555.10,5535.79
1257,8350.47,5029.77,4945.22,3848.44,6310.00,5448.49,5378.00
1258,8356.91,4197.44,4174.26,3087.12,5264.16,5734.17,5539.62
1259,8363.90,4971.86,5020.74,3669.41,6186.51,5778.16,5638.71
1260,8370.54,5301.84,5173.52,4408.88,6236.30,5591.95,5565.29
1261,8377.24,5414.34,5378.77,4265.00,6649.75,5638.69,5538.59
1262,8383.71,4618.59,4610.01,3652.46,5637.13,5570.88,5330.36
1263,8390.36,4897.28,4807.26,4023.82,5821.24,5693.21,5602.17
1264,8397.18,4983.62,4975.63,4165.26,5756.05,5771.65,5598.64
1265,8403.84,5929.01,5971.94,4754.12,6965.07,5495.95,5495.95
1266,8410.63,4896.00,4919.42,4092.28,5616.37,5801.52,5540.49
1267,8418.14,7439.39,7554.76,6205.44,8508.81,6330.56,5736.79
1268,8425.31,7060.53,7016.80,6153.07,8054.82,5854.97,5854.97
1269,8432.14,5743.12,5635.53,4818.25,6632.08,5641.18,5452.00
1270,8439.16,5876.69,5880.72,4882.32,6822.25,5901.94,5673.42
1271,8445.99,5173.15,5221.43,4408.85,5949.31,5888.90,5743.17
1272,8453.26,6580.71,6531.65,5562.66,7725.23,5943.36,5812.51
1273,8460.05,4918.02,4909.58,4158.67,5721.36,6033.87,5738.13
1274,8466.99,5518.15,5504.89,4399.05,6617.96,5696.43,5630.01
1275,8473.70,4698.52,4665.05,4056.24,5325.02,5879.21,5879.21
1276,8481.03,6007.66,5973.20,4933.26,7152.52,6371.74,6371.74
1277,8487.88,4648.61,4647.62,3847.26,5406.46,6106.42,5843.02
1278,8494.62,5259.03,5224.92,4432.05,6116.92,5851.75,5703.03
1279,8501.82,6602.65,6718.76,5635.50,7479.17,5872.06,5837.65
1280,8508.56,5829.93,5891.82,4868.33,6758.71,5912.68,5563.78
1281,8515.44,5215.76,5214.79,4429.52,5997.27,5694.75,5677.60
1282,8521.96,4131.64,4096.86,3265.65,4948.88,5641.17,5331.65
1283,8528.85,5231.58,5228.60,4461.89,6083.99,5797.17,5686.78
1284,8535.82,6034.64,6102.26,5032.62,7136.77,5719.17,5461.56
1285,8542.15,4035.30,3949.09,3461.99,4693.46,5670.39,5435.49
1286,8549.13,5918.21,5913.02,4826.52,7126.89,5786.37,5713.03
1287,8555.61,3876.28,3752.40,3119.22,4826.87,5618.63,5414.78
1288,8562.44,6762.75,6701.17,5744.93,7838.19,5625.61,5387.82
1289,8569.70,5306.54,5285.66,4196.57,6355.32,6104.94,6104.94
1290,8576.74,6623.65,6613.11,5509.51,7596.27,6039.82,5615.87
1291,8583.71,4796.58,4787.19,4120.33,5604.10,5784.15,5468.25
1292,8590.17,4623.56,4643.01,3915.38,5242.57,5635.78,5113.74
1293,8597.00,5232.03,5243.06,4397.94,6011.79,5826.59,5650.56
1294,8604.14,5768.86,5868.07,4396.74,7080.09,6167.87,5918.33
1295,8611.16,6021.50,5990.34,5174.51,6935.60,6009.93,5873.97
1296,8618.07,5440.30,5396.64,4555.64,6401.76,5756.33,5605.33
1297,8625.14,6773.29,6760.42,6016.02,7596.78,5921.68,5835.90
1298,8632.13,5793.07,5670.75,4499.44,7172.98,5921.35,5891.18
1299,8638.81,4279.01,4334.17,3247.88,5186.74,5625.48,5555.39
1300,8645.87,6241.26,6205.47,5440.85,7086.30,5908.94,5564.96
1301,8652.52,4598.44,4643.20,3644.95,5428.95,5716.66,5716.66
1302,8658.92,3755.79,3680.43,3075.13,4567.07,5597.85,5408.38
1303,8665.67,5666.42,5621.59,4909.20,6558.03,5737.40,5403.96
1304,8672.60,4862.86,4919.67,3631.47,5915.87,5725.93,5421.76
1305,8679.18,4316.35,4302.51,3367.05,5168.45,5780.76,5615.89
1306,8685.31,2944.37,2906.72,2381.92,3559.59,5714.53,5714.53
1307,8691.90,6018.43,6087.82,5208.62,6874.84,5593.09,5394.08
1308,8698.98,5205.33,5307.21,4359.15,6006.35,5879.61,5710.67
1309,8705.93,6596.39,6562.22,5594.93,7661.37,5613.44,5321.11
1310,8712.49,4678.70,4651.97,3826.00,5545.95,5779.92,5544.41
1311,8719.52,6277.23,6185.22,5221.60,7433.17,5811.98,5758.88
1312,8726.56,4959.82,4753.45,3944.83,6164.39,6005.96,5843.95
1313,8733.17,5569.87,5501.79,4607.57,6617.52,5728.73,5582.60
1314,8740.16,6321.88,6311.61,5374.19,7321.05,5826.58,5650.85
1315,8747.42,5660.84,5686.10,4411.97,6775.45,6026.21,5786.63
1316,8753.86,4157.20,4050.06,3450.23,5069.70,5544.49,5506.99
1317,8760.20,4933.81,4864.45,4305.41,5749.53,5453.62,5397.56
1318,8767.03,5229.91,5145.60,4395.82,6139.69,5706.43,5634.09
1319,8774.03,6288.09,6289.59,5364.60,7255.44,5770.27,5695.94
1320,8780.61,5500.50,5472.64,4670.61,6419.00,5489.46,5324.90
1321,8787.34,5688.53,5714.66,4923.78,6453.51,5369.21,5292.88
1322,8794.02,4649.02,4583.71,3655.61,5691.40,5662.01,5446.49
1323,8801.24,5479.27,5465.04,4583.65,6558.32,6080.61,5868.97
1324,8807.65,3861.79,3844.54,3161.76,4572.33,5894.11,5808.99
1325,8814.25,5480.01,5500.49,4732.97,6093.86,5694.89,5607.30
1326,8820.84,5102.44,5111.98,4403.20,5780.19,5693.98,5693.98
1327,8827.46,5560.43,5570.10,4671.64,6487.06,5607.99,5338.03
1328,8834.58,5683.62,5753.14,4662.23,6565.22,6004.18,5956.56
1329,8841.86,7705.98,7710.19,6545.30,8887.41,5778.66,5562.67
1330,8848.79,6112.77,6082.04,5352.01,7015.27,5611.21,5592.71
1331,8855.57,5270.59,5179.92,4365.23,6314.01,5767.82,5763.01
1332,8862.24,4045.08,4093.86,3542.48,4623.90,5673.80,5568.65
1333,8869.19,5822.20,5868.50,4738.87,6893.27,5731.03,5461.39
1334,8876.08,4813.78,4768.44,4075.96,5621.85,5623.89,5331.69
1335,8882.85,5414.35,5353.88,4539.77,6374.50,5420.07,5418.74
1336,8890.09,6785.34,6752.04,6016.28,7617.31,5928.07,5695.06
1337,8897.05,4258.27,4228.46,3293.83,5282.69,5978.66,5621.93
1338,8904.30,6404.94,6400.92,5568.95,7250.18,5920.48,5795.27
1339,8911.22,5252.26,5246.38,4392.70,6171.52,5677.97,5456.35
1340,8918.46,6260.50,6230.76,5306.80,7283.34,5904.12,5845.97
1341,8925.51,6442.31,6481.59,5530.63,7294.89,5953.21,5731.26
1342,8932.39,5760.94,5745.08,4874.92,6572.35,6005.91,5713.23
1343,8939.26,4498.58,4589.14,3720.09,5139.20,5896.67,5888.05
1344,8946.08,5299.33,5310.82,4216.49,6302.80,5791.82,5643.85
1345,8953.35,6454.96,6442.67,5628.59,7363.01,5827.02,5679.26
1346,8960.68,7470.94,7446.13,6425.41,8646.14,5828.71,5828.71
1347,8967.91,5641.90,5685.83,4409.15,6797.47,5835.85,5724.50
1348,8974.83,5865.52,5852.98,5241.09,6562.21,5904.11,5798.96
1349,8981.54,5173.63,5099.79,4510.05,5921.00,6011.64,6011.64
1350,8988.77,6588.14,6641.86,5713.86,7475.96,6058.11,5811.17
1351,8995.60,4996.56,5011.67,4028.24,5894.14,5846.93,5751.61
1352,9002.56,5190.82,5191.84,4493.97,5926.15,5901.25,5658.55
1353,9009.16,5121.81,5135.13,4261.76,5941.00,5582.39,5510.30
1354,9015.84,4634.22,4611.75,3796.97,5489.00,5808.60,5690.59
1355,9022.85,6614.28,6645.25,5774.56,7531.16,5789.79,5743.55
1356,9029.47,4453.57,4469.70,3731.90,5198.61,5703.15,5527.73
1357,9036.18,4077.39,4005.77,3249.81,4930.80,5773.55,5689.24
1358,9042.76,5470.63,5472.10,4309.15,6592.67,5616.71,5503.88
1359,9049.40,5293.16,5307.53,4518.70,6046.86,5447.91,5249.77
1360,9056.33,5528.21,5519.02,4506.96,6462.30,5967.23,5639.67
1361,9063.29,5133.95,5041.53,4256.29,6044.08,5850.12,5602.72
1362,9070.21,5702.29,5710.63,4580.88,6796.02,5643.81,5489.64
1363,9076.88,4193.05,4171.45,3423.91,4995.44,5782.76,5782.76
1364,9083.99,5107.91,5077.98,4052.27,6173.59,5930.35,5790.79
1365,9090.46,4673.49,4726.67,3928.10,5442.29,5339.93,5042.80
1366,9097.53,6417.23,6375.09,5262.66,7712.95,5702.60,5644.54
1367,9104.78,5800.69,5859.57,4999.88,6612.00,5661.68,5195.17
1368,9111.55,5420.96,5385.50,4699.18,6240.86,5862.09,5831.05
1369,9118.29,4308.57,4290.72,3412.78,5235.64,5564.23,5453.84
1370,9125.09,6038.75,6013.51,5536.82,6656.73,5529.58,5343.19
1371,9131.87,5367.40,5436.43,4277.20,6470.18,5831.47,5669.99
1372,9138.45,4094.77,4072.88,3492.33,4744.24,5851.66,5622.57
1373,9145.56,6308.27,6464.01,4764.75,7659.81,5792.74,5594.40
1374,9152.45,5486.61,5510.08,4707.12,6319.10,5658.73,5538.00
1375,9159.12,5383.18,5422.96,4438.76,6288.78,5815.72,5660.11
1376,9165.89,4902.01,4925.71,4197.90,5601.77,5826.79,5636.10
1377,9172.87,6808.05,6752.03,5819.73,7856.90,5809.50,5809.50
1378,9179.75,5583.08,5618.23,4442.01,6744.64,5709.16,5477.18
1379,9186.12,3990.00,3917.31,3260.66,4874.62,5962.98,5962.98
1380,9193.21,5718.64,5644.25,4696.10,7031.76,6084.63,5514.16
1381,9199.93,4451.39,4522.77,3870.42,5106.66,5854.19,5751.16
1382,9207.30,5802.94,5897.48,4586.95,6908.07,5988.31,5671.21
1383,9213.67,4014.42,4022.98,3350.68,4657.02,5900.46,5392.04
1384,9220.66,4029.41,4023.34,3303.99,4741.69,6030.42,5798.54
1385,9227.52,5394.17,5429.79,4118.27,6647.92,5759.71,5591.05
1386,9233.97,4364.31,4287.48,3820.09,5049.82,5869.05,5615.13
1387,9240.98,6381.15,6522.54,5050.25,7706.54,5774.11,5656.81
1388,9247.52,4961.01,4976.47,4205.93,5640.27,5944.52,5550.94
1389,9254.26,5811.56,5835.54,4726.39,6713.78,5694.75,5694.75
1390,9261.12,4998.03,4928.17,4380.96,5656.75,6052.96,5938.23
1391,9267.77,4434.69,4405.21,3554.97,5325.08,5727.09,5628.90
1392,9274.86,6164.52,6130.41,5265.03,7115.31,5948.99,5948.99
1393,9281.52,4890.95,4846.20,4092.56,5726.66,5686.63,5434.44
1394,9288.86,7159.84,7139.94,6303.23,8127.68,6261.60,6261.60
1395,9295.35,3895.88,3922.46,3278.19,4454.28,5896.24,5685.86
1396,9302.33,5979.51,5972.08,5352.58,6631.70,5907.21,5854.24
1397,9309.00,4159.64,4153.16,3525.92,4706.10,5883.67,5770.62
1398,9315.83,4946.46,4924.29,3839.05,6105.69,5794.51,5646.15
1399,9323.16,5784.35,5740.67,4868.08,6701.28,5914.42,5860.88
1400,9330.04,4753.55,4704.29,3814.70,5748.29,5858.15,5769.62
1401,9336.93,4850.24,4806.91,3452.09,6339.46,5803.63,5649.10
1402,9344.15,5880.27,5888.78,4975.38,6818.17,5926.63,5789.28
1403,9351.16,5864.53,5857.02,4859.23,6921.33,5821.93,5534.91
1404,9358.34,5040.87,4970.39,3875.24,6298.88,6037.92,6011.42
1405,9364.98,4096.45,4139.13,3244.08,4914.68,5927.46,5927.46
1406,9372.21,6550.13,6529.25,5467.54,7663.13,5978.44,5881.91
1407,9379.71,5829.96,5877.30,4496.76,7070.70,6297.58,6027.79
1408,9386.68,6408.88,6367.53,5166.36,7735.48,5607.44,5382.60
1409,9393.21,5335.57,5363.51,4722.69,5934.97,5737.37,5524.44
1410,9400.33,5501.58,5406.21,4830.88,6269.62,5877.21,5788.71
1411,9407.31,5628.62,5647.50,4590.88,6646.13,5809.09,5712.66
1412,9414.51,5797.39,5818.58,4986.22,6599.18,6086.27,5932.68
1413,9421.48,5246.51,5161.54,4252.72,6201.60,5723.68,5463.79
1414,9428.56,5893.89,5908.81,4742.57,7072.52,5907.04,5662.60
1415,9435.31,4467.41,4371.67,3635.07,5665.35,5738.67,5614.23
1416,9442.32,6216.48,6254.10,5519.80,6853.79,5905.17,5706.00
1417,9448.99,6314.67,6331.18,5556.96,7036.47,5659.10,5611.17
1418,9456.03,6650.44,6595.46,5875.57,7557.07,5858.47,5606.84
1419,9463.27,4930.32,4943.36,4202.24,5576.34,5858.60,5771.24
1420,9470.47,6117.19,6117.60,5297.37,7001.26,6107.31,5920.37
1421,9477.68,5854.33,5878.59,4873.81,6809.32,5973.36,5717.42
1422,9484.81,6311.20,6312.96,5611.74,6990.00,5934.53,5784.37
1423,9491.85,5467.94,5469.42,4586.05,6352.05,5944.69,5944.69
1424,9498.91,5715.16,5669.74,4932.26,6536.68,6095.05,5733.69
1425,9505.66,4679.03,4569.53,3983.87,5500.28,5905.30,5817.97
1426,9512.50,4531.07,4486.05,3539.75,5462.72,5866.93,5738.36
1427,9519.69,6682.86,6671.49,5627.39,7780.81,5977.83,5750.59
1428,9526.84,5845.37,5925.92,4625.93,6880.02,6164.23,6088.33
1429,9533.53,4739.69,4642.32,3949.39,5687.09,6080.86,5934.29
1430,9540.61,5942.57,6002.14,4778.87,7041.92,5824.41,5770.68
1431,9547.61,5241.32,5230.58,4545.85,6098.19,5953.81,5796.20
1432,9554.45,5074.60,5109.92,4208.16,5997.67,5975.85,5729.54
1433,9561.20,4532.06,4441.61,3500.07,5580.36,6051.22,5841.00
1434,9568.54,5779.86,5737.20,4904.73,6864.74,6216.42,5902.95
1435,9575.66,7308.22,7357.24,5985.65,8432.21,6073.00,5718.85
1436,9582.61,5660.55,5641.98,4192.10,6995.21,5907.12,5861.66
1437,9589.29,4529.24,4494.66,3698.27,5426.11,6144.81,5910.31
1438,9596.65,6657.92,6642.30,5484.23,7891.81,6210.23,5862.73
1439,9603.67,4975.00,4983.09,4334.08,5639.74,6118.43,5905.57
1440,9610.89,6234.92,6237.48,5045.70,7256.17,5907.62,5796.64
1441,9618.12,5363.40,5369.74,4471.60,6213.37,6131.06,6010.42
1442,9625.27,5597.63,5612.85,4494.94,6846.51,5876.58,5480.75
1443,9632.13,4897.72,4798.57,4111.88,5915.28,6018.92,5824.04
1444,9639.14,5218.89,5232.78,4414.36,6026.71,6015.54,5820.34
1445,9645.96,3958.78,3891.43,3124.24,4805.16,6057.62,6057.62
1446,9652.86,6061.01,6046.60,5239.81,6878.54,6196.31,6196.31
1447,9659.29,4366.88,4323.38,3704.54,5079.44,5711.00,5584.10
1448,9666.58,6119.79,6143.98,5036.88,7172.11,6183.96,5874.58
1449,9673.76,7608.17,7626.10,6468.97,8739.99,5937.98,5533.83
1450,9680.73,5025.71,5137.96,3930.46,5992.74,6057.93,5880.76
1451,9687.09,3905.40,3886.30,3228.56,4520.33,5749.37,5657.42
1452,9694.12,5390.61,5395.17,4671.99,6202.30,5946.54,5838.40
1453,9700.84,5290.16,5309.62,4578.79,6027.83,5933.06,5895.68
1454,9707.85,4488.68,4468.89,3281.91,5786.70,5971.64,5704.96
1455,9714.84,5434.86,5402.50,4838.98,6117.64,5767.79,5644.15
1456,9721.47,4826.64,4819.24,4045.81,5557.50,5824.25,5547.85
1457,9728.81,6612.47,6690.21,5575.89,7590.73,5929.11,5831.27
1458,9735.71,5872.87,5871.29,4885.81,6926.40,5755.94,5755.94
1459,9742.50,5012.64,4965.90,4360.82,5754.82,5998.02,5904.02
1460,9749.72,5909.35,5878.12,4888.56,6983.49,6189.95,6148.65
1461,9756.71,6202.27,6144.75,5178.10,7466.83,5764.65,5708.55
1462,9763.75,4726.84,4723.31,3801.79,5616.68,6017.40,5899.74
1463,9770.58,4952.10,4989.06,4004.77,5792.19,5809.30,5567.69
1464,9777.85,5312.38,5265.59,4341.79,6353.59,6173.37,5939.55
1465,9785.24,7350.88,7318.78,5939.83,8533.35,5993.38,5937.25
1466,9792.35,6407.27,6485.44,5336.45,7427.76,5799.02,5687.38
1467,9799.43,6665.19,6669.29,5797.58,7551.28,5942.80,5611.74
1468,9806.85,6293.56,6237.27,5297.88,7383.19,6188.02,6051.00
1469,9814.72,7415.70,7409.17,6174.81,8534.83,6712.92,6413.53
1470,9822.00,6265.39,6163.57,5446.03,7161.33,6178.28,6178.28
1471,9829.39,6720.70,6696.02,5396.00,8095.02,6235.68,6092.68
1472,9836.42,5502.94,5484.89,4756.39,6200.81,6223.52,6042.98
1473,9843.44,5755.16,5805.60,4637.03,6959.16,6076.16,6007.24
1474,9850.52,4448.79,4411.02,3652.69,5310.98,6166.54,6039.63
1475,9857.69,5068.02,5108.31,4130.20,5894.03,6130.20,5961.92
1476,9864.74,5085.83,5186.92,3758.60,6188.12,5954.34,5804.02
1477,9871.34,3225.15,3204.57,2787.55,3748.99,5987.58,5568.56
1478,9878.34,5929.85,5962.28,4997.12,6889.83,5676.85,5428.27
1479,9885.41,4467.57,4469.60,3873.56,5031.05,5979.65,5979.65
1480,9892.63,5747.40,5840.33,4801.69,6647.16,6063.52,5899.45
1481,9899.99,5414.89,5432.34,4424.00,6274.17,6279.84,6089.58
1482,9906.77,3803.43,3813.40,3083.48,4556.88,6023.87,5699.81
1483,9914.27,6832.15,6926.83,5557.27,8060.70,5908.98,5734.71
1484,9920.91,4462.31,4332.75,3614.11,5515.20,5890.44,5707.93
1485,9928.16,6544.94,6597.46,5482.32,7579.08,5925.02,5669.99
1486,9935.39,6784.08,6761.19,5844.28,7778.67,6251.87,6251.87
1487,9942.92,6141.66,6063.57,5091.94,7183.98,6127.37,5957.82
1488,9950.21,5409.74,5158.96,4051.62,7260.60,6442.83,6208.64
1489,9957.20,6053.15,5995.85,4904.26,7120.16,5819.58,5707.41
1490,9964.02,4411.18,4368.69,3551.26,5401.85,5911.34,5768.99
1491,9970.91,6927.58,7036.13,5836.66,7975.73,5611.33,5558.15
1492,9977.66,4704.93,4690.45,4086.35,5296.72,5776.73,5662.54
1493,9984.87,5132.23,5170.08,4087.53,6094.02,6239.18,5969.27
1494,9991.90,5063.49,5025.78,4215.36,5979.06,5789.71,5643.54
1495,9998.85,5575.67,5628.88,4614.68,6465.44,5878.99,5878.99
1496,10005.47,4982.79,4952.10,4208.58,5803.71,5660.31,5531.91
1497,10012.36,6780.42,6808.53,5995.99,7495.90,5686.97,5505.85
1498,10019.20,5415.09,5464.67,4647.38,6137.58,5722.64,5583.95
1499,10026.12,4980.28,4964.75,4066.94,5890.34,5920.47,5700.44
1500,10032.89,4344.12,4324.64,3443.67,5210.99,5941.07,5793.41
1501,10040.12,6144.30,6142.48,5107.73,7159.12,5791.81,5609.86
1502,10047.25,6482.80,6439.17,5573.68,7458.26,5726.81,5544.63
1503,10054.09,5305.57,5259.84,4382.30,6312.67,5835.07,5627.11
1504,10060.98,6038.04,6061.77,5135.98,7115.68,5809.64,5739.86
1505,10067.91,5127.09,5172.84,4371.55,5839.03,5934.73,5899.89
1506,10075.24,7059.14,7233.73,5736.43,8278.13,6114.79,6114.79
1507,10082.34,5686.70,5674.74,4734.04,6749.66,5977.28,5458.63
1508,10089.22,6383.03,6384.11,5165.88,7575.95,5702.75,5434.64
1509,10096.27,6050.04,6125.74,4942.90,7083.13,5844.41,5625.52
1510,10102.76,4475.51,4512.63,3718.66,5213.22,5613.29,5394.87
1511,10109.72,5624.44,5611.08,4776.24,6467.31,5728.58,5610.62
1512,10116.80,6450.62,6377.56,5161.60,7850.35,5744.60,5574.74
1513,10123.69,5485.48,5527.51,4491.30,6441.16,5837.27,5767.46
1514,10130.94,4935.14,4942.30,3991.57,5948.27,6339.44,5982.59
1515,10137.52,4622.95,4620.50,3835.40,5475.35,5567.85,5533.36
1516,10144.44,4974.53,4827.66,4050.62,6190.15,5862.65,5592.92
1517,10151.28,4301.11,4311.04,3256.94,5406.80,5896.50,5727.20
1518,10158.11,5411.21,5333.47,4514.18,6377.07,5903.12,5629.65
1519,10165.19,5353.86,5336.86,4322.52,6372.42,6042.51,5736.34
1520,10172.23,5441.86,5329.40,4577.40,6610.49,5813.19,5577.87
1521,10179.08,4607.06,4632.33,3686.40,5516.77,5888.83,5688.75
1522,10185.90,4842.08,4857.44,3998.59,5727.85,5877.69,5718.51
1523,10192.91,4214.09,4200.83,3223.70,5232.72,5970.88,5883.14
1524,10199.86,6004.24,5966.74,5100.32,6882.00,5816.92,5757.75
1525,10206.97,5219.78,5152.56,4061.42,6366.71,5930.65,5847.84
1526,10214.15,5979.75,5997.42,4723.57,7030.86,6045.49,5879.84
1527,10220.62,3790.84,3760.81,3107.55,4472.07,5742.95,5742.95
1528,10227.45,4883.69,4877.15,4129.66,5589.95,6082.08,6005.24
1529,10234.12,4353.72,4343.26,3524.14,5112.38,5641.75,5481.30
1530,10241.08,5940.88,5925.74,5206.25,6641.32,5842.27,5774.81
1531,10247.84,5040.54,5022.50,4195.36,5892.51,5785.11,5572.52
1532,10254.83,6006.48,6002.12,5174.49,6813.52,5872.34,5843.23
1533,10261.46,4305.46,4231.61,3626.24,5017.00,5811.09,5635.73
1534,10268.13,4673.36,4710.71,3774.92,5420.70,5613.54,5584.93
1535,10275.10,5101.74,5120.26,4203.99,5962.71,5853.90,5647.40
1536,10281.74,3617.66,3620.12,2902.01,4239.44,5848.15,5694.94
1537,10288.79,5811.88,5826.91,4755.90,6850.74,5895.41,5820.17
1538,10295.60,5156.71,5132.35,4122.59,6145.08,5857.65,5857.65
1539,10302.98,7176.73,7162.19,6012.91,8379.24,5898.28,5672.87
1540,10309.90,5817.10,5862.04,4867.86,6729.72,5762.93,5362.81
1541,10316.91,5642.99,5603.94,4764.61,6474.99,5913.05,5758.83
1542,10323.54,5844.32,5799.28,5124.14,6560.44,5440.82,5242.33
1543,10330.60,5159.73,5070.15,4302.65,6206.34,6047.90,5865.12
1544,10337.84,5916.92,5944.38,4929.19,6908.90,5874.52,5570.52
1545,10344.91,6252.87,6259.34,5236.02,7185.48,5958.41,5690.95
1546,10351.64,5225.47,5161.96,4269.14,6256.63,5754.93,5422.76
1547,10358.36,5221.90,5101.54,4026.13,6515.60,5701.55,5389.50
1548,10365.31,6118.22,6138.23,4754.53,7145.78,5795.19,5456.73
1549,10372.51,6508.14,6557.62,5521.73,7508.55,5872.65,5624.61
1550,10379.58,5876.97,5824.31,4876.77,7014.77,5604.95,5231.62
1551,10386.06,4418.58,4381.47,3845.77,5098.51,5851.44,5739.15
1552,10392.99,5437.53,5488.64,4415.99,6355.74,5794.92,5460.21
1553,10400.20,5419.99,5345.29,4530.40,6329.17,6144.00,6059.81
1554,10407.11,6138.06,6183.24,4984.95,7237.38,5781.35,5753.77
1555,10413.97,4840.34,4804.14,3896.76,5807.61,5833.36,5708.31
1556,10420.49,4488.90,4456.84,3779.43,5221.71,5785.78,5514.98
1557,10427.45,4822.44,4805.74,3565.58,5993.25,5849.88,5584.96
1558,10434.28,4801.27,4794.50,3876.60,5623.13,5607.00,5459.30
1559,10440.82,4908.28,4931.00,4063.13,5722.55,5441.39,5385.47
1560,10447.88,5545.74,5447.00,4547.39,6686.53,5906.23,5716.07
1561,10454.80,5689.18,5713.15,4952.22,6392.66,5796.02,5727.08
1562,10461.49,4610.48,4541.92,3880.26,5287.93,5930.25,5930.25
1563,10468.21,4667.09,4593.99,3878.17,5652.18,5656.13,5583.63
1564,10474.86,4636.27,4683.24,3756.38,5397.70,5839.55,5839.55
1565,10481.82,5473.11,5423.53,4712.71,6195.58,6081.27,5865.48
1566,10488.90,5650.56,5574.82,4796.98,6659.53,5838.42,5838.42
1567,10495.61,5371.43,5332.88,4669.00,6152.37,5623.39,5517.81
1568,10502.78,6212.68,6189.67,5048.81,7545.44,5868.87,5667.95
1569,10509.60,4861.44,4835.87,3945.00,5670.27,6059.27,5835.71
1570,10516.48,5469.33,5437.53,4748.45,6217.41,5794.50,5616.32
1571,10523.30,4034.39,3989.69,3409.03,4813.08,5908.65,5762.43
1572,10530.10,5203.45,5196.50,4173.21,6273.63,5719.99,5476.10
1573,10537.03,5924.48,5890.84,4985.94,6820.04,5728.39,5445.32
1574,10544.05,6537.66,6547.47,5441.20,7582.53,5859.98,5676.93
1575,10550.89,6123.65,6032.74,5207.37,7031.21,5553.76,5483.05
1576,10558.12,5719.79,5782.20,5015.84,6474.80,5877.88,5863.51
1577,10565.24,6007.69,5984.73,4944.30,7100.42,6024.48,6024.48
1578,10572.41,6415.60,6434.24,5533.96,7294.02,5888.12,5835.25
1579,10579.20,3810.10,3741.92,2915.04,4754.58,5898.69,5601.91
1580,10586.04,4946.82,4933.46,4225.40,5734.15,5716.90,5650.25
1581,10593.13,5525.83,5505.79,4532.75,6769.12,5887.77,5581.15
1582,10600.16,4584.49,4542.53,3724.91,5480.18,6144.49,5967.64
1583,10606.59,4144.13,4144.74,3511.50,4814.99,5611.38,5561.62
1584,10613.58,4534.98,4523.79,3539.69,5641.65,5922.03,5639.38
1585,10620.50,4987.99,4933.96,4143.16,5910.62,6049.17,5857.75
1586,10627.55,5175.30,5165.47,3755.32,6753.38,6010.05,5990.15
1587,10634.45,5822.71,5799.15,4853.31,6853.79,5725.96,5656.43
1588,10641.24,5577.36,5533.75,4769.57,6542.08,5761.32,5581.29
1589,10648.73,6762.41,6793.14,5462.52,7898.61,6086.43,6086.43
1590,10655.88,6350.91,6319.58,5339.05,7304.59,5945.87,5805.82
1591,10662.76,5303.57,5255.25,4523.66,6218.15,5866.55,5705.30
1592,10670.29,5695.69,5732.27,4688.28,6618.56,6043.93,6029.38
1593,10677.11,4683.13,4712.26,3686.91,5568.25,5921.73,5774.36
1594,10684.77,7624.56,7936.38,5500.63,9056.41,6261.98,5981.86
1595,10692.00,5621.02,5574.71,4382.94,6818.61,6010.29,5839.58
1596,10698.98,4827.20,4825.68,3985.49,5719.81,6071.92,5885.22
1597,10706.40,7231.92,7131.72,5915.89,8669.28,5965.41,5817.08
1598,10713.28,4812.09,4802.09,3675.17,6091.58,6051.98,5905.52
1599,10720.56,6702.27,6713.81,5736.65,7756.48,6135.78,5684.48
1600,10727.80,5922.32,5989.83,4721.74,7062.81,5807.75,5713.24
1601,10734.91,5719.67,5672.57,4515.68,6957.72,5936.24,5788.74
1602,10741.85,5888.36,5893.78,4888.89,6819.21,5867.24,5667.12
1603,10748.55,4489.37,4523.73,3765.98,5150.13,6018.78,5854.49
1604,10755.63,6146.72,6187.24,5133.28,7114.68,5815.98,5514.19
1605,10762.67,5208.45,5170.94,4207.59,6267.72,6164.86,6097.82
1606,10769.74,5544.19,5506.10,4712.92,6374.30,5790.79,5669.73
1607,10776.83,5081.69,5124.85,3979.43,6163.20,5839.27,5693.90
1608,10783.19,3325.41,3323.67,2802.33,3839.85,5855.10,5709.04
1609,10790.64,6526.49,6477.14,5668.45,7444.96,6149.96,6149.96
1610,10798.00,6342.53,6384.25,5130.59,7393.66,6248.76,5922.34
1611,10805.16,5412.68,5436.94,4703.52,6166.04,6000.53,5892.84
