# name=polishLand generations=100000 population=200 games=800 startFrom=models/featLand_2_2026-10-07_22-12-42_pool.pt stage1Games=20 shape=33-33-33-33-2 mutationRate=0.7 sigma=0.02 elites=3 keepPart=0.1 minStartHeight=20000 maxStartHeight=30000 zeroFraction=0.5 steerSmoothing=0.5 stableSlots=(3,2,1,2,0,1) monsterFraction=0.0 monsterMult=1.0 fast=True actionRepeat=1
gen,elapsed_s,mean,median,p10,p90,best,chosen
1,6.48,4855.76,4835.60,4020.26,5653.47,4956.97,4956.97
2,12.26,3508.89,3483.25,2700.58,4327.07,5161.32,4889.43
3,18.04,4257.88,4291.81,3217.51,5258.61,5159.71,4939.79
4,24.19,4915.02,4901.45,4118.83,5710.39,5482.16,5434.06
5,30.15,4890.73,4872.32,4323.33,5498.21,5209.01,5209.01
6,36.58,5589.64,5734.12,4332.03,6665.25,5685.62,5438.88
7,42.52,4295.12,4300.79,3696.09,4828.85,5412.08,5412.08
8,48.35,4322.23,4354.43,3466.74,5126.67,5258.65,5098.65
9,54.26,5194.08,5210.81,4263.62,6140.05,5156.40,5053.16
10,60.46,5550.38,5638.54,4299.32,6775.62,5373.35,5154.22
11,66.71,4830.17,4854.37,4165.74,5507.93,5550.57,5438.93
12,73.09,5237.15,5278.09,4436.47,5924.33,5925.75,5925.75
13,79.44,4542.18,4485.15,3806.96,5464.95,5639.53,5468.18
14,85.53,4967.52,4970.28,4075.48,5907.21,5288.10,5197.24
15,91.56,4412.20,4388.38,3632.59,5159.81,5315.90,5165.50
16,97.20,3755.55,3709.23,3081.85,4423.90,5147.19,5061.58
17,103.31,4983.66,5047.25,3585.90,6377.40,5576.46,5413.35
18,109.02,4036.66,4041.98,3264.63,4830.96,5272.82,5070.63
19,115.23,4982.96,4958.40,4193.68,5714.21,5361.04,5236.86
20,121.39,4404.43,4370.47,3539.96,5400.84,5640.85,5640.85
21,127.58,5061.16,5067.26,4243.98,6003.28,5426.21,5389.27
22,133.78,7133.03,7147.28,5910.39,8146.67,5422.10,5276.28
23,139.94,5125.07,5113.58,4149.60,6069.07,5554.62,5208.48
24,145.80,4890.50,4924.93,3975.46,5719.35,5281.97,5096.79
25,151.84,4643.18,4594.81,3725.28,5606.81,5374.28,5294.84
26,157.60,4665.90,4617.43,3551.68,5778.61,5346.55,5346.55
27,163.70,4569.27,4532.86,3966.65,5310.84,5398.82,5275.30
28,169.65,4992.25,4942.04,4068.92,5965.36,5247.36,4981.06
29,175.63,4004.83,4014.34,3315.19,4677.34,5511.87,5000.17
30,182.10,6945.73,7036.62,5942.92,7791.92,5689.92,5566.95
31,188.38,4616.98,4603.99,3725.53,5467.70,5599.72,5599.72
32,194.24,4739.24,4743.31,3901.66,5594.83,5333.02,5326.97
33,200.48,4625.46,4624.46,3787.18,5429.25,5621.48,5584.87
34,206.73,5200.89,5161.94,4284.49,6049.80,5618.23,5381.36
35,212.37,4153.03,4087.73,3579.74,4743.84,5468.29,5275.06
36,218.59,4953.17,4981.99,4073.24,5700.46,5686.85,5526.73
37,224.88,4692.82,4660.71,3873.01,5457.60,5913.80,5612.14
38,230.61,4372.80,4314.70,3100.68,5680.52,5396.88,5335.14
39,236.65,5742.90,5709.02,4826.72,6675.76,5219.01,5218.29
40,242.88,5796.24,5813.09,4810.06,6746.90,5374.47,5201.37
41,248.99,5530.07,5595.87,4395.01,6477.26,5699.19,5505.39
42,255.02,4522.09,4487.28,3816.37,5319.30,5411.27,5411.27
43,261.15,4778.12,4851.38,3682.88,5688.60,5595.02,5526.01
44,267.08,4722.30,4756.07,3785.48,5523.70,5597.98,5564.08
45,273.08,4914.67,5011.54,3868.44,5852.95,5555.32,5555.32
46,278.79,4784.90,4793.98,4178.75,5323.18,5276.77,5008.07
47,284.87,4655.36,4645.18,3784.78,5586.99,5591.43,5500.40
48,290.85,5174.39,5197.96,4290.12,6098.55,5522.90,5286.26
49,296.84,4018.83,4057.49,3245.54,4622.93,5597.52,5583.88
50,302.63,3914.88,3913.89,3111.46,4807.59,5604.35,5604.35
51,308.91,5530.36,5538.04,4625.76,6403.45,5657.07,5584.68
52,314.98,5418.82,5349.49,4686.93,6220.50,5495.06,5196.68
53,321.40,5676.80,5648.46,4830.47,6550.20,5710.60,5426.46
54,327.75,6163.82,6092.57,5131.85,7275.55,5662.88,5462.12
55,333.88,5301.02,5267.70,4540.19,6134.49,5785.06,5592.47
56,339.73,4765.59,4717.68,3898.70,5651.64,5395.70,5325.37
57,346.02,6925.74,7015.20,5723.88,8098.54,5456.23,5294.57
58,352.32,5956.44,5994.83,5132.28,6825.88,5940.69,5813.22
59,358.61,6573.11,6570.65,5838.51,7237.65,5672.13,5355.02
60,364.89,4810.50,4848.46,4005.13,5582.37,5784.87,5784.87
61,371.03,5297.31,5277.29,4480.12,6107.18,5699.72,5631.96
62,377.51,5394.38,5323.92,4464.62,6447.04,5757.88,5534.52
63,383.89,5449.12,5489.33,4645.94,6226.44,6018.41,5965.10
64,390.10,5701.18,5701.02,4690.90,6730.12,5479.38,5368.16
65,396.45,6116.00,6112.05,5001.83,7218.77,5986.23,5741.67
66,402.90,6716.14,6679.80,5869.88,7617.12,5691.05,5556.61
67,409.16,5036.65,5000.73,4266.12,5862.40,5728.23,5623.78
68,415.46,5271.20,5166.71,4402.62,6307.23,5829.65,5665.81
69,421.47,3971.66,3954.99,3266.52,4745.67,5734.40,5574.65
70,427.55,3675.49,3659.51,3060.28,4282.43,6121.62,5773.45
71,434.13,6696.59,6689.48,5519.49,7724.74,5911.41,5592.73
72,440.04,5513.00,5475.24,4895.78,6155.42,5632.47,5603.07
73,446.28,5764.45,5788.26,4975.30,6491.62,5871.27,5623.20
74,452.52,4700.04,4614.88,3853.51,5603.65,5773.49,5450.83
75,458.81,5391.02,5360.45,4626.58,6223.97,5579.21,5215.78
76,465.27,5602.27,5511.10,4784.68,6565.06,5724.55,5724.55
77,472.00,5775.07,5751.95,4603.59,7046.79,6223.79,6003.65
78,478.32,4766.71,4741.62,3943.50,5658.39,5750.72,5750.72
79,485.41,8819.59,8874.64,7613.77,9941.87,6353.98,6269.06
80,491.42,4115.08,4217.14,3124.28,5125.05,5661.90,5575.48
81,498.21,6895.15,6849.41,6095.56,7855.18,6038.83,5958.89
82,504.13,4596.12,4546.50,3831.29,5466.52,5586.17,5398.61
83,510.68,6033.63,6117.63,5010.22,7018.87,6266.02,6066.14
84,517.10,5577.67,5583.68,4705.22,6476.42,5862.81,5582.28
85,523.34,4479.01,4446.52,3705.62,5253.34,6043.33,5985.26
86,530.11,6249.29,6214.84,5439.35,7095.23,6149.57,5942.04
87,536.49,4963.18,4946.24,4152.02,5789.18,6013.18,6013.18
88,542.92,5323.92,5264.02,4454.22,6261.05,5805.79,5573.59
89,549.68,8292.98,8345.44,7025.44,9422.88,5845.97,5609.07
90,555.52,3627.61,3523.92,2787.79,4545.59,5656.90,5594.84
91,562.00,4468.58,4451.04,3682.66,5197.61,6089.80,5772.79
92,568.41,5742.64,5746.31,4863.63,6577.26,6029.47,5914.95
93,574.82,5796.68,5771.47,4684.10,6973.01,5914.23,5761.56
94,581.62,6454.77,6403.96,5456.74,7496.02,6129.80,5898.04
95,588.22,5736.75,5749.72,4908.03,6507.30,5982.05,5775.35
96,594.60,5033.91,4969.00,4099.28,6048.02,6015.78,5968.78
97,601.05,6119.45,6091.48,5360.87,6934.04,6064.96,5868.24
98,607.39,3639.86,3626.22,3060.66,4252.47,6150.93,5975.65
99,613.81,4790.12,4765.79,3911.93,5563.40,5981.54,5804.69
100,620.07,5874.09,5845.76,5130.11,6592.62,6006.96,6006.96
101,626.32,5472.15,5422.85,4662.53,6389.77,5665.06,5492.04
102,632.66,5389.17,5404.08,4254.78,6432.06,6036.22,5746.83
103,638.87,5274.14,5248.79,4371.79,6241.09,5709.89,5613.96
104,644.98,4458.86,4360.41,3489.60,5494.80,5565.07,5533.82
105,651.48,6664.86,6615.34,5689.50,7484.31,5912.47,5708.85
106,657.85,6257.97,6326.69,5341.07,7089.13,5683.68,5491.12
107,664.28,6021.32,5985.55,5146.14,6975.57,5790.80,5609.34
108,670.42,3869.96,3832.14,3112.52,4660.91,6080.66,6054.68
109,676.42,3934.11,3850.41,3090.53,4884.87,6016.75,5895.65
110,682.91,6274.46,6222.11,5200.14,7395.02,6032.19,6032.19
111,689.28,5851.75,5811.32,4806.74,6913.34,5897.51,5784.68
112,695.86,6066.14,6088.24,4882.44,7149.29,5877.51,5691.44
113,702.29,5692.27,5743.74,4910.87,6458.14,5837.33,5634.31
114,708.85,5082.85,5044.02,4255.65,5980.85,5941.63,5941.63
115,715.40,5446.01,5490.30,4433.35,6468.38,6049.84,5828.94
116,721.42,4862.85,4872.12,4042.64,5606.34,5735.08,5530.28
117,728.03,5976.70,6028.77,4851.78,7095.68,6035.85,5930.07
118,734.37,5567.43,5526.35,4685.98,6430.63,5854.93,5694.85
119,740.79,5688.10,5614.16,4600.27,6858.66,6075.96,5878.49
120,746.74,3233.63,3157.10,2372.42,4215.66,5862.54,5753.81
121,753.39,6265.02,6262.15,5225.72,7420.04,5989.22,5989.22
122,759.68,5192.90,5214.68,4420.42,5948.84,5878.96,5878.96
123,766.10,5097.66,5064.79,4130.84,6090.98,5933.49,5841.39
124,772.85,6463.05,6512.96,5179.04,7658.54,5897.84,5878.96
125,779.28,5185.04,5136.60,4309.48,6079.14,6030.49,6030.49
126,785.75,5105.48,5080.76,4129.83,6128.67,5820.64,5475.80
127,791.72,4004.71,3986.95,3310.04,4691.11,5773.82,5601.48
128,797.95,4539.57,4545.40,3648.08,5352.46,5808.94,5697.79
129,803.79,3501.78,3463.31,2795.98,4277.21,5546.34,5305.42
130,809.98,5282.45,5347.27,4433.10,6076.42,5531.63,5111.33
131,816.40,5717.60,5770.46,4991.77,6419.56,5678.67,5488.27
132,822.25,3749.50,3721.82,3126.70,4396.47,5699.72,5684.98
133,828.75,5547.08,5486.87,4770.74,6465.73,6134.93,5748.58
134,834.63,3989.74,3906.83,3329.85,4726.76,5757.06,5301.90
135,841.07,5872.77,5830.46,4917.27,6891.73,5915.06,5638.56
136,847.14,5396.59,5425.74,4512.91,6274.60,5660.93,5507.39
137,853.15,5069.74,5079.50,4290.30,5799.19,5394.61,5340.03
138,859.87,6362.15,6385.66,5323.09,7439.61,5946.15,5681.36
139,866.08,4148.59,4089.43,3386.18,5066.54,5847.39,5352.39
140,872.33,4629.11,4635.06,3620.56,5785.60,5816.58,5726.37
141,878.66,4475.23,4434.42,3704.47,5379.70,6064.88,5796.83
142,884.74,4958.19,4957.31,4177.12,5715.37,5630.55,5630.55
143,890.63,4666.95,4678.26,3783.52,5547.69,5556.58,5536.71
144,896.79,4894.48,4956.75,4122.25,5606.39,5641.18,5302.32
145,902.80,4469.50,4464.82,3725.06,5283.99,5767.84,5510.61
146,909.08,5635.18,5608.38,4599.15,6741.44,5729.60,5729.60
147,915.57,5807.00,5783.97,4680.14,6881.74,5781.54,5699.56
148,921.65,5104.08,5156.65,4136.14,6060.57,5438.33,5412.52
149,927.84,5250.33,5242.30,4367.10,6141.35,5866.99,5843.00
150,934.45,6733.92,6755.46,5569.22,7944.66,5851.10,5786.15
151,940.52,5345.69,5269.71,4460.48,6373.01,5421.65,5398.40
152,946.50,5128.00,5200.76,4012.75,6246.64,5476.67,5398.50
153,952.89,5650.27,5567.00,4623.69,6811.29,5958.84,5669.84
154,959.00,5205.58,5132.58,4380.75,6223.25,5662.32,5516.91
155,964.94,4140.88,4158.58,3426.21,4920.87,5634.43,5634.43
156,971.39,5759.91,5725.54,4836.20,6695.91,5977.08,5977.08
157,977.40,4256.78,4199.80,3433.73,5133.80,5826.94,5611.02
158,984.01,6858.80,6808.08,5617.25,8103.34,5991.28,5750.12
159,990.51,4340.24,4269.10,3498.53,5235.91,5929.35,5823.48
160,996.65,5173.66,5052.76,4250.49,6310.40,5800.37,5599.76
161,1003.19,5734.16,5758.55,4628.76,6718.69,6327.23,5990.74
162,1009.48,5255.25,5192.43,4585.85,5904.17,5818.63,5640.98
163,1016.32,5104.61,5183.42,3799.60,6285.22,5936.24,5670.38
164,1022.56,4908.23,4895.18,4082.18,5749.72,5727.39,5452.76
165,1028.77,5256.99,5272.34,4341.83,6144.78,5673.51,5364.08
166,1035.02,4818.79,4760.35,3840.97,5746.52,5788.25,5509.74
167,1041.41,5722.16,5770.06,4629.36,6586.81,5902.75,5541.02
168,1047.50,4378.80,4346.96,3706.20,5060.32,5887.60,5562.29
169,1053.87,5352.11,5274.86,4374.16,6453.30,5741.05,5470.49
170,1060.21,5344.46,5262.22,4472.73,6357.10,5817.32,5761.35
171,1066.71,6924.96,6987.22,5903.04,7818.20,5716.82,5428.12
172,1073.53,6634.83,6683.54,5575.59,7534.25,5927.21,5927.21
173,1079.92,4798.17,4772.02,3898.96,5723.97,5931.34,5855.82
174,1085.99,4692.89,4672.88,4057.44,5388.02,5717.27,5510.87
175,1092.59,6883.70,6851.68,6017.65,7999.25,6050.44,5698.75
176,1099.04,6043.50,5902.23,4595.17,7647.72,5716.94,5433.79
177,1105.37,5721.68,5749.80,4531.71,6819.53,5821.12,5775.75
178,1111.46,4955.97,5020.33,4020.15,5832.31,5506.95,5506.95
179,1117.52,4520.05,4512.74,3681.21,5358.73,5715.34,5467.47
180,1123.91,4763.89,4777.04,3871.41,5629.38,6049.04,5862.35
181,1130.32,6621.86,6614.59,5428.56,7972.04,5551.70,5247.89
182,1136.03,4579.00,4565.57,3748.55,5381.82,5739.68,5500.89
183,1142.18,4896.98,4934.13,3976.26,5896.25,5829.44,5403.13
184,1148.76,5727.52,5637.23,4553.31,7033.73,5773.15,5570.12
185,1154.99,4825.66,4863.60,3742.51,5907.62,5836.87,5519.81
186,1161.66,5877.99,5924.12,4943.92,6783.60,5975.28,5765.05
187,1168.19,5513.33,5506.21,4551.58,6483.11,5882.19,5764.75
188,1174.22,4194.94,4207.26,3219.08,5192.43,5758.11,5567.20
189,1180.70,5932.29,5974.07,4799.56,7095.37,5972.22,5972.22
190,1186.97,6332.80,6324.45,5501.63,7194.48,5797.19,5643.78
191,1193.02,4487.70,4386.45,3702.38,5418.70,5916.23,5568.45
192,1199.51,5792.82,5866.54,4833.21,6690.83,6127.23,6073.10
193,1205.89,6108.00,6136.60,5013.01,7185.95,5716.64,5652.25
194,1212.34,5450.25,5496.17,4509.48,6462.40,5961.77,5713.50
195,1218.79,5180.36,5232.49,4252.03,6166.70,5936.68,5806.99
196,1225.12,5080.34,5084.29,4191.34,5985.17,5882.92,5744.40
197,1231.77,6214.32,6227.21,5253.52,7134.46,5971.66,5718.71
198,1237.91,3785.17,3785.32,2945.31,4728.89,6114.51,5754.19
199,1244.69,6035.07,5991.10,4916.58,7077.75,6126.25,5869.87
200,1250.79,3969.75,3977.18,3198.52,4736.20,5850.45,5850.45
201,1257.14,5056.17,5075.71,4486.35,5598.37,5845.35,5845.35
202,1263.49,5619.20,5742.57,4586.65,6518.52,6058.83,6005.29
203,1269.72,4880.35,4878.00,4114.09,5694.21,5677.72,5615.35
204,1276.48,6350.43,6429.18,5375.99,7283.81,6102.79,5777.24
205,1283.17,6723.06,6647.73,5743.68,7854.79,6066.85,6047.47
206,1289.62,4899.91,4867.08,4115.54,5740.96,6151.85,5951.84
207,1296.53,5255.19,5236.15,3977.15,6436.13,6415.26,6415.26
208,1302.58,4642.98,4618.79,3777.37,5539.39,5724.77,5508.10
209,1308.84,4016.41,4053.54,2975.59,4887.68,6032.67,5870.92
210,1315.02,4420.83,4475.10,3243.58,5656.29,5780.12,5573.10
211,1321.29,4836.65,4884.29,3656.31,5949.69,6044.85,5879.13
212,1327.60,4839.87,4887.29,3824.49,5849.29,6025.96,5726.59
213,1333.86,4715.28,4695.65,3309.10,5947.26,5880.71,5806.21
214,1340.07,4682.02,4692.29,3805.15,5524.12,5879.70,5676.20
215,1346.80,5507.43,5537.83,4683.74,6296.98,6121.60,5813.36
216,1353.05,3803.35,3836.09,2796.18,4725.36,5823.54,5797.97
217,1359.41,4398.73,4353.12,3628.20,5210.63,6294.69,6247.27
218,1365.72,4765.06,4734.28,3815.60,5716.37,6033.20,5717.28
219,1371.79,4308.63,4247.90,3682.80,4953.49,5991.32,5910.24
220,1378.52,5797.47,5770.20,4405.13,7334.08,5853.83,5775.98
221,1385.39,6993.12,6796.05,5305.22,8878.56,6091.63,5856.05
222,1391.97,5234.00,5179.76,4426.32,6118.43,6120.14,6006.87
223,1398.76,6521.46,6483.36,5324.46,7698.09,6189.10,5945.50
224,1405.54,5897.93,5939.00,5137.52,6736.50,6138.07,6138.07
225,1412.11,5280.24,5296.40,4361.76,6278.98,6260.57,6260.57
226,1418.49,4898.06,4933.76,3834.62,5897.35,6171.39,6171.39
227,1425.27,6266.19,6287.44,5048.17,7524.31,6122.86,5828.07
228,1431.65,4952.95,4953.28,4186.90,5778.62,6045.33,5923.74
229,1438.32,6655.75,6659.31,5463.80,7776.60,6089.55,6055.48
230,1445.04,6215.55,6199.62,5072.52,7210.28,6045.75,5920.64
231,1451.60,4974.44,4950.71,3862.85,6047.01,6122.12,6034.76
232,1458.00,6251.03,6201.30,5224.57,7433.57,5784.52,5708.86
233,1464.32,5198.14,5145.85,4175.71,6328.05,5844.87,5622.68
234,1470.97,5708.94,5718.22,4572.25,6643.50,6360.13,5962.16
235,1477.43,5313.58,5301.88,4437.61,6361.07,5773.98,5656.15
236,1483.96,4980.66,4979.54,4141.99,5838.46,5941.05,5941.05
237,1490.31,5045.18,5016.60,3980.14,6071.66,5920.64,5753.48
238,1496.92,6115.80,6091.01,5142.80,7159.23,5975.90,5886.14
239,1503.47,6299.23,6256.81,5259.58,7397.07,5886.58,5568.74
240,1510.13,5815.07,5892.89,4804.15,6784.43,6249.92,6053.32
241,1516.69,5719.71,5783.62,4560.91,6720.15,6043.18,5890.36
242,1522.99,5187.03,5161.62,4262.77,6117.21,5886.94,5775.09
243,1529.62,6390.63,6453.62,5159.10,7492.41,5900.47,5500.30
244,1535.92,4704.44,4624.85,4006.54,5495.74,5948.00,5877.94
245,1542.60,6551.37,6612.30,5502.60,7557.83,6253.30,6133.19
246,1549.16,6468.94,6506.18,5421.45,7573.86,6053.88,5684.17
247,1555.84,5410.54,5463.79,4490.03,6325.39,6356.70,6005.03
248,1562.57,6829.74,6756.53,5765.59,8061.36,6114.08,5863.72
249,1568.82,4616.25,4615.66,3710.29,5546.96,6140.54,5954.39
250,1575.22,4864.77,4852.83,4120.76,5754.62,6138.43,5968.24
251,1581.55,4089.68,4072.17,3030.60,5123.93,6025.90,5855.07
252,1587.88,5519.87,5504.69,4675.11,6439.80,5939.60,5743.02
253,1594.25,5553.03,5650.07,4503.25,6648.82,5780.45,5717.04
254,1600.57,3830.77,3721.01,2984.57,4861.04,6115.65,5984.61
255,1606.93,5080.19,5075.73,4395.08,5783.51,6202.54,6052.82
256,1613.55,5617.62,5565.29,4681.58,6669.43,6191.10,6048.13
257,1620.17,7226.38,7197.73,6285.38,8202.24,6132.44,5993.64
258,1626.99,5875.40,5908.15,4481.78,7215.68,6253.40,6017.89
259,1633.33,5219.80,5165.00,4382.86,6213.99,6104.98,6104.98
260,1639.82,5889.68,5845.38,4802.63,6996.40,6167.29,6167.29
261,1646.12,5187.41,5183.50,4376.37,6003.15,5978.73,5520.22
262,1652.56,5163.01,5110.52,4056.12,6497.41,6110.35,5790.57
263,1659.02,6002.35,6084.46,4771.98,7122.33,5860.22,5721.86
264,1664.86,3696.34,3691.41,2946.30,4500.40,5892.46,5550.95
265,1671.39,5845.32,5832.56,4427.44,7173.94,5984.38,5469.55
266,1677.98,5368.00,5414.16,4119.86,6488.60,6044.59,5861.40
267,1683.94,4513.23,4520.69,3718.22,5275.38,5768.51,5629.88
268,1690.37,6175.41,6217.40,5064.38,7347.23,5855.96,5832.70
269,1696.60,5240.14,5328.02,4309.31,6286.74,5748.51,5494.63
270,1702.64,4322.16,4310.74,3634.60,5086.09,6161.57,5924.70
271,1709.00,5531.21,5477.79,4704.96,6424.35,5881.92,5647.46
272,1715.03,4279.81,4298.60,3315.11,5236.68,5851.91,5738.43
273,1721.37,5796.63,5720.21,4907.43,6832.91,5687.17,5571.92
274,1727.55,5326.40,5332.16,4337.00,6338.83,5797.00,5678.61
275,1734.07,5805.97,5785.93,4599.01,6945.21,6028.29,5842.93
276,1740.63,6277.17,6263.80,5445.57,7101.97,5991.74,5788.14
277,1746.42,3596.99,3640.35,2824.89,4353.78,5749.20,5597.92
278,1752.25,4090.89,4090.81,3327.52,4787.04,5578.10,5510.56
279,1758.48,5648.56,5677.68,4306.33,6941.82,5803.84,5602.87
280,1764.83,5657.08,5606.79,4708.86,6687.99,5806.28,5775.62
281,1771.24,5941.18,5900.54,5020.50,6971.22,5882.45,5729.04
282,1777.50,5295.53,5176.00,4449.57,6399.98,6080.37,6080.37
283,1783.84,5632.06,5594.38,4735.70,6623.70,5975.63,5609.62
284,1790.16,5289.29,5275.72,4512.10,6127.58,6136.77,5905.13
285,1796.54,5277.92,5149.33,4174.43,6540.18,5675.38,5518.85
286,1803.23,7231.17,7409.74,5919.86,8268.97,6049.39,5814.80
287,1809.71,4293.39,4342.08,3383.40,5092.28,6177.98,6106.47
288,1816.19,5688.95,5710.84,4599.68,6773.68,6146.25,6069.97
289,1822.58,5136.77,5073.78,4218.34,6016.92,6133.30,6078.59
290,1829.11,6217.11,6151.58,5275.44,7085.47,6103.48,6022.49
291,1835.31,5454.70,5387.80,4621.99,6420.43,5912.20,5912.20
292,1841.80,5579.53,5551.40,4663.58,6572.87,5913.63,5901.81
293,1848.14,5478.85,5481.70,4594.12,6388.05,6004.80,5756.63
294,1854.05,3567.70,3540.23,2808.12,4298.92,5927.65,5814.01
295,1860.45,5378.32,5402.81,4369.68,6515.94,5758.26,5543.42
296,1867.11,5613.55,5623.82,4715.81,6510.03,5999.88,5712.62
297,1873.77,6277.21,6194.79,5379.45,7248.23,6124.60,5808.04
298,1880.02,4618.30,4664.97,3510.49,5629.02,5945.07,5750.48
299,1886.45,6011.73,5986.52,4931.28,7025.90,5975.30,5630.53
300,1892.67,5387.19,5390.77,4456.98,6444.10,5662.05,5388.03
301,1899.04,6004.58,5987.92,4569.93,7373.05,5876.27,5449.63
302,1906.02,7726.55,7765.44,6113.86,9393.19,6275.99,6245.21
303,1912.14,5456.86,5494.20,4642.17,6234.34,5730.05,5582.14
304,1918.37,5325.79,5235.67,4494.07,6274.97,5796.71,5748.30
305,1924.83,5899.23,5789.68,4739.18,7039.14,5873.40,5723.69
306,1931.07,5836.23,5831.58,4872.97,6730.26,5751.85,5621.45
307,1937.73,5503.70,5468.44,4482.65,6639.47,6139.18,6100.72
308,1944.11,5078.32,5088.62,4088.84,6096.21,6118.86,6009.93
309,1950.33,4971.82,4998.33,4104.04,5976.72,5868.95,5828.86
310,1957.30,6711.38,6666.36,5806.99,7662.56,6369.65,6264.57
311,1963.99,5668.39,5670.11,4600.52,6833.61,6084.71,5849.78
312,1970.43,5496.72,5511.39,4422.97,6570.47,5874.22,5467.95
313,1977.07,7045.42,7123.41,5792.45,8229.16,6096.33,5912.70
314,1983.54,5716.45,5612.54,4449.23,7040.81,5998.66,5982.30
315,1989.86,5037.07,5047.31,4007.95,5978.80,6097.75,5945.68
316,1996.02,4607.20,4559.38,3940.67,5323.28,5804.29,5748.19
317,2002.38,4408.85,4381.01,3641.16,5150.23,6069.73,5895.80
318,2008.86,5388.10,5389.83,4463.17,6262.14,5915.31,5828.89
319,2015.39,6512.27,6490.29,5548.92,7511.54,6044.22,5932.51
320,2021.86,5172.40,5130.81,4301.10,6114.51,6146.13,6097.01
321,2028.19,5373.72,5368.46,4644.06,6207.50,5722.37,5533.52
322,2034.34,4735.30,4718.04,3861.13,5516.62,5820.14,5650.54
323,2041.26,7812.93,7826.30,6355.49,9182.03,6158.49,6093.77
324,2047.97,6028.86,6024.06,4874.90,7305.35,6202.37,6063.16
325,2054.65,5495.75,5564.54,4576.26,6399.78,6077.70,5864.77
326,2061.05,5092.66,5104.80,4320.67,5918.72,5982.91,5887.07
327,2067.69,4974.30,4917.53,4201.60,5816.65,6177.04,5984.79
328,2074.23,5901.20,5833.73,4879.46,7006.87,6348.18,6348.18
329,2080.79,5513.43,5521.38,4341.19,6715.46,6144.35,6130.26
330,2087.29,4912.45,4942.75,3546.32,6092.53,6094.93,5905.52
331,2094.01,6283.05,6152.43,5150.59,7586.41,6081.05,5643.10
332,2100.57,6435.02,6429.62,5362.13,7522.66,6037.81,5995.32
333,2106.95,5372.05,5357.28,4382.78,6386.86,6204.03,5766.39
334,2113.28,4777.26,4709.71,3897.98,5713.65,6037.97,6023.91
335,2119.70,4431.56,4499.05,3318.86,5336.35,6203.50,6000.54
336,2126.12,5468.64,5481.40,4079.71,6924.96,6025.50,5778.80
337,2132.72,5766.25,5697.99,4774.59,6860.03,6123.12,6123.12
338,2139.15,5049.61,4998.69,4248.24,5901.93,6003.65,5748.70
339,2145.81,6306.33,6302.00,5153.00,7353.86,6046.57,6046.57
340,2152.75,7758.02,7790.65,6482.83,8965.99,6357.66,6104.17
341,2159.32,5776.69,5783.96,4762.34,6756.44,6008.06,5897.76
342,2165.84,4551.82,4520.73,3776.30,5300.50,6344.02,5973.66
343,2172.11,5532.85,5435.87,4420.65,6701.70,5911.88,5740.80
344,2178.73,5944.19,5920.33,5003.85,6900.62,6167.36,6155.75
345,2184.98,5192.75,5123.50,4403.32,6144.35,5905.00,5685.46
346,2191.63,5725.07,5672.33,4761.49,6720.69,6257.23,6011.79
347,2198.27,5710.40,5678.88,4823.89,6743.54,6326.46,5873.15
348,2204.76,4243.54,4195.61,3287.61,5227.82,6368.11,6223.32
349,2211.25,5472.19,5536.24,4266.31,6607.83,6173.38,6111.89
350,2217.90,5969.41,5831.84,5030.96,7056.24,6179.97,5745.98
351,2224.47,6266.50,6214.50,5188.19,7357.18,6077.07,5792.87
352,2231.07,5637.85,5672.60,4802.55,6494.19,6192.86,6156.59
353,2237.40,4781.40,4817.13,3936.34,5511.27,6198.11,5993.31
354,2244.37,6169.03,6225.46,4868.52,7395.19,6402.76,6218.33
355,2251.11,5664.90,5651.21,4632.68,6600.06,6190.26,6035.46
356,2257.52,5559.10,5513.06,4709.88,6580.31,6032.43,5957.86
357,2263.94,5471.58,5405.64,4687.55,6291.76,6097.73,5972.90
358,2270.28,3969.85,3963.71,3366.44,4610.71,6376.90,6087.08
359,2277.16,5883.41,5751.87,4643.28,7304.21,6334.32,6095.34
360,2283.69,5331.77,5285.86,4517.20,6298.17,6289.42,5887.00
361,2290.03,4181.70,4132.76,3314.95,5090.59,6094.64,6094.64
362,2296.96,6158.00,6095.56,5220.89,7327.42,6283.21,6230.35
363,2303.46,4448.72,4413.35,3466.20,5427.65,6145.41,6145.41
364,2309.79,4553.29,4563.87,3630.97,5511.53,6363.61,6132.13
365,2316.37,5818.71,5833.81,4138.36,7126.93,6147.41,6121.11
366,2323.10,6639.56,6621.40,5577.81,7584.55,6308.17,6110.49
367,2329.77,5521.84,5547.98,4754.35,6302.21,6505.25,6436.48
368,2336.20,5306.04,5295.64,4460.39,6190.22,6017.88,5849.94
369,2342.64,4816.21,4768.42,4180.70,5492.61,6078.50,6076.95
370,2349.70,6054.05,6132.28,4693.01,7249.44,6616.56,6483.51
371,2356.74,7218.02,7227.37,6055.50,8391.75,6417.17,6290.65
372,2363.45,5528.79,5457.08,4487.52,6594.53,6089.28,5782.14
373,2370.38,5804.17,5840.96,5033.50,6638.48,6508.08,6357.65
374,2377.28,6719.67,6717.16,5687.19,7765.01,6368.53,6226.43
375,2384.09,7230.68,7172.83,6402.01,8136.26,6615.34,6341.27
376,2391.14,6316.58,6255.65,5385.86,7341.81,6546.38,6300.34
377,2398.40,7418.67,7367.75,6277.42,8683.10,6327.32,6059.93
378,2405.07,6260.70,6256.36,5388.36,7149.11,6402.98,6091.65
379,2411.46,5242.28,5117.40,4312.18,6321.52,6100.81,6051.14
380,2418.23,5827.39,5891.73,4770.35,6925.12,6638.20,6490.10
381,2424.76,5835.77,5874.23,4569.10,7246.83,6342.51,6051.97
382,2431.61,6221.02,6260.71,4972.61,7502.03,6295.78,6197.06
383,2438.30,7294.15,7304.25,6125.45,8464.94,6040.60,5995.91
384,2444.90,4981.29,4893.70,4241.48,5752.59,6383.94,6047.31
385,2451.31,5504.55,5537.66,4894.12,6114.88,6341.87,6233.79
386,2458.12,6836.80,6797.12,5905.10,7825.04,6495.50,6495.50
387,2465.05,5615.01,5545.22,4744.91,6514.33,6500.93,6490.24
388,2471.61,4525.24,4519.20,3390.83,5762.91,6325.56,6126.62
389,2478.40,6509.08,6442.06,5647.09,7435.86,6563.00,6281.05
390,2485.21,5009.61,5068.11,3947.13,6050.66,6424.02,6113.81
391,2492.02,5780.86,5842.56,4570.13,6932.11,6540.31,6261.02
392,2499.33,6367.01,6415.08,5325.95,7375.71,6781.05,6593.94
393,2506.19,6537.29,6590.52,5514.49,7376.44,6405.93,6405.93
394,2513.32,5494.25,5526.71,4436.88,6478.15,6672.62,6441.23
395,2519.97,4679.94,4624.61,3820.95,5575.57,6463.44,6274.80
396,2526.91,6512.10,6621.61,5238.58,7661.37,6561.21,6561.21
397,2533.90,7027.84,7084.57,6026.61,7886.67,6481.46,6317.61
398,2540.89,7370.43,7375.88,6305.42,8539.96,6426.06,6170.47
399,2547.97,6546.02,6429.77,5284.49,8037.94,6683.11,6322.79
400,2554.83,6586.29,6650.09,5481.51,7716.78,6543.42,6201.32
401,2561.69,6077.96,6106.05,5167.11,7037.48,6393.50,6374.29
402,2568.50,5638.40,5574.85,4718.22,6599.64,6644.09,6198.43
403,2575.31,5481.04,5455.08,4370.36,6467.10,6343.11,6158.65
404,2582.07,5064.75,5020.94,4331.28,5859.73,6643.35,6467.32
405,2589.24,6514.89,6573.95,5282.77,7738.07,6760.86,6562.91
406,2596.16,6986.51,7019.31,5744.86,8129.82,6255.40,6087.46
407,2603.52,7421.26,7439.31,6167.42,8703.44,6865.23,6573.71
408,2610.43,5034.58,4905.06,4178.94,6068.58,6729.67,6480.41
409,2617.97,7043.54,7084.56,5946.88,8107.26,6799.15,6714.88
410,2624.62,4447.75,4460.21,3404.76,5429.78,6323.55,6259.90
411,2631.95,6044.16,6018.08,5090.99,7094.35,6835.90,6275.64
412,2639.01,5966.59,5933.56,5163.38,6777.39,6632.50,6301.63
413,2645.36,5061.72,4994.52,3982.45,6202.98,6078.23,5960.80
414,2652.28,6932.63,6896.92,5719.06,8183.05,6549.33,6091.47
415,2659.03,5027.79,5003.67,4179.40,5853.57,6652.01,6312.84
416,2666.40,6294.97,6240.03,5297.93,7235.59,6834.60,6409.27
417,2673.29,5489.36,5464.49,4493.94,6512.67,6668.90,6668.90
418,2680.24,6628.44,6550.73,5595.02,7778.52,6423.65,6248.13
419,2687.18,7183.99,7199.00,6204.46,8179.97,6499.15,6499.15
420,2693.97,5325.43,5308.93,4220.94,6281.22,6237.05,6100.93
421,2700.95,5838.00,5830.19,4543.14,7016.95,6441.36,5984.94
422,2707.54,4514.29,4494.09,3656.98,5389.73,6455.34,6377.42
423,2714.42,6358.36,6371.72,5298.45,7370.20,6276.88,6276.88
424,2721.65,6225.72,6272.71,5252.97,7129.55,6599.56,6575.34
425,2728.70,6820.44,6924.09,5461.31,7977.93,6623.53,6398.00
426,2735.68,5260.77,5216.83,4331.36,6291.87,6505.45,6313.46
427,2742.77,6885.92,6873.59,5613.83,8153.76,6536.33,6193.11
428,2749.72,5295.20,5225.54,4399.55,6292.64,6875.20,6642.24
429,2756.65,6374.04,6598.55,4723.63,7726.50,6588.58,6588.58
430,2763.37,5255.80,5247.27,4120.45,6385.00,6658.53,6362.27
431,2770.63,6989.05,7002.80,5639.33,8102.31,6920.75,6638.94
432,2777.41,4980.88,4968.33,4076.96,5806.54,6540.02,6332.99
433,2784.16,5764.52,5701.12,4887.69,6669.12,6334.37,5942.95
434,2791.16,6185.58,6205.41,5268.97,7039.56,6631.78,6422.61
435,2798.29,6335.10,6395.34,4947.09,7545.93,6349.47,6001.52
436,2805.10,5603.08,5555.69,4623.34,6587.91,6458.04,6458.04
437,2811.95,5923.26,5913.43,4992.06,6798.22,6528.79,6306.07
438,2818.68,5930.19,5881.26,5113.65,6786.10,6402.16,6317.95
439,2825.64,5596.91,5612.27,4654.73,6518.53,6596.05,6440.66
440,2832.31,4084.80,4109.59,3150.88,4972.36,6493.30,6154.61
441,2839.17,6129.21,6151.75,5128.90,7195.63,6492.46,6434.89
442,2846.08,5326.48,5284.39,4387.73,6396.98,6662.37,6311.16
443,2853.16,5888.23,5899.80,4783.45,7205.39,6634.54,6634.54
444,2860.25,6232.38,6167.43,4999.63,7485.66,6604.94,6404.15
445,2867.30,5123.83,5153.96,3915.27,6232.25,6600.51,6420.34
446,2874.29,6448.86,6491.06,5493.70,7349.84,6629.21,6455.56
447,2881.29,6230.62,6176.22,5191.79,7225.14,6522.88,6411.96
448,2888.40,6356.28,6372.77,5373.68,7279.75,6676.61,6597.14
449,2895.18,5610.47,5655.00,4354.29,6526.44,6429.65,6165.77
450,2902.63,6239.16,6240.69,5401.14,7217.02,6787.54,6558.03
451,2909.76,6030.33,6052.60,5203.25,6849.78,6781.77,6637.86
452,2916.73,6834.59,6811.36,5728.17,7919.53,6534.22,6408.62
453,2924.00,6998.21,7006.68,5458.54,8265.11,6581.09,6436.76
454,2931.17,7696.10,7738.59,6437.51,8872.46,6422.76,6225.69
455,2937.76,5633.72,5645.83,4486.06,6822.65,6535.75,6169.45
456,2944.92,6973.22,6892.25,5819.03,8162.01,6711.84,6455.78
457,2951.73,5337.62,5363.53,4267.29,6425.33,6827.95,6396.02
458,2958.81,5969.55,5912.28,5012.53,7072.14,6632.74,6340.83
459,2965.89,4955.47,4917.63,3868.78,6020.02,6834.97,6779.96
460,2972.78,6403.09,6358.56,5282.88,7521.36,6624.72,6624.72
461,2980.12,7136.14,7175.17,5762.65,8531.97,6823.58,6609.62
462,2987.00,4863.30,4869.59,3981.12,5750.31,6603.19,6429.35
463,2993.69,5590.58,5599.22,4677.93,6468.52,6454.39,6285.79
464,3000.66,6578.11,6452.17,5498.82,7707.40,6649.62,6649.62
465,3007.68,5628.65,5596.99,4538.84,6665.09,6683.94,6157.61
466,3014.06,4202.12,4206.35,3403.77,4918.95,6330.82,6055.76
467,3021.01,5970.46,6007.33,4640.21,7184.10,6569.81,6534.98
468,3027.78,6829.51,6828.65,5905.06,7747.87,6284.09,6207.92
469,3034.82,5787.75,5853.66,4482.17,6909.78,6501.42,6501.42
470,3042.22,6043.78,6036.07,5015.21,7126.78,6893.93,6694.42
471,3048.90,5487.18,5483.65,4494.71,6414.80,6791.76,6482.14
472,3055.58,5185.00,5203.95,4374.32,5996.47,6436.78,6436.78
473,3062.98,6104.45,6134.13,5010.98,7026.87,6707.78,6596.45
474,3069.68,5492.48,5402.06,4480.83,6624.80,6365.16,6106.27
475,3076.61,5742.86,5715.93,4886.43,6639.64,6691.75,6361.16
476,3083.18,5077.83,5055.98,4123.47,5962.86,6383.45,6367.60
477,3090.22,6897.06,6932.39,5927.38,7752.03,6609.19,6309.47
478,3097.07,5406.19,5420.14,4317.95,6462.74,6485.16,6375.61
479,3103.93,6504.63,6562.89,5350.98,7425.81,6360.62,6281.82
480,3110.62,5497.71,5487.97,4701.50,6266.50,6458.99,6332.52
481,3117.17,5205.52,5236.45,4435.32,5964.33,6225.05,5977.28
482,3124.11,5808.88,5820.59,4851.32,6773.55,6575.76,6358.62
483,3131.09,7275.71,7325.37,6119.40,8391.70,6420.16,6097.15
484,3137.85,5962.94,5940.05,5176.57,6830.34,6577.95,6577.95
485,3144.31,4908.50,4909.11,4129.27,5659.40,6417.18,6018.32
486,3151.18,5828.51,5774.88,4701.28,7060.52,6395.22,6128.60
487,3158.00,4785.30,4745.04,3798.71,5790.63,6436.63,6436.63
488,3164.90,6802.19,6808.11,5464.77,7859.96,6362.07,6178.50
489,3171.77,7118.85,7144.72,6055.18,8227.55,6339.77,6100.05
490,3178.64,7078.92,7058.35,5967.84,8221.05,6147.90,5968.40
491,3185.36,5876.37,5832.65,4941.65,6910.89,6255.33,6163.46
492,3191.83,5037.72,5094.94,3533.81,6490.18,6264.55,5999.88
493,3198.48,5226.92,5246.39,4372.54,6093.07,6386.79,5982.98
494,3205.04,5919.80,5815.11,5017.35,6916.75,6274.30,6022.39
495,3212.14,7686.80,7725.64,6506.93,8822.73,6443.50,6119.75
496,3218.89,5669.24,5669.79,4947.37,6395.23,6486.94,6211.64
497,3225.45,4471.37,4420.67,3783.56,5331.35,6447.23,6447.23
498,3231.68,4518.92,4476.37,3691.52,5424.32,6224.02,6017.79
499,3238.25,4764.08,4815.45,3781.65,5736.44,6239.25,6017.14
500,3244.81,4229.43,4279.92,3260.29,5227.67,6488.92,6424.00
501,3251.72,6111.76,6109.89,5000.89,7298.52,6618.83,6425.92
502,3258.21,5193.64,5269.26,4367.29,5968.75,6414.34,5970.18
503,3264.93,4915.39,4881.53,3920.84,5929.04,6508.51,6438.87
504,3271.59,6556.05,6523.20,5398.45,7719.40,6331.94,6039.58
505,3278.42,5028.43,5018.39,3991.19,6110.26,6586.29,6432.52
506,3285.45,5192.84,5196.47,4362.17,5981.51,6792.37,6428.02
507,3292.29,6090.44,6105.18,4783.02,7328.64,6520.05,6289.33
508,3299.26,6921.57,6893.98,5477.28,8421.61,6408.16,6408.16
509,3306.00,6809.88,6809.49,5674.58,8213.09,6218.86,5953.76
510,3312.97,5493.54,5484.05,4437.35,6575.16,6590.97,6331.33
511,3319.94,7223.85,7225.81,6315.86,8097.08,6324.28,5960.83
512,3326.64,4741.33,4715.31,3804.57,5777.35,6258.65,6103.47
513,3333.20,4973.40,4951.85,3985.00,6080.61,6272.88,5933.79
514,3340.13,5790.12,5713.45,4701.03,7080.52,6497.94,6442.25
515,3346.93,6534.55,6498.42,5370.09,7665.38,6246.36,6218.29
516,3353.59,4970.44,4915.49,4182.04,5751.55,6216.68,6065.75
517,3360.10,5228.20,5250.33,4455.47,5998.28,6166.76,5986.67
518,3366.92,7313.30,7339.45,6298.75,8354.45,6259.47,6137.54
519,3373.82,5952.76,6054.15,4758.90,7017.38,6702.95,6702.95
520,3380.74,5851.96,5842.29,4306.11,7378.06,6477.06,6477.06
521,3387.29,4880.04,4822.92,4146.67,5735.08,6152.34,6110.12
522,3393.95,5139.54,5172.50,4352.90,5828.56,6600.95,6432.46
523,3400.63,5615.29,5515.93,4909.15,6402.81,6312.18,6129.97
524,3407.56,5615.40,5552.82,4392.33,6861.22,6706.08,6432.21
525,3414.09,4907.94,4975.88,3977.31,5781.21,6345.67,6290.50
526,3421.28,7603.25,7666.43,6197.20,8992.62,6464.23,6446.36
527,3427.92,4887.04,4782.77,3952.97,5872.81,6760.52,6252.50
528,3434.76,5970.37,6017.34,4957.09,6932.55,6396.96,6282.79
529,3441.93,6521.79,6545.80,5332.50,7705.59,6682.24,6474.51
530,3449.03,5804.11,5836.48,4745.61,6882.05,6602.59,6342.86
531,3455.55,5015.27,4994.08,4038.92,6029.83,6355.53,6208.55
532,3462.35,6636.06,6645.51,5731.30,7543.66,6350.67,6350.67
533,3469.24,5387.46,5364.60,4463.14,6240.26,6576.50,6419.85
534,3475.95,5465.26,5416.54,4818.37,6166.33,6584.96,6473.13
535,3482.76,6063.93,6111.66,4862.43,7248.88,6202.39,6094.41
536,3489.99,7785.05,7807.92,6513.48,8832.09,6393.55,6129.60
537,3497.39,8762.52,8820.84,7384.06,10072.81,6679.62,6513.26
538,3504.02,5781.03,5772.70,4766.36,6728.56,6299.98,6139.91
539,3511.14,5412.60,5533.45,4296.91,6510.89,6764.12,6661.78
540,3517.64,5496.13,5520.94,4531.86,6477.03,6197.19,6090.51
541,3524.30,5437.40,5496.23,4566.03,6242.40,6438.19,6218.67
542,3531.12,5429.85,5443.76,4502.93,6398.63,6426.92,6177.21
543,3538.14,5054.32,5084.79,3975.33,5983.82,6813.41,6667.86
544,3545.09,5688.14,5634.02,4554.56,6925.55,6564.47,6146.40
545,3552.09,4499.59,4459.59,3726.68,5334.42,6598.89,6325.23
546,3558.48,5268.92,5296.31,4419.50,6081.91,6405.38,6220.87
547,3565.39,6138.39,6173.48,4697.84,7397.92,6318.09,6035.37
548,3572.29,7018.74,7078.11,5640.18,8277.01,6249.50,6132.96
549,3579.33,6356.40,6431.99,5221.92,7466.91,6695.20,6371.97
550,3585.93,3879.91,3859.68,2982.05,4839.79,6436.29,6267.79
551,3593.01,6096.65,6142.44,4984.81,7115.39,6424.78,6354.80
552,3599.52,6095.04,6129.29,5015.72,7100.36,6387.91,6155.39
553,3606.51,7175.03,7104.34,6053.35,8422.90,6208.96,6070.98
554,3613.47,5535.18,5562.17,4354.00,6641.28,6647.44,6530.16
555,3620.34,6357.86,6234.57,5242.53,7654.14,6391.11,6307.47
556,3627.01,6705.37,6776.33,5524.25,7821.20,6015.33,5814.03
557,3633.80,4853.65,4732.44,3753.17,6224.93,6442.94,6122.41
558,3640.82,5443.42,5358.75,4443.78,6517.39,6458.74,6260.12
559,3647.50,5065.46,4989.39,4185.42,5979.52,6443.16,6165.18
560,3654.36,5542.41,5443.75,4760.12,6512.40,6372.39,6119.99
561,3661.50,6581.11,6560.44,5179.17,8035.10,6494.57,6494.57
562,3668.12,5371.94,5388.97,4280.27,6422.24,6348.03,6192.63
563,3674.71,5800.87,5800.32,5072.79,6674.63,6356.94,6301.80
564,3681.76,6762.26,6751.89,5611.97,7879.47,6503.09,6208.40
565,3688.61,5609.13,5690.35,4721.73,6418.99,6237.00,6237.00
566,3695.77,7031.14,7134.42,5736.68,8227.04,6537.25,6464.89
567,3702.48,5334.01,5347.59,4508.39,6099.80,6567.72,6567.72
568,3709.54,6236.05,6145.64,5338.68,7192.88,6513.16,6513.16
569,3716.12,5742.20,5793.95,4783.92,6690.84,6382.71,6247.59
570,3723.06,5914.82,5956.71,4774.27,7051.38,6403.39,6403.39
571,3729.89,5591.98,5602.40,4438.39,6639.48,6408.62,6408.62
572,3736.73,6514.88,6562.86,5274.87,7677.35,6145.55,6070.95
573,3743.22,4914.79,4883.10,3848.99,6048.01,6284.15,6284.15
574,3750.34,6791.31,6728.69,5831.22,7895.51,6551.20,6446.05
575,3756.93,5655.96,5660.50,4771.58,6454.16,6291.23,6205.95
576,3763.74,6939.08,6971.28,5616.68,8041.17,6126.62,6040.08
577,3770.82,7585.46,7539.08,6359.87,8784.85,6261.49,6036.27
578,3777.83,7550.61,7595.10,6302.11,8833.28,6462.16,6462.16
579,3784.38,4827.78,4780.58,4102.28,5546.50,6211.38,6211.38
580,3791.18,5565.57,5491.51,4541.20,6639.24,6284.58,6171.20
581,3798.08,6103.11,6070.12,5091.73,7180.78,6299.19,6230.88
582,3804.54,4177.66,4062.88,3012.88,5576.98,6204.80,5999.73
583,3811.11,5102.45,5189.31,3965.59,6077.54,6198.06,6133.57
584,3817.71,6757.39,6710.44,5632.88,7935.00,6013.16,6013.16
585,3824.29,5948.88,5936.47,4645.42,7278.50,6118.89,5705.56
586,3831.27,6267.82,6265.01,5052.67,7435.00,6717.85,6657.79
587,3838.21,6174.47,6258.23,4970.95,7318.57,6473.48,6244.09
588,3845.04,5676.11,5700.35,4648.45,6709.10,6466.57,6215.40
589,3851.53,4381.36,4336.20,3478.01,5297.40,6238.60,5742.31
590,3857.96,4983.45,4917.01,4120.62,5940.01,6251.10,6194.81
591,3864.83,5380.64,5395.80,4476.16,6258.82,6542.78,6410.89
592,3871.73,6640.52,6626.37,5542.46,7756.58,6301.80,6066.99
593,3878.78,6641.68,6579.42,5529.17,7745.67,6231.88,6095.64
594,3885.42,5620.86,5634.69,4503.31,6742.45,6484.72,6196.76
595,3892.12,6183.15,6185.04,4989.67,7392.10,6348.65,6187.87
596,3898.76,6332.72,6335.99,5374.57,7353.87,6268.36,6268.36
597,3905.43,5679.77,5641.82,4837.98,6649.35,6332.62,6042.56
598,3912.66,6471.51,6484.66,5418.80,7558.46,6625.40,6625.40
599,3919.21,5180.29,5247.30,4107.64,6089.12,6300.92,6071.95
600,3926.01,5910.35,5883.54,4991.15,6926.56,6427.19,6285.69
601,3933.15,7651.59,7595.00,6386.42,9053.47,6544.07,6435.39
602,3939.79,5882.56,5976.43,4412.11,7205.86,6160.72,6085.55
603,3946.63,5549.09,5550.97,4556.44,6622.56,6826.55,6514.42
604,3953.53,6609.33,6644.88,5417.93,7745.69,6300.18,6161.05
605,3959.95,5217.43,5200.38,4570.54,5881.25,6209.62,5777.16
606,3966.72,4946.10,4910.37,4208.22,5741.52,6452.47,6329.17
607,3973.58,5606.58,5524.84,4415.43,6887.28,6478.32,6437.65
608,3980.48,7082.08,7097.54,5948.41,8169.56,6340.06,6021.61
609,3986.99,4701.36,4635.54,3785.43,5653.38,6504.15,6088.43
610,3993.78,5396.68,5370.29,4501.98,6308.71,6730.66,6618.96
611,4000.47,6031.38,6021.58,5136.62,7099.41,6273.94,6098.73
612,4007.18,5491.11,5459.03,4665.15,6320.50,6522.40,6198.72
613,4013.73,4992.15,4999.93,4123.54,5772.87,6284.20,6270.95
614,4020.35,5146.70,5089.05,3901.68,6301.09,6359.98,6284.83
615,4026.84,4553.69,4563.71,3769.41,5448.76,6368.75,6144.54
616,4033.82,5960.67,5989.74,4992.51,6900.60,6819.97,6582.97
617,4040.50,5161.13,5105.52,4313.10,6149.75,6336.43,6201.62
618,4047.02,4658.45,4661.51,3497.62,5775.98,6411.02,6340.18
619,4053.58,4651.57,4547.88,3842.96,5530.49,6353.92,6216.15
620,4060.79,6818.67,6910.76,5408.07,8115.89,6528.26,6407.44
621,4067.60,5168.65,5208.33,4218.18,6000.36,6328.10,6201.72
622,4074.83,7325.15,7293.24,6144.62,8660.29,6573.52,6244.22
623,4081.33,5351.59,5393.44,4397.28,6279.98,6238.17,5768.69
624,4087.91,5828.52,5817.71,4829.30,6887.84,5889.50,5870.14
625,4094.31,5502.39,5496.91,4502.41,6581.11,6156.69,6156.69
626,4100.55,5358.53,5266.81,4539.78,6232.56,5826.68,5663.93
627,4107.16,5553.11,5561.06,4378.48,6587.22,6155.12,5926.07
628,4113.72,5843.15,5867.19,4744.39,6908.91,6235.07,6002.12
629,4120.56,6458.18,6466.73,5694.44,7224.63,6395.79,6219.49
630,4127.42,6350.23,6245.72,5250.74,7534.33,6311.47,6253.08
631,4133.98,5916.47,5930.14,5067.94,6900.85,6229.08,6016.64
632,4140.95,6353.13,6303.54,5257.64,7486.46,6321.87,6067.63
633,4147.22,4397.56,4470.27,3560.31,5147.69,6168.91,6109.28
634,4153.26,3639.14,3579.71,2960.25,4354.74,5998.85,5731.16
635,4160.16,5277.43,5239.17,4080.08,6315.52,6377.72,6035.71
636,4166.94,5503.30,5529.63,4469.05,6460.60,6275.75,6261.86
637,4173.33,5433.78,5366.86,4726.43,6269.83,6237.57,5969.63
638,4179.99,5834.11,5699.88,4768.17,7123.23,6216.71,6216.71
639,4186.82,6574.14,6640.92,5299.87,7735.57,6174.23,6103.15
640,4193.47,6017.02,6096.26,4752.81,7322.95,6209.18,6087.51
641,4200.15,5516.46,5512.37,4557.14,6397.22,6076.57,5945.96
642,4207.13,6585.60,6578.84,5394.61,7842.76,6402.80,6402.80
643,4213.99,5605.96,5550.73,4599.79,6700.03,6668.28,6633.25
644,4220.27,5237.82,5233.38,4482.42,5961.84,5962.54,5678.59
645,4227.31,7485.04,7458.21,6356.84,8644.00,6571.40,6571.40
646,4234.13,6515.51,6508.91,5363.36,7611.01,6213.97,6098.18
647,4240.78,4409.27,4308.49,3429.58,5756.82,6664.33,6489.43
648,4247.61,4846.61,4807.65,4033.16,5779.62,6675.93,6194.34
649,4254.48,7049.98,7092.25,5875.07,8156.61,6208.50,6026.55
650,4261.19,6624.64,6656.25,5627.23,7451.33,6351.49,6153.96
651,4267.93,5962.99,5926.17,5166.64,6750.28,6387.94,6135.78
652,4274.36,5015.73,4972.94,4222.45,5857.57,6298.47,6108.24
653,4280.95,5567.42,5596.38,4482.94,6583.74,6229.54,6008.93
654,4287.15,4161.78,4192.16,3336.36,4968.85,6231.46,6107.42
655,4293.80,4688.79,4637.24,3905.88,5589.69,6419.89,6419.89
656,4300.56,5642.21,5631.50,4637.36,6569.17,6583.89,6144.30
657,4307.43,6772.84,6706.17,5594.02,7972.43,6317.75,6002.22
658,4314.30,6069.46,6142.82,4749.88,7161.77,6451.56,6287.77
659,4320.94,5982.61,6046.76,4729.12,7052.83,6058.45,5650.75
660,4327.70,6121.80,6202.09,4871.12,7132.81,6122.05,5917.68
661,4334.37,6148.76,6151.61,4906.33,7301.74,6312.35,6079.12
662,4341.22,5939.21,5942.00,4949.70,7101.18,6334.06,6164.29
663,4348.13,6347.35,6389.53,5112.96,7459.56,6400.78,6085.34
664,4354.66,6073.48,6074.25,4729.79,7371.83,6225.37,6192.52
665,4361.32,6308.51,6294.14,5114.01,7460.71,6179.61,5866.01
666,4368.03,5887.67,6103.82,4671.22,6896.27,6444.49,5929.65
667,4374.65,6286.96,6292.47,5174.53,7405.42,6080.19,5822.85
668,4381.15,4951.00,4885.43,3995.93,6066.04,6206.27,5854.06
669,4388.02,6383.06,6290.52,5334.45,7493.44,6305.09,6057.26
670,4394.78,6085.66,6133.64,4812.41,7244.08,6182.56,6117.03
671,4401.38,5117.25,5080.30,4144.68,6029.17,6468.11,6418.33
672,4407.99,4226.62,4214.69,3562.93,5008.56,6336.87,6120.12
673,4414.70,5406.43,5390.32,4221.20,6520.34,6334.97,6299.33
674,4421.36,6286.59,6312.49,5371.64,7123.61,6480.64,6318.63
675,4428.03,5993.59,6048.67,5101.37,6830.98,6281.81,6156.29
676,4434.44,4937.07,4891.83,4351.94,5537.16,6700.84,6258.80
677,4441.33,6658.34,6678.52,5434.18,7824.19,6334.39,6334.39
678,4448.02,6490.94,6579.28,5420.08,7462.47,6293.16,6170.41
679,4454.76,6216.81,6049.92,5288.77,7388.71,6495.31,6495.31
680,4461.70,7011.53,7028.60,5966.54,7905.46,6268.79,6058.55
681,4468.58,4874.45,4894.07,4058.54,5677.20,6295.89,6047.90
682,4475.29,5595.57,5603.52,4774.30,6408.24,6351.65,6134.04
683,4482.41,7890.20,7836.33,6890.64,9005.05,6297.57,6272.46
684,4488.96,5618.35,5552.90,4580.21,6903.54,6182.10,5826.94
685,4495.64,6381.61,6498.37,5239.28,7356.25,6316.53,6316.53
686,4502.53,6197.59,6179.92,5087.43,7274.75,6297.73,6151.26
687,4509.26,6887.35,6903.31,5671.84,8045.21,6448.02,6338.46
688,4516.11,5819.78,5871.60,4623.69,6988.62,6311.95,5996.38
689,4522.44,4658.93,4660.08,3965.32,5346.54,5887.74,5743.28
690,4529.02,4874.03,4854.41,3926.99,5834.20,6507.34,6151.98
691,4535.51,5431.94,5463.21,4330.91,6390.37,6152.35,5996.00
692,4542.33,6177.44,6123.72,4961.64,7654.03,6256.27,5997.35
693,4549.23,7186.01,7241.75,6158.76,8278.71,6214.08,6060.00
694,4555.83,5686.67,5585.05,4911.62,6610.29,6363.44,6283.69
695,4562.58,6341.40,6315.43,5332.97,7296.34,6289.69,6072.66
696,4569.19,6088.51,6115.40,5079.49,7145.26,6172.21,6064.86
697,4575.83,5241.31,5187.16,4532.56,6040.88,6385.06,6235.82
698,4582.50,5975.04,5999.52,5018.07,6983.46,6243.73,6149.47
699,4588.76,3840.90,3847.07,2946.25,4714.34,6082.03,5953.91
700,4595.48,4992.26,5041.46,4174.13,5840.50,6350.33,6151.14
701,4602.24,4794.09,4755.04,3838.43,5740.50,6633.61,5967.26
702,4609.20,5136.62,5123.65,4323.79,5953.20,6784.24,6784.24
703,4615.35,3617.51,3560.01,2988.37,4390.12,6436.81,6387.65
704,4622.05,5536.46,5498.02,4595.85,6529.26,6124.26,5863.98
705,4629.03,6822.35,6818.85,5564.59,8216.85,6462.11,6212.07
706,4635.67,5826.16,5864.96,4749.63,6732.90,6111.08,6076.10
707,4642.21,5849.88,5927.71,4764.60,6847.40,6256.22,6150.84
708,4649.43,6485.89,6404.75,5329.99,7797.59,6388.13,6270.04
709,4656.59,6467.26,6465.43,5476.80,7509.84,6447.97,6224.32
710,4663.19,5204.14,5243.23,4233.87,6127.86,6462.09,6135.79
711,4670.02,5489.98,5521.70,4683.44,6217.25,6390.82,6049.83
712,4676.70,5280.21,5180.37,4434.53,6202.83,6374.96,6166.63
713,4683.69,5766.41,5783.11,4615.97,6848.01,6575.86,6429.81
714,4690.67,6179.54,6150.79,5242.75,7099.10,6575.41,6366.67
715,4697.48,6733.21,6710.93,5849.67,7662.34,6071.94,6071.94
716,4703.92,5241.51,5091.46,4457.29,6283.38,6121.31,6102.74
717,4710.55,5810.89,5791.79,4670.79,6963.84,6155.73,5860.95
718,4717.27,5655.73,5649.50,4559.39,6909.71,6449.65,6335.26
719,4723.81,5316.14,5294.79,4477.19,6152.88,6088.24,5977.89
720,4730.85,5834.98,5773.91,4990.02,6734.74,6353.22,6098.29
721,4737.75,5930.86,5897.45,4875.69,7080.99,6526.48,6322.93
722,4744.48,5630.98,5631.79,4655.80,6648.98,6424.73,6128.88
723,4750.99,5015.35,4959.12,4193.98,5842.26,6387.63,6285.40
724,4757.66,6093.35,6057.50,5028.90,7104.00,6055.69,5983.68
725,4764.47,5461.65,5373.76,4360.66,6696.34,6267.00,6120.08
726,4771.06,5630.79,5666.95,4498.25,6772.47,6095.55,6095.55
727,4777.83,5438.80,5460.54,3982.82,6893.55,6270.70,6168.10
728,4784.71,5576.50,5530.35,4564.88,6680.44,6672.01,6453.54
729,4791.79,7479.83,7585.07,6379.83,8353.30,6507.78,6378.23
730,4798.76,6981.95,6974.58,5832.37,8100.13,6272.63,6008.81
731,4805.43,6368.60,6336.69,5297.47,7837.53,6150.47,5996.84
732,4812.14,5539.77,5472.87,4726.03,6511.22,6193.79,6125.04
733,4818.89,5324.09,5285.65,4264.91,6395.64,6414.24,6414.24
734,4825.44,5184.35,5157.15,4366.02,6055.79,6215.09,5760.99
735,4832.24,6078.31,6070.98,5279.07,6979.09,6328.96,6238.04
736,4839.15,5242.77,5144.86,4127.12,6463.34,6411.13,6104.03
737,4845.97,7014.75,7034.45,5938.04,7995.76,6260.10,6124.76
738,4852.19,4398.11,4440.69,3700.40,4995.11,6336.38,6336.38
739,4859.48,7833.76,7965.69,6592.33,8873.89,6568.77,6175.83
740,4866.28,6688.27,6708.58,5782.98,7650.19,6433.85,6317.53
741,4872.64,4685.18,4612.02,3750.34,5809.12,6224.46,5914.48
742,4879.04,3285.09,3233.48,2784.93,3887.72,6296.44,6094.51
743,4885.66,5454.17,5363.79,4610.41,6452.80,6194.10,6026.85
744,4892.61,6409.71,6293.50,5271.08,7758.38,6248.48,6036.93
745,4899.54,5245.61,5277.85,4253.34,6196.27,6358.18,6358.18
746,4906.30,4245.66,4186.52,3285.20,5287.50,6400.35,6270.43
747,4912.82,6140.72,6173.03,5232.27,6978.02,6340.63,6147.53
748,4919.72,5423.05,5408.65,4442.23,6414.99,6818.72,6496.59
749,4926.10,4476.08,4419.61,3544.48,5377.00,6113.43,6006.32
750,4933.02,5553.11,5580.16,4547.42,6471.26,6397.77,6320.85
751,4939.68,4945.40,4928.56,4245.39,5761.72,6462.54,6036.88
752,4946.49,5982.02,5984.01,4837.84,7100.15,6422.42,6218.01
753,4953.47,6246.97,6231.89,5267.19,7288.03,6436.88,6165.63
754,4959.94,4827.06,4736.24,4026.50,5715.39,6205.06,6116.89
755,4967.19,6074.28,6112.95,5142.98,6955.07,6675.16,6649.28
756,4974.02,6315.14,6323.08,5314.60,7427.17,6421.76,6106.07
757,4981.03,8395.68,8424.63,7066.98,9714.81,6390.16,6163.51
758,4988.41,6465.94,6489.62,4817.94,7791.37,6703.83,6624.96
759,4995.71,6482.95,6528.41,5431.30,7432.18,6599.25,6597.86
760,5002.61,6279.32,6198.67,5330.87,7332.92,6453.29,6384.32
761,5009.36,6406.11,6441.77,5443.62,7336.50,6330.28,6115.35
762,5015.95,5117.82,5108.72,4378.00,5836.56,6348.95,6334.18
763,5022.86,5639.67,5562.28,4774.14,6625.32,6545.54,6528.88
764,5029.61,5677.47,5623.89,4664.36,6722.22,6344.49,6112.22
765,5036.52,5527.45,5585.52,4538.87,6390.70,6561.70,6561.70
766,5043.55,6384.32,6320.69,5279.81,7530.81,6585.46,6296.66
767,5050.44,7984.64,7958.29,6327.01,9494.88,6197.85,5983.67
768,5057.55,5446.72,5407.71,4329.94,6642.20,6720.77,6393.72
769,5064.59,6609.64,6633.69,5574.55,7581.44,6296.61,6246.58
770,5071.54,5111.16,5066.52,4290.71,6053.88,6602.24,6549.84
771,5078.14,6560.24,6547.84,5620.46,7732.07,5928.79,5789.32
772,5085.16,6039.48,5968.15,5012.48,7214.97,6575.63,6454.38
773,5092.03,4847.64,4748.99,3963.17,5889.92,6534.12,6319.35
774,5098.94,5855.59,5868.02,4714.79,6959.66,6460.94,6340.87
775,5106.45,8627.39,8604.29,7395.74,9965.02,6606.28,6406.29
776,5113.25,5241.84,5173.06,4248.20,6316.49,6166.26,6008.58
777,5120.00,6109.48,6153.18,5063.32,7030.26,6491.56,6080.67
778,5127.06,6611.83,6606.90,5716.06,7515.37,6531.28,6374.81
779,5134.07,6501.03,6549.16,5443.32,7496.75,6429.92,6212.89
780,5141.12,6354.90,6485.72,4777.09,7708.78,6476.97,6125.54
781,5147.88,5814.26,5794.08,4840.13,6719.55,6475.77,6311.84
782,5154.69,6708.03,6735.25,5692.70,7654.99,6230.85,5885.36
783,5161.50,6161.55,6136.62,5144.39,7193.77,6130.50,5929.03
784,5168.48,6272.12,6276.69,5107.21,7455.87,6573.40,6234.40
785,5175.12,4883.39,4899.14,3914.80,5950.59,6556.02,6460.94
786,5181.91,6362.34,6333.12,5438.97,7373.96,6376.70,6169.80
787,5188.10,4154.15,4176.38,3574.99,4675.57,6281.49,6260.57
788,5194.90,5713.62,5693.04,4735.10,6715.31,6597.35,6294.02
789,5201.77,5879.89,5838.73,5149.25,6725.52,6206.36,6206.36
790,5208.86,7200.56,7199.23,6074.08,8487.46,6474.92,6237.69
791,5215.54,5273.01,5305.20,4449.10,6167.36,6507.05,6258.25
792,5222.67,7054.63,6956.18,6111.70,8294.10,6681.35,6525.05
793,5229.60,6060.33,6000.88,5092.10,7150.04,6543.81,6146.00
794,5236.43,5493.21,5519.73,4467.91,6408.68,6516.20,6409.41
795,5243.43,6376.66,6445.22,5218.82,7567.79,6630.61,6249.65
796,5250.60,6369.40,6370.53,5186.36,7421.92,6683.42,6537.67
797,5257.38,6529.88,6532.43,5579.09,7596.65,6414.60,6205.22
798,5264.45,6912.63,6850.09,5793.72,8059.59,6486.82,6447.12
799,5271.62,6136.60,6194.38,5247.61,6930.92,6571.11,6558.39
800,5278.05,5116.56,5127.88,4053.61,6108.59,6335.12,6302.38
801,5284.52,5572.17,5583.12,4452.36,6561.24,6343.91,6062.16
802,5291.33,5377.14,5318.28,4408.55,6450.11,6717.74,6512.35
803,5297.95,4338.60,4377.47,3300.19,5376.15,6293.52,6293.52
804,5304.65,5539.98,5579.87,4574.52,6474.69,6330.13,6291.08
805,5311.38,5511.64,5458.84,4613.43,6358.13,6458.58,6208.56
806,5318.33,7111.82,7154.69,5905.71,8312.97,6517.69,6260.92
807,5325.37,6333.59,6302.11,4993.75,7635.60,6535.78,6390.19
808,5331.92,4571.67,4523.60,3767.58,5413.52,6486.81,6080.78
809,5338.69,6309.32,6279.92,5218.34,7413.83,6340.17,6125.30
810,5345.33,4632.02,4608.60,3830.81,5559.56,6549.63,6163.74
811,5352.19,7159.42,7159.77,6208.90,8052.02,6523.83,6329.95
812,5359.04,6978.05,6901.84,5415.55,8692.93,6261.35,6150.35
813,5365.82,6091.51,6049.96,5305.31,6967.53,6280.13,6146.44
814,5372.62,5144.35,5108.26,4173.25,6023.25,6461.38,6294.67
815,5379.49,6195.75,6170.81,5243.29,7153.13,6523.88,6113.42
816,5386.54,6038.85,6013.26,4901.21,7369.85,6411.90,6068.27
817,5393.42,5850.73,5788.72,4669.31,7210.96,6516.65,6451.17
818,5400.05,5776.45,5765.07,4872.25,6641.65,6229.90,5997.57
819,5406.77,6135.49,6120.92,5338.47,6928.64,6359.81,5944.95
820,5413.46,5614.57,5676.45,4566.23,6596.90,6453.14,6082.69
821,5420.07,5989.77,5928.42,5222.65,6813.60,6262.10,6249.54
822,5426.63,5328.66,5310.44,4460.46,6227.05,6325.25,6278.40
823,5433.49,6130.46,6198.04,4908.53,7243.15,6177.44,5591.97
824,5440.20,6472.43,6436.92,5500.28,7553.99,6186.61,5690.29
825,5446.96,6010.34,6020.33,4982.19,7028.84,6330.46,5672.29
826,5453.42,5242.17,5266.95,4168.59,6341.09,6176.81,5818.87
827,5460.64,6782.47,6727.60,5876.70,7708.51,6433.10,6293.06
828,5466.71,4345.71,4306.01,3652.43,5043.78,6177.90,5905.45
829,5473.34,5496.19,5484.92,4491.03,6573.46,6213.62,6182.08
830,5479.95,5851.30,5859.60,4603.40,6926.09,6083.09,5830.93
831,5487.15,7436.97,7471.75,5911.76,8739.13,6488.44,6176.12
832,5493.96,5799.95,5702.46,4819.41,7007.43,6367.53,6131.41
833,5500.56,5349.25,5300.51,4314.58,6346.54,6288.93,6045.88
834,5507.32,6342.04,6325.44,5305.56,7286.20,6263.05,6054.34
835,5514.11,5905.09,5936.56,4654.48,7268.53,6281.84,5820.34
836,5521.03,6400.79,6445.31,5443.01,7401.51,6603.84,6355.44
837,5527.66,4463.23,4423.40,3729.63,5281.85,6362.14,6362.14
838,5534.44,5102.79,5034.15,4195.52,6088.49,6144.66,5872.76
839,5541.06,5138.98,5086.37,4443.09,5937.91,6640.38,6363.53
840,5548.26,7084.51,7130.50,6164.50,8049.34,6559.26,6107.91
841,5554.99,5637.35,5656.21,4406.19,7018.13,6330.07,6120.31
842,5562.02,7605.28,7565.21,6707.57,8671.86,6536.22,6331.87
843,5569.06,7299.19,7237.23,6096.76,8726.88,6417.11,6097.97
844,5575.87,5211.47,5137.03,4284.23,6296.09,6484.82,6236.86
845,5582.83,6216.76,6183.06,5396.75,7144.20,6524.98,6477.40
846,5589.41,4471.94,4456.95,3625.07,5384.20,6413.10,6080.92
847,5596.32,5983.19,5957.07,4979.72,7184.39,6328.55,5972.89
848,5602.79,4385.04,4290.76,3569.22,5248.84,6462.87,6462.87
849,5610.32,8784.01,8868.32,7094.27,10223.43,6552.77,6323.23
850,5616.86,4303.95,4272.12,3393.81,5183.80,6302.57,6166.73
851,5623.35,4535.40,4426.46,3621.99,5602.78,6134.34,6134.34
852,5630.17,5654.17,5724.57,4645.24,6496.88,6187.29,5910.26
853,5637.15,7321.67,7395.02,6143.33,8431.09,6151.44,6038.58
854,5644.08,7312.76,7286.73,6365.26,8272.78,6421.34,6421.34
855,5650.86,5197.67,5253.22,4130.25,6270.29,6432.05,6432.05
856,5657.64,4525.80,4439.62,3332.97,5666.41,6414.02,6287.55
857,5664.51,6782.55,6820.78,5711.74,7781.07,6316.64,5965.52
858,5671.08,5625.18,5609.91,4731.94,6653.28,6234.63,5991.76
859,5678.06,5185.05,5188.03,4250.06,6119.83,6564.68,6564.68
860,5685.33,7813.83,7798.51,6649.47,8960.13,6584.89,6522.78
861,5692.26,7334.13,7375.42,6277.20,8450.01,6479.51,6393.71
862,5699.08,6049.67,6016.64,5187.81,6990.77,6387.90,6230.86
863,5705.82,6262.37,6267.68,5433.57,7149.01,6172.69,6021.15
864,5712.74,6012.65,6014.01,5084.04,7027.65,6503.36,6284.02
865,5719.75,6963.62,7010.00,5746.41,8057.53,6171.99,5962.34
866,5726.67,4640.74,4612.50,3944.45,5393.08,6213.59,6104.78
867,5733.58,6890.17,6958.02,5467.54,8292.30,6233.43,6005.52
868,5740.27,5514.66,5481.32,4620.70,6517.02,6374.68,6342.81
869,5747.35,6952.27,7003.54,5436.56,8518.77,6562.50,6266.99
870,5753.85,5433.99,5386.81,4480.10,6462.94,6098.92,6029.51
871,5760.68,6282.53,6247.58,5341.76,7213.24,6373.15,6173.97
872,5767.37,5796.56,5844.26,4667.45,6881.85,6029.77,6014.50
873,5774.23,7022.59,7003.93,5881.13,8157.21,6328.01,6231.77
874,5781.60,7593.31,7605.71,6308.13,8842.79,6558.69,6519.21
875,5788.01,5141.54,5081.25,4313.78,6049.60,6374.94,6211.18
876,5794.69,5124.02,5066.23,4220.53,6021.02,6327.38,6233.52
877,5801.25,5526.07,5534.59,4449.08,6500.77,5900.08,5718.58
878,5808.65,6043.25,6061.90,4825.98,7279.00,6711.58,6496.30
879,5815.14,5255.81,5244.43,4395.03,6115.38,6357.39,6293.94
880,5822.08,5421.57,5366.56,4435.26,6529.80,6274.14,6124.83
881,5828.88,5123.21,5111.32,3975.38,6211.02,6495.22,6325.88
882,5835.79,6052.54,5972.40,5090.48,7334.02,6520.08,6328.49
883,5842.57,5223.36,5198.73,4126.58,6328.20,6450.34,6218.71
884,5849.52,5465.71,5376.04,4338.82,6651.26,6550.40,6438.75
885,5856.08,3900.00,3850.96,3028.68,4824.07,6234.45,6179.29
886,5862.90,5618.23,5572.33,4810.02,6486.35,6544.94,6229.24
887,5869.62,5203.17,5229.91,4084.34,6229.06,6474.54,6318.75
888,5876.55,5840.70,5799.15,4875.42,6861.21,6753.64,6429.63
889,5883.18,5345.57,5344.47,4423.68,6246.30,6286.73,6265.71
890,5890.15,5721.05,5726.49,4605.41,6799.51,6546.62,6124.40
891,5897.02,6436.21,6619.33,5087.49,7534.13,6171.44,5934.51
892,5904.16,6281.21,6261.79,5301.54,7285.81,6304.20,6218.69
893,5911.53,6604.67,6540.18,5440.10,7838.85,6781.85,6572.83
894,5918.77,6965.89,6886.86,5706.72,8164.05,6354.93,6026.52
895,5925.57,4966.76,4966.34,4107.06,5936.87,6349.19,6274.60
896,5932.14,5691.25,5628.42,4797.91,6649.70,6220.33,5849.54
897,5938.56,5574.85,5601.10,4710.61,6241.37,6308.61,6308.61
898,5945.66,5615.95,5598.31,4438.62,6825.00,6673.28,6673.28
899,5952.81,6106.00,6029.86,4967.85,7287.17,6853.79,6529.00
900,5960.11,6340.21,6344.98,5235.79,7508.25,6522.48,6514.11
901,5967.06,6357.92,6365.35,5345.20,7497.98,6586.60,6213.15
902,5974.03,5555.41,5435.17,4770.41,6519.72,6627.65,6550.72
903,5981.10,7065.98,7121.08,5791.28,8299.93,6608.40,6538.81
904,5987.90,5247.26,5207.28,4336.76,6173.15,6479.79,6429.92
905,5994.87,6352.35,6274.42,4950.17,7718.73,6292.00,5966.55
906,6001.87,6518.73,6564.37,5388.12,7650.16,6364.03,6364.03
907,6008.29,3998.82,3948.28,3238.74,4861.69,6306.62,6049.69
908,6015.24,7217.91,7154.12,6350.83,8096.63,6611.96,6357.79
909,6021.93,5315.48,5245.77,4384.83,6372.10,6225.90,6062.11
910,6028.86,5699.55,5654.39,4793.92,6594.63,6407.94,6407.94
911,6036.04,7498.25,7492.73,6019.14,8872.30,6489.86,6116.60
912,6042.78,6230.84,6257.70,5140.51,7175.65,6276.62,6144.47
913,6049.37,4515.74,4412.63,3653.68,5475.95,6434.67,6190.63
914,6056.11,5151.57,5158.49,4108.74,6126.68,6444.58,6345.10
915,6062.95,6480.75,6472.48,5492.67,7520.89,6304.31,6301.36
916,6069.37,4053.09,4051.79,3237.75,4865.70,6311.35,6138.01
917,6076.21,5316.31,5184.12,4460.47,6340.64,6607.36,6442.40
918,6083.56,8134.58,8175.77,6837.68,9274.62,6587.88,6587.88
919,6090.51,5826.87,5841.57,4703.61,6992.27,6300.95,6300.95
920,6097.80,6981.23,6916.63,5626.10,8617.95,6601.45,6386.30
921,6104.66,5517.81,5487.64,4656.24,6460.62,6623.27,6623.27
922,6111.51,5126.19,5074.93,4150.32,6131.28,6596.72,6319.54
923,6117.65,3577.16,3542.10,2888.80,4183.15,6143.86,5952.69
924,6124.90,7547.15,7528.29,5941.06,9086.72,6591.04,6512.54
925,6132.02,6991.38,7080.34,5520.23,8238.14,6338.21,6338.21
926,6139.23,6862.49,6873.86,5383.03,8359.02,6755.33,6391.32
927,6146.32,6314.44,6324.90,5325.91,7267.38,6462.07,6324.43
928,6153.00,4902.82,4907.50,3906.53,5791.67,6541.06,6211.11
929,6159.81,5654.23,5659.37,4528.38,6811.82,6103.65,6103.65
930,6166.57,4976.27,4924.37,4057.78,5963.50,6294.77,6269.10
931,6173.16,4878.31,4761.69,3743.33,6212.23,6374.50,6027.21
932,6179.90,4939.39,4859.37,4059.69,5919.69,6447.06,6272.15
933,6186.61,5643.35,5600.10,4596.44,6549.46,6148.80,6112.88
934,6193.09,4858.15,4855.62,3843.37,5797.99,6275.27,6043.64
935,6199.84,5082.21,5064.06,4184.52,5914.63,6407.55,5871.74
936,6206.92,5716.20,5808.76,4248.62,7064.06,6458.16,6181.02
937,6213.87,6982.36,6968.29,5895.38,8005.74,6362.49,6166.22
938,6220.82,5326.36,5311.34,4340.44,6351.43,6522.70,6351.40
939,6227.50,4540.47,4520.66,3645.04,5391.77,6167.71,5949.57
940,6233.99,4798.59,4756.50,3767.99,5713.40,6241.97,5924.19
941,6240.70,5421.88,5431.43,4546.04,6283.93,6400.85,6327.30
942,6247.42,4308.17,4293.50,3569.74,5081.53,6276.02,6119.89
943,6253.78,4107.18,4105.29,3542.84,4778.85,6521.42,6092.16
944,6260.57,6408.48,6414.93,5415.03,7292.03,6337.06,6337.06
945,6267.35,5220.92,5201.46,4308.45,6068.64,6276.29,5810.41
946,6274.37,7152.01,7196.81,5825.08,8541.85,6419.77,6042.44
947,6281.27,5944.54,5898.16,4717.37,7124.45,6313.25,6179.74
948,6287.76,3683.45,3725.77,2966.94,4354.35,6370.57,6336.33
949,6294.19,5036.78,5010.66,4226.20,6055.08,5962.68,5924.94
950,6300.92,5593.52,5544.17,4791.72,6510.35,6415.85,6097.13
951,6307.65,5647.24,5681.51,4840.80,6422.65,6270.11,6047.20
952,6314.85,6106.15,6126.06,4968.41,7118.80,6455.62,6455.62
953,6322.08,6262.90,6260.68,4835.07,7638.38,6389.76,6064.51
954,6329.29,6841.79,6900.83,5452.60,8120.80,6648.30,6587.34
955,6336.29,6082.50,6046.97,5179.57,7129.00,6414.79,6313.04
956,6343.68,8044.94,8017.92,6933.55,9133.87,6545.94,6364.95
957,6350.60,7450.19,7488.86,6433.19,8386.53,6355.80,6228.70
958,6357.47,6157.68,6092.75,5327.21,7082.71,6200.02,6020.90
959,6364.35,5058.31,5095.14,3898.74,6184.07,6233.29,5983.50
960,6371.26,6525.44,6555.71,5488.15,7616.69,6355.10,6300.45
961,6378.28,7429.88,7498.28,6282.01,8402.42,6397.02,5955.08
962,6384.59,4662.57,4601.20,3986.12,5417.24,6272.51,6258.10
963,6391.73,6970.38,6916.51,5970.75,8080.67,6399.82,6309.76
964,6398.87,6436.69,6453.98,5523.71,7378.20,6533.56,6533.56
965,6405.92,6491.94,6463.49,5513.44,7445.50,6667.02,6393.10
966,6412.89,7631.99,7637.40,6351.48,8978.32,6423.86,6103.37
967,6420.01,6743.17,6658.92,5753.36,7981.73,6481.68,6481.68
968,6427.05,6457.12,6433.05,5532.37,7326.18,6588.10,6556.09
969,6433.71,4936.54,4893.04,4227.56,5735.86,6491.13,6290.95
970,6440.95,6459.53,6454.77,5273.08,7572.60,6439.96,6349.79
971,6448.30,5828.39,5778.23,5060.93,6780.36,6722.56,6493.96
972,6455.57,6421.77,6419.18,5278.06,7570.38,6495.47,6322.26
973,6462.89,7312.44,7347.86,5754.90,8919.67,6439.18,6338.33
974,6469.99,6076.34,6061.84,5021.95,7087.36,6614.50,6497.29
975,6477.13,5980.71,5875.41,5041.28,6958.12,6532.21,6188.69
976,6484.13,6614.68,6556.42,5653.59,7650.35,6437.91,6437.91
977,6490.69,5484.43,5539.12,4614.27,6231.92,6441.88,6321.94
978,6497.42,5921.22,5907.46,5109.45,6794.66,6370.54,5896.43
979,6504.18,5570.58,5546.73,4673.98,6482.81,6338.81,6338.81
980,6511.21,5750.04,5782.17,4679.56,6686.95,6812.09,6614.34
981,6518.25,5988.04,5871.40,4848.17,7227.94,6606.02,6479.06
982,6525.29,6441.43,6368.51,5304.05,7587.36,6487.81,6429.65
983,6532.32,6133.53,6027.93,4820.84,7651.57,6549.50,6250.97
984,6539.04,5093.81,5031.16,4090.64,6141.96,6420.91,6365.38
985,6545.74,7035.19,7052.10,5963.85,8123.34,6188.30,6188.30
986,6552.54,5150.10,5233.91,3994.03,6234.83,6541.26,6103.40
987,6559.34,5851.37,5786.69,4945.25,6901.08,6407.08,6165.33
988,6566.25,5827.48,5812.49,4764.38,7001.78,6439.56,6171.50
989,6573.09,5363.20,5291.48,4453.10,6359.73,6449.57,6165.23
990,6579.82,4845.31,4840.13,3819.23,5897.10,6583.77,6233.72
991,6586.44,4999.53,5042.82,4133.37,5789.71,6104.98,5961.79
992,6593.26,5393.01,5405.29,4495.83,6255.10,6482.91,6275.99
993,6600.09,5223.85,5291.49,4181.75,6147.80,6201.11,5900.08
994,6606.52,5230.06,5246.71,4471.29,5997.16,6324.37,5925.02
995,6613.37,4896.63,4908.26,3934.77,5844.78,6462.93,6143.17
996,6619.94,5836.37,5771.92,5174.13,6547.61,6122.59,5889.52
997,6626.86,5379.77,5466.11,4058.74,6380.54,6318.90,6164.67
998,6633.78,6366.60,6339.33,5231.09,7418.05,6310.20,6185.98
999,6640.51,5142.29,5127.88,4119.94,6335.29,6185.85,6053.00
1000,6647.44,6047.44,5963.06,5039.96,7088.91,6325.77,5908.52
1001,6653.94,4724.98,4750.96,3730.19,5636.30,6225.50,5873.28
1002,6660.53,5044.19,5135.10,3923.98,6067.67,5975.02,5895.63
1003,6667.62,6431.16,6463.47,5310.35,7592.51,6397.54,6231.00
1004,6674.70,6898.60,6973.30,6039.68,7757.29,6459.12,6330.97
1005,6681.44,5739.50,5713.53,4925.52,6548.89,6189.01,6174.47
1006,6687.91,4733.98,4622.81,3732.19,5771.92,6027.75,5827.27
1007,6694.53,5796.35,5801.81,4609.22,6946.43,6379.06,5978.72
1008,6701.39,6673.07,6650.66,5790.38,7585.18,6343.60,6119.41
1009,6708.15,6303.05,6354.62,5315.81,7175.52,6191.09,6151.69
1010,6714.77,5265.40,5294.32,4425.77,6139.21,6184.33,5841.37
1011,6721.63,7374.64,7250.71,6247.81,8620.42,6278.71,5937.49
1012,6728.36,6957.37,7009.47,5946.50,7809.72,6235.82,6235.82
1013,6735.20,5697.70,5798.07,4688.05,6611.47,6339.75,6161.39
1014,6741.69,4718.60,4705.16,3731.97,5647.70,6132.44,6081.16
1015,6748.67,5446.12,5488.35,4559.03,6275.89,6458.09,6255.20
1016,6755.23,5430.09,5410.40,4334.54,6513.68,6273.47,6080.39
1017,6761.83,4634.92,4625.97,3452.96,5726.61,6543.55,6417.08
1018,6768.63,5353.60,5413.25,4211.35,6509.39,6442.82,6138.37
1019,6775.01,5120.73,5100.10,4160.83,6075.34,6145.81,5855.51
1020,6781.96,6899.65,6955.81,5700.20,8052.25,6082.15,5945.71
1021,6788.98,7104.83,7096.83,5961.06,8210.98,6186.13,6042.73
1022,6795.93,5757.88,5730.11,4819.60,6677.76,6290.81,6152.42
1023,6802.41,4494.94,4496.34,3641.84,5380.56,6171.01,6171.01
1024,6808.99,5720.14,5720.33,4548.35,6918.73,6394.03,6290.77
1025,6815.93,6897.12,6955.04,5745.48,7987.15,6554.87,6554.87
1026,6822.71,6105.57,6021.07,5256.80,7086.32,6087.09,5936.23
1027,6829.15,5839.79,5887.09,4916.59,6679.70,6111.75,5503.12
1028,6836.14,5486.50,5485.29,4477.25,6622.33,6342.21,6303.58
1029,6843.00,7002.66,6940.62,6001.67,8148.55,6296.36,5949.23
1030,6849.65,5678.64,5691.73,4763.56,6537.34,5993.92,5940.92
1031,6856.20,5904.53,5858.60,4853.36,6825.29,6040.95,5998.92
1032,6862.57,4673.29,4635.84,3783.71,5681.68,6164.57,5984.38
1033,6869.26,5348.42,5388.09,4217.67,6433.44,6051.83,6051.83
1034,6875.85,4482.06,4502.19,3524.89,5406.69,6251.52,6025.57
1035,6882.76,6071.21,6037.58,4753.91,7376.80,6450.24,6270.02
1036,6889.43,5180.21,5102.87,4311.17,6252.56,6170.38,5961.97
1037,6896.25,5949.95,5963.73,4916.45,7096.31,6217.05,5980.22
1038,6903.05,6105.38,6082.13,5198.18,7143.46,6403.60,6305.09
1039,6909.61,5321.07,5314.00,4232.36,6349.43,6347.63,6264.40
1040,6916.23,6806.71,6783.56,6038.26,7652.97,5955.70,5583.89
1041,6922.76,5537.20,5456.13,4579.75,6728.09,6038.64,5808.81
1042,6929.48,6248.47,6263.13,4641.90,7722.17,6129.87,5838.00
1043,6936.15,6526.45,6412.96,5455.48,7699.60,6165.12,5983.65
1044,6943.08,6621.17,6619.70,5571.25,7755.98,6385.34,6103.85
1045,6949.72,5399.25,5424.20,4199.36,6592.25,6504.34,6299.00
1046,6956.27,5359.09,5318.71,4451.30,6366.43,6220.72,6077.31
1047,6962.70,5378.58,5453.29,4303.26,6326.29,6167.90,5992.98
1048,6969.48,5364.76,5326.24,4515.98,6311.37,6430.93,6430.93
1049,6975.96,5049.31,5009.96,4303.98,5903.72,6332.43,6332.43
1050,6982.89,7676.29,7647.91,6366.16,8880.72,6170.14,5711.02
1051,6989.00,4156.96,4120.46,3506.84,4901.74,5935.40,5935.40
1052,6995.02,4350.00,4206.00,3374.23,5413.76,6135.76,6135.76
1053,7001.60,5965.00,5931.33,4683.20,7299.00,6193.57,5821.69
1054,7008.17,5145.29,5157.97,4194.08,6021.30,6325.68,6176.74
1055,7014.67,5825.49,5873.97,4675.64,6855.89,6018.82,5827.00
1056,7021.16,5311.07,5332.52,4171.95,6556.94,6078.74,6000.69
1057,7027.86,6187.04,6210.72,5266.83,7173.95,6222.05,6222.05
1058,7034.45,6161.28,6114.89,5150.79,7309.45,6294.65,6221.46
1059,7041.03,5735.96,5804.32,4516.58,6995.71,6186.17,5688.28
1060,7047.73,6896.53,6853.00,5924.93,7907.26,6505.24,6326.44
1061,7054.11,6597.34,6554.29,5523.26,7789.92,5761.98,5633.61
1062,7060.34,4342.47,4356.08,3394.73,5245.54,6203.63,5988.79
1063,7066.72,5394.31,5335.33,4312.88,6449.27,6043.97,6043.97
1064,7072.85,3880.56,3865.34,3302.59,4505.74,6227.84,5989.33
1065,7079.46,5270.66,5223.36,3961.35,6623.65,6413.29,6201.79
1066,7085.97,5707.23,5683.56,4815.87,6652.46,6241.10,6195.54
1067,7092.66,7492.92,7432.55,6335.50,8673.05,6375.32,6103.90
1068,7099.61,6139.61,6080.92,4964.17,7364.90,6709.38,6294.51
1069,7106.16,4760.70,4728.83,3819.53,5687.25,6486.33,6260.26
1070,7112.69,5401.26,5422.97,4464.00,6278.31,6140.93,6140.93
1071,7119.44,6244.77,6419.44,5003.61,7266.62,6180.12,6045.29
1072,7126.44,7450.21,7496.91,6157.06,8638.72,6460.21,6128.67
1073,7132.89,5511.17,5501.81,4642.58,6400.97,6179.06,6063.68
1074,7139.31,5089.85,5123.26,3886.12,6232.40,6023.01,5863.51
1075,7145.97,5736.26,5689.86,4750.66,6812.32,6394.85,6173.39
1076,7152.53,5514.61,5437.87,4557.59,6521.86,6312.47,5984.18
1077,7158.78,4989.79,4992.67,4078.97,5988.87,5955.36,5651.68
1078,7164.95,4283.96,4269.64,3380.24,5344.34,5777.02,5449.10
1079,7171.40,4837.03,4781.44,3444.98,6372.22,6141.18,6141.18
1080,7177.93,5932.14,5947.12,4815.05,6999.35,6335.20,5823.16
1081,7184.63,5753.65,5802.87,4714.95,6713.35,6188.90,5963.59
1082,7191.20,6198.42,6294.46,5240.02,7213.50,5941.43,5828.81
1083,7197.45,5539.73,5396.81,4430.04,6677.93,5924.12,5546.70
1084,7203.88,5588.76,5584.41,4768.57,6576.17,6254.19,6254.19
1085,7210.26,4744.31,4698.03,3810.10,5871.16,6029.52,5654.85
1086,7216.85,5333.96,5228.23,4241.45,6628.97,5970.00,5970.00
1087,7223.41,5520.33,5407.54,4529.64,6779.03,6032.07,5814.14
1088,7229.61,4530.76,4462.11,3577.03,5513.86,6093.56,5942.21
1089,7236.12,5116.02,5057.69,4394.11,5880.96,6155.56,5951.26
1090,7242.54,4864.27,4849.08,3979.75,5832.53,5971.86,5869.28
1091,7249.01,5766.89,5901.24,4333.57,7117.68,6037.81,6037.81
1092,7255.39,5221.11,5195.51,4365.62,6073.52,6344.50,5982.10
1093,7261.56,5178.70,5203.13,4034.95,6278.60,5915.37,5697.74
1094,7268.11,6813.99,6754.34,5900.02,7722.16,6165.60,5752.88
1095,7274.44,6014.06,5873.34,4842.79,7478.27,5858.77,5483.62
1096,7280.86,4812.22,4757.41,3561.98,6018.62,6061.61,6033.36
1097,7287.54,6565.85,6662.48,5575.52,7428.71,6263.00,6134.68
1098,7294.22,5545.96,5503.39,4558.81,6610.13,5990.52,5846.80
1099,7300.65,5205.43,5198.95,4305.12,6042.54,6271.92,6048.86
1100,7307.19,6240.05,6181.58,5175.95,7234.00,6076.48,6024.70
1101,7313.75,5706.67,5689.81,4594.93,6816.93,6277.56,5809.58
1102,7320.33,5896.73,5891.57,4762.93,6991.31,6349.22,6178.41
1103,7327.08,6289.52,6256.52,5287.63,7272.82,6478.22,6302.88
1104,7333.84,6636.94,6638.48,5471.51,7917.62,6382.70,6382.70
1105,7340.26,5523.42,5481.36,4415.46,6877.36,6048.12,5807.29
1106,7347.05,6397.51,6408.01,5054.94,7805.89,6113.82,5816.95
1107,7353.06,4333.29,4327.56,3672.10,4952.31,5887.91,5858.50
1108,7359.50,5311.64,5264.50,4229.52,6487.23,6258.39,6089.38
1109,7365.58,4361.40,4283.33,3453.66,5337.80,5816.14,5633.60
1110,7371.81,4759.44,4635.15,4081.98,5552.37,5903.98,5903.98
1111,7378.28,5388.03,5381.08,4633.36,6129.01,6366.41,6070.89
1112,7384.96,6505.37,6575.79,5580.47,7336.90,6241.10,6182.69
1113,7391.52,7009.30,6998.51,6019.98,8061.66,6117.10,5804.61
1114,7397.78,4189.62,4137.96,3622.00,4781.35,6253.28,6048.24
1115,7404.54,6232.10,6208.94,5159.70,7479.22,6262.54,5973.92
1116,7411.05,3986.86,3922.11,3185.93,4897.97,6401.01,6051.48
1117,7417.63,5802.92,5850.28,4576.07,6943.25,6388.17,6100.04
1118,7424.44,5883.60,5988.62,4436.65,7228.35,6300.24,6038.59
1119,7431.25,5181.05,5145.59,4381.96,5971.26,6243.85,6228.75
1120,7438.22,5675.23,5608.94,4907.69,6584.23,6500.08,6500.08
1121,7445.31,5639.26,5639.05,4545.91,6701.84,6085.85,5775.12
1122,7452.84,6517.25,6526.29,5702.38,7522.04,6231.66,6005.74
1123,7459.10,4301.96,4212.85,3487.08,5242.95,6145.04,6088.91
1124,7465.72,5736.38,5674.22,4728.58,6773.93,6211.19,6155.57
1125,7472.07,4889.86,4878.30,3816.72,6001.31,6295.45,6121.77
1126,7478.69,5803.56,5735.50,4679.43,6987.05,6127.42,5961.78
1127,7485.56,7615.24,7565.56,6607.62,8662.10,6350.51,6095.94
1128,7492.39,5230.36,5250.69,4266.73,6098.81,6215.87,5890.68
1129,7498.69,6699.82,6702.40,5648.53,7699.54,5947.42,5751.37
1130,7505.10,6159.05,6179.51,5109.42,7154.64,5984.90,5785.39
1131,7511.69,6742.12,6800.13,5528.39,7842.34,6143.63,6092.83
1132,7518.14,4831.06,4796.74,3873.49,5836.18,5991.41,5940.82
1133,7524.87,5992.73,6006.42,4913.02,6954.47,6206.96,6206.96
1134,7531.48,4999.12,5022.71,4185.18,5794.64,6278.30,5892.73
1135,7538.06,5627.46,5672.93,4401.27,6874.84,6019.21,6017.13
1136,7545.00,6033.98,5966.98,4834.86,7272.01,6400.09,6186.60
1137,7551.55,5024.02,5111.72,3881.35,6019.58,6154.25,6065.71
1138,7558.28,5906.15,5854.67,4711.59,7202.42,6321.73,6240.05
1139,7565.33,7211.52,7201.39,5925.34,8507.87,6293.73,6209.99
1140,7572.24,6320.03,6332.02,5066.67,7378.16,6462.72,6462.72
1141,7579.14,5066.01,5012.57,3963.92,6352.12,6662.19,6536.86
1142,7586.08,6416.23,6507.31,5097.72,7788.12,6538.98,6501.68
1143,7593.27,6133.72,6177.61,4903.20,7329.08,6570.01,6274.43
1144,7600.25,5852.56,5808.19,4780.55,7176.23,6529.28,6529.28
1145,7607.32,7952.01,7974.88,6744.30,9134.76,6448.85,6353.56
1146,7614.35,6671.29,6740.75,5342.01,7890.67,6443.89,6246.16
1147,7621.41,5706.39,5689.57,4841.35,6582.12,6604.58,6467.93
1148,7628.44,5235.82,5135.98,4368.77,6165.99,6476.71,6322.35
1149,7635.92,6760.91,6747.96,5762.48,7843.79,6864.08,6731.64
1150,7643.18,6610.54,6601.54,5522.67,7569.99,6670.16,6538.95
1151,7650.49,7329.75,7320.41,6397.83,8351.84,6557.89,6121.55
1152,7657.23,5162.43,5142.10,4261.90,6224.91,6469.00,6356.43
1153,7664.23,5779.95,5786.31,4778.03,6601.86,6521.73,6287.74
1154,7671.20,5712.90,5666.88,4593.29,6984.58,6273.75,6191.24
1155,7677.99,5361.73,5341.88,4373.24,6481.05,6558.37,6390.41
1156,7685.03,6767.50,6800.88,5793.35,7816.14,6428.06,6361.38
1157,7692.04,7098.46,7103.52,6087.38,8094.44,6351.72,6183.29
1158,7699.05,6145.83,6191.60,4856.56,7428.40,6381.38,6211.59
1159,7706.48,6743.56,6748.18,5364.78,8160.56,6587.63,6424.65
1160,7713.57,6509.38,6544.83,5315.63,7662.49,6369.74,6015.32
1161,7720.27,5029.79,5088.12,3737.85,6080.33,6256.07,5875.97
1162,7727.20,7312.91,7263.30,6174.64,8434.01,6272.51,6175.94
1163,7733.54,4914.22,4955.24,4218.06,5525.28,6080.73,5952.00
1164,7740.44,4908.56,4827.08,3724.39,6037.62,6517.96,6057.12
1165,7747.36,5345.21,5336.49,4283.52,6421.19,6683.83,6354.95
1166,7753.92,5462.57,5412.03,4861.70,6115.80,6127.03,5913.11
1167,7760.69,4571.76,4636.50,3522.51,5506.07,6472.82,6374.36
1168,7767.46,5386.95,5285.82,4323.96,6562.91,6206.07,6049.62
1169,7774.33,6228.24,6146.91,5186.10,7481.73,6318.51,6308.41
1170,7781.09,5479.03,5454.00,4556.15,6536.25,6228.79,6137.42
1171,7788.43,7569.14,7539.15,6310.43,8995.84,6446.33,6244.66
1172,7795.24,5165.06,5157.73,4207.85,6073.87,6414.21,5920.97
1173,7802.04,6572.16,6578.59,5517.63,7674.71,6238.38,5921.59
1174,7808.92,5772.80,5764.58,4542.65,7037.44,6387.19,6040.87
1175,7815.24,3909.40,3828.52,2981.95,4879.96,6087.13,6008.23
1176,7822.14,5956.24,5952.53,4892.28,7054.23,6180.88,6081.80
1177,7828.78,4542.08,4491.94,3754.41,5409.41,5992.83,5973.60
1178,7835.67,7260.22,7119.13,6210.49,8546.73,5962.56,5797.36
1179,7842.31,5278.90,5210.60,4203.68,6519.97,6072.72,5928.92
1180,7849.07,4956.39,4943.66,3657.91,6070.66,6361.37,6155.18
1181,7855.80,5590.32,5579.50,4558.03,6676.60,6294.01,6005.81
1182,7862.85,7058.24,7111.60,5740.67,8400.02,6370.78,6232.71
1183,7869.54,5761.05,5721.94,4882.55,6649.76,6153.96,6069.35
1184,7876.36,5717.76,5658.89,4543.60,6901.58,6198.67,6039.66
1185,7883.23,6026.55,6006.70,4876.25,7284.42,6245.64,5902.06
1186,7889.82,4695.38,4630.26,3743.87,5704.49,6277.77,6096.13
1187,7896.49,5650.61,5550.09,4703.38,6744.03,6425.78,6425.78
1188,7903.30,5899.08,5947.54,4384.70,7169.79,6145.01,6086.31
1189,7910.23,5628.40,5607.09,4760.58,6596.03,6332.94,6146.68
1190,7917.17,4959.32,4983.06,4030.47,5824.55,6598.81,6110.87
1191,7923.98,5578.55,5534.04,4637.72,6378.91,6241.29,6016.19
1192,7930.79,5742.09,5697.19,4720.17,6791.01,6440.50,6115.38
1193,7937.46,4439.55,4486.54,3584.27,5131.13,6246.33,6218.07
1194,7944.42,6470.83,6390.98,5538.12,7487.97,6145.18,5831.50
1195,7951.13,5114.26,5085.17,4204.94,5973.99,6504.11,6093.10
1196,7958.17,7639.17,7613.07,6540.82,8600.49,6236.89,6236.89
1197,7965.05,6768.44,6817.29,5653.65,7810.69,6216.88,6111.06
1198,7971.80,5974.10,6006.35,4894.60,7075.00,6143.41,5692.96
1199,7978.57,6591.08,6662.44,5494.46,7651.65,6215.09,6048.89
1200,7985.39,6537.57,6447.88,5464.94,7732.19,6565.05,5973.87
1201,7991.81,5060.86,5031.70,4230.57,5978.91,5949.84,5822.23
1202,7998.61,5470.93,5484.25,4531.08,6366.38,6127.81,6055.60
1203,8005.23,6147.92,6010.62,4375.07,7958.78,6076.96,6026.56
1204,8011.94,4799.49,4801.70,3953.71,5703.57,6370.59,6346.22
1205,8018.40,5227.76,5273.63,4160.90,6103.72,6058.02,5757.99
1206,8025.56,6650.39,6658.74,5540.57,7666.75,6547.92,6315.79
1207,8032.33,5322.71,5331.29,4454.50,6221.28,6290.20,6033.94
1208,8039.21,6199.33,6181.80,4948.27,7365.80,6244.73,6155.91
1209,8046.09,6444.54,6474.66,5521.82,7341.32,6043.77,5712.49
1210,8052.89,6177.13,6203.56,5019.89,7452.92,6106.27,5646.39
1211,8059.66,5947.95,5947.83,5039.58,6848.26,6124.13,5834.75
1212,8066.36,4947.32,4939.24,4104.26,5862.63,6184.73,6165.88
1213,8073.28,6073.52,6073.76,5217.00,6835.75,6277.80,5979.13
1214,8080.04,6297.10,6204.93,5219.09,7226.62,6191.80,5981.16
1215,8086.73,5171.15,5220.47,4429.61,5834.11,6285.10,6072.20
1216,8093.27,5599.44,5617.80,4639.81,6462.63,5948.23,5663.58
1217,8100.03,5130.38,4932.92,3952.79,6590.00,6255.64,6051.73
1218,8106.90,6500.20,6522.16,5461.19,7498.88,6150.50,5925.45
1219,8113.50,6577.90,6568.84,5689.83,7528.26,5866.15,5826.82
1220,8120.01,5751.96,5879.29,4133.21,7088.54,5750.67,5643.95
1221,8126.21,4566.23,4566.56,3656.47,5517.47,5972.81,5972.81
1222,8133.03,5548.28,5530.25,4428.67,6658.48,6214.76,6090.24
1223,8139.61,5586.65,5617.63,4840.37,6402.32,6093.09,6006.49
1224,8146.32,6088.38,6046.48,5193.75,7116.08,6327.35,6145.89
1225,8153.04,6039.41,6039.90,5015.96,7043.18,5961.16,5879.29
1226,8159.67,4054.88,3980.35,3423.61,4754.42,5934.01,5866.62
1227,8166.05,4351.14,4370.22,3351.92,5295.60,5846.68,5820.52
1228,8173.15,6251.65,6189.82,5062.09,7449.06,6368.98,5878.46
1229,8179.90,5460.91,5422.59,4717.85,6255.55,6281.14,6073.21
1230,8186.36,4199.61,4143.28,3579.05,4861.49,6121.13,5936.48
1231,8192.84,4766.63,4728.92,3908.91,5712.00,6037.70,6031.20
1232,8199.52,6029.92,6051.71,5056.48,6980.65,6220.07,6220.07
1233,8206.33,5751.31,5713.24,4279.48,7215.86,6062.93,5869.88
1234,8212.95,5021.69,4958.95,4252.67,6003.31,6158.17,6016.56
1235,8219.93,6410.55,6446.25,5414.63,7287.66,6345.13,6242.98
1236,8226.66,4672.26,4601.29,3715.90,5659.56,6273.37,6044.10
1237,8233.47,6198.88,6178.58,5261.06,7118.59,6071.82,5936.90
1238,8240.20,6441.74,6394.96,5457.04,7503.28,6104.70,5739.67
1239,8246.53,4491.68,4443.79,3648.90,5320.05,6222.35,6004.67
1240,8253.46,7143.84,7074.40,6234.71,8195.22,6254.14,6254.14
1241,8260.11,5163.40,5152.79,4102.68,6353.61,6229.12,6088.21
1242,8266.20,4387.44,4371.76,3518.55,5212.23,5938.56,5786.94
1243,8272.77,5038.12,4995.58,4105.53,5901.95,6211.88,6112.02
1244,8279.53,6092.94,6069.06,5148.03,7125.99,6269.05,6199.06
1245,8286.84,6707.35,6556.33,5674.89,7791.05,6840.76,6547.40
1246,8293.31,5565.66,5535.08,4752.23,6365.70,6009.21,5719.06
1247,8300.42,7136.93,7108.46,6120.08,8214.08,6062.44,5862.27
1248,8306.86,5404.86,5322.03,4539.70,6301.92,6074.29,5767.57
1249,8313.89,5879.86,5824.30,5047.76,6787.74,6663.88,6225.66
1250,8320.90,5342.21,5250.49,4398.96,6428.81,6546.24,6373.62
1251,8327.64,6903.09,6906.81,5981.18,7898.91,6222.85,6014.87
1252,8334.42,7099.43,7067.04,5919.28,8356.82,6275.50,5917.70
1253,8341.18,4723.29,4691.26,3745.86,5726.27,6229.72,6054.08
1254,8348.25,7660.36,7764.22,6321.54,8817.04,6341.46,6341.46
1255,8354.70,4448.02,4515.96,3630.91,5118.79,6162.94,6130.79
1256,8361.80,6437.13,6479.36,4818.69,7792.61,6420.88,6154.72
1257,8368.44,7005.55,7085.82,5862.40,8157.64,5953.21,5743.24
1258,8375.18,5798.80,5834.67,4828.12,6706.28,6223.86,6065.07
1259,8382.38,6816.81,6881.86,5795.91,7884.96,6348.06,6029.92
1260,8388.73,7056.66,7003.56,6086.51,8066.58,5767.96,5767.96
1261,8395.56,5501.01,5491.30,4373.17,6696.72,6226.81,6124.79
1262,8402.56,5391.66,5326.59,4641.62,6175.94,6430.06,6430.06
1263,8409.52,6718.15,6768.31,5432.58,8002.51,6121.84,5890.47
1264,8415.85,5077.99,5052.75,4453.98,5734.44,5841.88,5641.45
1265,8422.71,5764.78,5718.88,4945.63,6642.40,6275.56,6263.12
1266,8429.62,5437.50,5493.61,4561.47,6270.30,6394.04,6156.42
1267,8436.17,5672.63,5728.50,4807.48,6547.07,5909.14,5805.25
1268,8442.64,4408.67,4361.96,3726.95,5147.28,6259.69,6185.16
1269,8449.13,4266.65,4131.19,3317.47,5350.31,6423.99,6071.45
1270,8455.36,3473.37,3430.56,2741.24,4253.14,6039.12,5764.30
1271,8462.05,5791.23,5686.14,4654.24,7075.38,5961.54,5766.70
1272,8469.34,6568.43,6598.64,5459.99,7540.20,6673.85,6461.64
1273,8475.78,5339.91,5369.36,4369.05,6303.89,5950.95,5754.92
1274,8482.71,7734.58,7659.97,6164.69,9273.87,6091.77,5777.63
1275,8489.76,6117.63,6146.15,5094.35,7238.45,6201.21,5876.85
1276,8496.88,7738.21,7791.77,6338.39,8976.93,6468.12,6200.68
1277,8503.84,6947.25,6999.25,5536.29,8302.46,6283.41,6032.35
1278,8510.65,5939.59,5916.99,4973.62,6950.12,6050.85,5847.02
1279,8517.69,6950.94,6969.80,5952.72,7914.37,6370.24,6370.24
1280,8524.23,4931.38,4843.88,3829.97,6231.16,6282.64,6037.60
1281,8531.07,6845.65,6909.73,5768.92,7945.59,6326.22,6187.08
1282,8537.70,4438.29,4359.70,3752.76,5362.85,6252.31,6063.59
1283,8544.32,5849.25,5826.01,4936.67,6869.94,5990.08,5741.22
1284,8551.35,7219.63,7258.24,6173.76,8249.29,6352.88,6352.88
1285,8558.44,5648.67,5519.99,4798.11,6671.90,6449.09,6305.32
1286,8565.21,6444.40,6448.19,5433.49,7332.62,6147.19,5916.05
1287,8571.90,4745.51,4651.83,4022.20,5752.00,6169.30,5812.22
1288,8578.54,5392.17,5429.05,4372.66,6343.41,6064.28,5856.56
1289,8585.29,5781.47,5809.95,4727.34,6698.38,6092.96,5896.20
1290,8592.40,5849.98,5850.38,4848.61,6906.73,6626.08,6577.90
1291,8599.31,5516.81,5584.59,4373.22,6501.69,6484.81,6338.88
1292,8606.27,7273.96,7336.67,6270.23,8158.03,6193.58,5950.97
1293,8613.18,5736.67,5717.74,4862.16,6619.36,6368.79,6285.61
1294,8619.91,4782.95,4778.05,3917.62,5710.41,6584.39,6545.44
1295,8626.57,4415.18,4371.05,3515.94,5391.60,6511.85,6277.70
1296,8633.36,6487.24,6410.19,5210.34,7791.24,6202.92,6013.30
1297,8640.54,6112.28,6105.01,4740.55,7480.61,6568.75,6246.80
1298,8647.72,7400.98,7438.32,5925.98,8739.04,6252.41,5946.25
1299,8654.54,5517.88,5548.98,4441.56,6452.82,6531.53,6531.53
1300,8661.78,6440.67,6520.81,5225.76,7583.02,6414.64,6335.09
1301,8668.62,5892.25,5940.31,4964.84,6879.85,6458.04,6116.15
1302,8675.95,8546.73,8635.62,7343.77,9680.94,6475.89,6472.56
1303,8683.03,6346.66,6410.83,5327.75,7204.59,6276.40,6276.40
1304,8689.89,6463.90,6447.77,5573.38,7448.86,6377.71,6202.82
1305,8696.48,5664.05,5599.68,4702.05,6819.49,6348.91,6151.67
1306,8703.71,7229.36,7208.29,6094.25,8229.70,6509.11,6384.98
1307,8710.58,6473.36,6441.41,5350.99,7671.84,6146.83,6030.03
1308,8717.53,5747.50,5726.33,4713.58,6718.09,6600.93,6327.47
1309,8724.73,6687.76,6614.10,5578.17,7878.27,6747.47,6627.91
1310,8730.77,4139.65,4099.33,3521.66,4839.39,5863.37,5836.16
1311,8737.49,5373.97,5319.21,4468.31,6263.78,6300.05,6274.25
1312,8743.94,4180.57,4142.62,3424.33,5130.93,6080.61,6080.61
1313,8750.99,6356.55,6299.53,5047.85,7742.03,6244.61,6048.87
1314,8757.51,5113.24,5056.83,4047.79,6295.92,6173.32,6173.32
1315,8764.14,5581.56,5611.61,4652.18,6527.80,6326.20,6091.96
1316,8770.73,5001.75,4951.83,4121.12,6009.45,6090.06,5884.64
1317,8777.29,4876.60,4836.11,3938.38,5780.54,5971.35,5795.51
1318,8783.95,6569.89,6541.67,5506.60,7635.58,6023.79,6023.79
1319,8790.81,5576.88,5558.75,4431.41,6655.80,6403.10,5958.81
1320,8797.47,4869.34,4875.55,4054.75,5667.61,6397.47,6295.70
1321,8803.80,4559.08,4539.74,3653.85,5380.33,5958.84,5902.26
1322,8810.31,5812.83,5843.22,4849.98,6781.00,5898.52,5898.52
1323,8817.35,6365.87,6399.98,5385.53,7262.50,5990.43,5929.87
1324,8823.95,3870.50,3840.96,3185.72,4558.04,6298.86,6135.60
1325,8830.49,5775.40,5816.37,4690.05,6740.68,5968.43,5941.85
1326,8837.14,6204.78,6184.85,5248.31,7115.29,6132.46,6027.16
1327,8844.49,8050.81,8169.55,6385.67,9479.58,6536.26,6261.55
1328,8851.29,6078.78,5973.30,4968.63,7293.23,6149.62,5869.84
1329,8857.96,4966.02,5055.64,4032.46,5866.30,6084.61,6018.62
1330,8864.80,5278.32,5308.37,4332.45,6106.62,6313.44,6140.85
1331,8871.70,5361.37,5428.62,4370.27,6280.29,6311.63,6292.52
1332,8878.10,4297.88,4275.44,3604.16,5048.28,6601.12,6326.88
1333,8885.03,5808.46,5557.37,4341.28,7433.73,6328.56,6140.28
1334,8892.10,6405.49,6437.51,5569.22,7322.83,6447.72,6339.28
1335,8899.11,6320.94,6356.46,5309.82,7291.11,6467.63,6218.01
1336,8906.07,6873.35,6899.58,5713.60,7981.36,6331.27,6319.79
1337,8912.61,5328.50,5321.26,4137.79,6572.87,6188.34,5922.14
1338,8919.43,4762.96,4682.02,3823.47,5920.14,6580.06,6580.06
1339,8925.69,5079.23,4982.14,4125.71,6158.75,5823.63,5736.10
1340,8932.50,6863.80,6922.57,5514.06,7965.67,6259.29,6171.13
1341,8939.19,7290.75,7196.90,6275.68,8417.75,6266.61,6046.54
1342,8945.93,4664.16,4572.24,3704.24,5789.86,6121.95,5993.58
1343,8952.77,5799.36,5828.73,4698.36,6851.53,6153.73,5925.93
1344,8959.94,5621.36,5616.64,4511.62,6650.98,6639.48,6214.41
1345,8967.89,5433.35,5433.36,4618.51,6306.14,6423.80,6347.61
1346,8974.71,5652.95,5674.60,4900.43,6378.51,6345.11,6015.97
1347,8981.52,5586.69,5597.96,4425.94,6766.53,6179.43,5861.12
1348,8988.53,5935.05,5964.16,4910.16,6843.71,6388.39,6218.33
1349,8995.59,5771.52,5782.23,4376.47,7035.90,6451.69,6297.40
1350,9002.42,5258.60,5244.80,4353.24,6145.51,6368.52,6092.17
1351,9009.84,6695.29,6663.90,5678.54,7794.72,6715.52,6474.93
1352,9016.60,6216.88,6266.21,5233.41,7150.69,6028.33,6028.33
1353,9023.75,6302.09,6337.28,5077.52,7361.88,6545.93,6463.31
1354,9030.52,5384.96,5435.33,4414.99,6369.40,6432.06,6192.78
1355,9037.31,5357.90,5371.37,4541.44,6224.05,6428.96,6224.61
1356,9044.28,6371.68,6300.14,5098.17,7730.07,6445.12,6436.11
1357,9051.04,5202.70,5198.17,4355.28,6105.21,6291.96,6243.08
1358,9058.01,6081.80,6107.13,5278.47,6893.41,6488.49,6100.90
1359,9064.60,6413.41,6459.09,5456.05,7287.14,6212.04,6054.77
1360,9071.38,7102.99,7051.35,6151.81,8120.13,6054.89,5853.52
1361,9078.29,5912.57,5947.88,4868.69,6949.25,6463.80,6222.55
1362,9084.84,4919.32,4850.42,4023.72,5905.37,6045.12,6017.78
1363,9091.68,4947.16,5012.58,4040.92,5771.64,6305.59,6264.64
1364,9099.03,7080.83,6991.91,5766.13,8499.10,6454.40,6365.50
1365,9106.00,5806.12,5758.23,4856.81,6804.95,6295.90,6295.90
1366,9112.84,5372.34,5337.37,4322.73,6426.95,6125.33,6108.63
1367,9119.83,5021.84,4951.25,3942.37,6120.49,6332.91,6201.60
1368,9125.96,3086.00,2999.94,2477.54,3882.17,5817.17,5780.04
1369,9132.84,6456.80,6430.32,5374.78,7553.45,6433.41,6433.41
1370,9139.85,6075.47,6099.91,4951.29,7127.51,6272.75,6073.80
1371,9146.93,6384.72,6390.25,5205.94,7620.68,6277.00,6133.87
1372,9154.20,6719.04,6728.88,5602.90,7902.75,6118.83,5936.24
1373,9161.74,6600.66,6609.38,5641.37,7464.42,6458.20,6163.83
1374,9168.73,5048.19,4948.67,3824.52,6366.38,6170.48,5971.25
1375,9175.65,6213.02,6213.79,5252.17,7126.19,6503.60,6375.78
1376,9182.37,6154.49,6096.23,5254.08,7139.89,6238.64,6172.82
1377,9188.89,5446.96,5397.11,4624.70,6366.56,6094.17,5948.21
1378,9195.70,5823.57,5850.19,4786.34,6817.36,6246.84,6217.36
1379,9202.55,6083.05,6090.63,4691.60,7397.62,6146.89,6146.89
1380,9209.82,7433.10,7376.33,6368.79,8547.86,6077.92,6077.15
1381,9216.78,5652.82,5641.60,4445.86,6819.11,6274.37,6043.45
1382,9223.45,4931.79,4862.35,3925.14,6053.08,5921.58,5806.72
1383,9230.33,5996.91,6033.34,4495.80,7454.58,6120.39,5855.77
1384,9237.34,7002.24,7025.62,5732.17,8151.14,6179.54,6040.67
1385,9243.94,5626.09,5586.39,4449.56,6867.82,6286.34,6011.31
1386,9251.13,6661.79,6701.14,5591.82,7808.39,6501.41,6209.47
1387,9258.18,7848.26,7913.64,6527.69,9101.77,6271.38,6166.90
1388,9265.18,7117.59,7168.00,6080.08,8059.36,6276.27,5739.92
1389,9272.06,6273.41,6274.08,5113.65,7411.93,6161.59,6025.27
1390,9278.72,5137.75,5205.76,4105.34,5976.11,6154.81,5823.56
1391,9285.24,5484.00,5516.76,4414.02,6590.49,6080.64,6080.64
1392,9292.08,6793.61,6793.89,5732.58,7804.88,6208.37,6026.64
1393,9298.68,5125.79,5112.28,4343.78,5976.07,5918.12,5631.54
1394,9305.45,5022.31,5064.40,3938.14,6133.93,6165.34,6160.71
1395,9312.35,5935.14,5858.80,5074.61,6862.59,6401.87,6072.72
1396,9319.10,5047.17,4960.69,3874.36,6243.31,6297.62,6297.62
1397,9326.21,6336.33,6421.93,5179.44,7385.47,6412.24,6273.83
1398,9332.90,5561.33,5542.05,4584.09,6610.82,6190.72,5924.88
1399,9339.59,5342.32,5266.83,4305.36,6385.29,6019.62,5971.43
1400,9346.34,5838.47,5861.98,4745.05,7067.59,5917.45,5704.74
1401,9353.02,5182.93,5134.46,4123.96,6229.39,6168.87,5886.42
1402,9359.84,5688.10,5693.46,4495.56,6814.42,6335.17,6203.56
1403,9366.67,6193.71,6250.35,5177.68,7125.54,6409.53,6275.86
1404,9373.15,5347.70,5348.25,4435.37,6293.15,5825.58,5757.55
1405,9379.80,4988.73,4844.77,3930.55,6177.87,6175.92,5979.59
1406,9386.83,6072.16,6080.58,4959.67,7264.51,6383.16,6339.06
1407,9393.62,6442.57,6462.29,5528.74,7429.78,6263.25,6138.37
1408,9399.83,3988.74,3988.92,3287.83,4642.26,6145.44,6090.79
1409,9406.85,5718.94,5602.54,4848.44,6794.52,6322.56,6183.81
1410,9413.29,4367.78,4340.12,3533.24,5280.32,6445.62,6375.60
1411,9420.28,6717.10,6628.46,5749.08,7853.31,6611.01,6611.01
1412,9427.21,6074.25,6051.36,5094.26,7017.10,6384.10,6116.14
1413,9433.66,4666.54,4619.64,3791.64,5589.82,6213.66,6213.66
1414,9440.58,6130.87,6061.32,5041.91,7343.30,6425.60,6268.27
1415,9447.80,6901.21,6930.60,5627.58,8065.94,6406.03,6191.16
1416,9454.70,5477.17,5466.33,4577.15,6433.72,6504.83,6346.72
1417,9461.32,5517.88,5432.53,4595.42,6608.00,6193.61,5837.04
1418,9468.21,6033.29,6008.04,5049.67,6940.97,6409.86,6352.29
1419,9474.98,5547.59,5413.67,4603.07,6585.93,6363.61,6282.65
1420,9481.76,4624.77,4545.77,3567.32,5854.79,6719.38,6524.69
1421,9488.70,6680.14,6637.33,5606.82,7773.24,6262.15,6073.68
1422,9495.44,7132.28,7130.22,5569.10,8582.90,6327.72,6076.92
1423,9502.02,4604.21,4565.95,3618.54,5621.11,6133.25,6053.16
1424,9508.90,5131.69,5170.58,4315.95,5895.14,6375.70,6311.32
1425,9515.91,6352.29,6289.02,4931.18,7709.06,6335.72,6064.33
1426,9522.77,5635.73,5615.00,4657.97,6573.03,6527.01,6402.75
1427,9529.64,6873.32,6861.58,6030.01,7867.19,6196.56,6014.74
1428,9536.14,4570.83,4554.95,3502.74,5705.35,6125.59,6125.59
1429,9542.85,4962.43,4917.62,4048.64,5867.25,6558.06,6282.84
1430,9549.54,5406.94,5374.93,4502.97,6336.38,6386.87,6373.22
1431,9555.91,4552.03,4518.64,3626.58,5509.10,6129.93,5953.23
1432,9562.51,4759.79,4669.39,3976.98,5690.15,6241.50,6241.50
1433,9568.93,5036.13,4997.02,4272.02,5861.71,6217.19,6217.19
1434,9575.45,5806.42,5813.54,4837.42,6733.33,6055.69,5572.09
1435,9582.25,5404.95,5369.09,4320.71,6564.68,6288.34,6274.69
1436,9589.08,5238.88,5237.62,4177.95,6355.93,6234.77,6039.25
1437,9595.93,6828.26,6832.08,5551.21,8054.89,6152.44,6024.78
1438,9602.72,5838.68,5788.20,4907.83,6908.39,6248.22,5947.96
1439,9609.18,4958.25,4882.00,3887.91,6119.24,5939.68,5882.17
1440,9616.19,5848.99,5757.88,4816.17,6956.50,6312.14,5983.25
1441,9622.72,5092.37,5139.05,3954.33,6160.92,6153.79,6153.79
1442,9629.41,4937.76,4899.71,4002.84,5984.59,6038.44,5955.96
1443,9636.12,6312.39,6241.47,5184.07,7565.12,6102.47,5856.13
1444,9642.51,5291.68,5246.27,4396.47,6348.64,6039.05,5908.44
1445,9649.04,5861.64,5851.86,4687.18,7123.61,6115.22,6075.79
1446,9655.86,6474.66,6523.60,5348.15,7602.81,6222.39,5986.21
1447,9662.45,6248.19,6259.70,5274.88,7166.65,6081.25,5900.31
1448,9669.34,6544.21,6533.30,5394.51,7579.71,6262.53,6126.05
1449,9676.13,5635.62,5651.91,4549.74,6730.87,6207.77,5911.78
1450,9682.91,6788.06,6811.24,5451.09,8009.76,6045.51,5699.27
1451,9689.82,6812.76,6908.17,5437.52,7986.32,6260.92,6229.51
1452,9696.27,5444.84,5429.50,4421.01,6376.61,6276.13,6276.13
1453,9702.98,6296.16,6277.64,5219.01,7421.48,6070.71,5833.44
1454,9709.54,4839.56,4815.59,3503.75,6090.42,6310.79,5932.80
1455,9715.83,4772.67,4813.25,3854.18,5655.38,6354.21,5897.64
1456,9722.07,4237.14,4198.21,3291.14,5174.84,6298.14,5936.51
1457,9728.69,5580.47,5501.54,4620.26,6653.61,6038.37,6038.37
1458,9735.71,6605.52,6648.50,5286.95,7805.46,6149.39,6063.26
1459,9742.53,6340.21,6312.32,5392.67,7352.17,6168.64,5894.29
1460,9749.11,5568.38,5530.52,4385.76,6744.62,6132.94,5800.60
1461,9755.93,5726.44,5639.43,4731.86,6838.06,6198.43,5845.39
1462,9762.61,5996.64,5952.77,4938.93,7155.16,6108.00,6018.20
1463,9769.12,4585.12,4489.34,3702.17,5485.33,6222.08,5964.76
1464,9775.92,6463.57,6455.62,5510.04,7407.47,6239.28,6106.86
1465,9782.39,4758.24,4753.75,3761.07,5912.60,6175.55,5958.23
1466,9788.79,5844.24,5840.32,4922.33,6683.49,5953.00,5788.97
1467,9795.57,5283.30,5319.76,4383.40,6097.02,6005.63,5604.83
1468,9802.62,7085.63,7091.98,5824.35,8275.86,6186.89,6025.59
1469,9809.03,5670.52,5705.68,4477.96,6818.98,6027.41,6027.41
1470,9815.73,5242.02,5206.14,4551.28,5941.68,6227.38,6061.74
1471,9822.82,6702.89,6718.08,5269.57,8085.92,6470.77,6058.24
1472,9829.49,6268.31,6261.66,5258.51,7281.96,6172.61,5797.65
1473,9836.40,6050.53,6042.04,5076.51,7091.14,6171.85,6171.85
1474,9843.01,5310.69,5274.10,4283.75,6340.94,6073.34,5981.67
1475,9849.70,5204.12,5177.36,4237.22,6236.51,6152.89,5929.23
1476,9856.05,4284.85,4292.33,3423.98,5057.99,6056.93,6056.93
1477,9862.38,4711.55,4755.89,3821.25,5656.57,5814.89,5814.89
1478,9869.11,6476.59,6508.63,5326.42,7597.83,6040.94,6040.94
1479,9875.50,5507.93,5447.49,4473.83,6535.75,5912.19,5767.91
1480,9882.18,6275.99,6199.33,5246.89,7289.86,6218.43,6218.43
1481,9888.36,4600.52,4552.58,3793.12,5546.53,6058.79,5643.93
1482,9894.74,4414.69,4317.86,3758.01,5171.69,5925.23,5788.26
1483,9901.37,5612.99,5551.31,4279.24,6950.15,5997.38,5727.79
1484,9908.06,4948.25,4880.06,4073.23,5985.40,5983.94,5731.82
1485,9914.83,6829.65,6855.39,5768.31,7823.16,6148.17,6120.00
1486,9921.57,6152.41,6199.62,5023.96,7247.13,6057.67,5749.56
1487,9928.33,5612.87,5572.88,4496.71,6716.52,6250.57,5925.30
1488,9934.63,5427.18,5352.71,4325.66,6537.88,5958.15,5916.85
1489,9941.28,6007.40,5879.69,4860.16,7310.01,5940.81,5820.31
1490,9948.05,6795.20,6799.83,5728.86,7820.83,6365.89,6184.67
1491,9954.51,4616.22,4589.73,3923.12,5302.86,6188.94,6056.67
1492,9961.27,7227.52,7267.58,5863.40,8509.93,6170.57,6082.40
1493,9968.18,6330.53,6247.56,5150.42,7517.67,6106.08,6010.59
1494,9974.67,5588.27,5524.79,4693.85,6551.76,5830.08,5688.37
1495,9980.98,4862.79,4885.68,3602.64,6103.61,6165.69,6041.50
1496,9987.45,4654.57,4695.62,3649.01,5730.46,6061.28,5982.92
1497,9993.93,5419.59,5470.73,4519.06,6323.51,6313.46,5912.35
1498,10000.52,4687.68,4717.22,3597.44,5639.42,6380.16,6111.23
1499,10007.21,6493.42,6410.33,5325.74,7785.73,6113.35,5778.14
1500,10013.51,5101.41,5028.02,4350.87,5952.82,6183.15,5952.36
1501,10020.09,7075.87,7164.29,5892.55,8289.98,5878.67,5730.24
1502,10026.41,4725.19,4710.71,4055.98,5542.30,6022.57,5776.76
1503,10033.19,5756.85,5741.05,4588.79,6972.70,6301.10,6283.81
1504,10040.04,5995.29,5933.32,4933.40,7140.17,6350.91,6164.21
1505,10046.90,6349.66,6420.21,5305.24,7449.56,6387.16,6169.88
1506,10053.77,6746.41,6667.38,5542.16,8080.83,6428.15,6105.61
1507,10060.26,4182.70,4160.79,3466.50,5018.60,6204.00,6204.00
1508,10066.82,5389.65,5454.67,4323.54,6459.85,6367.01,6071.27
1509,10073.24,4367.40,4325.38,3281.44,5470.00,6096.50,5822.06
1510,10079.47,4064.14,3987.20,3626.27,4660.58,6096.68,5885.95
1511,10086.03,6101.91,5999.50,5248.50,7168.30,6052.91,5869.58
1512,10092.65,5395.15,5337.58,4410.36,6565.82,6182.37,6182.37
1513,10099.07,4774.92,4742.45,3782.32,5914.84,6187.50,5885.23
1514,10105.57,5855.30,5808.91,4735.65,7052.57,6154.29,5892.85
1515,10112.51,7421.36,7463.68,6071.08,8614.23,6149.69,5932.93
1516,10119.30,6980.38,7024.16,5832.29,8145.86,5978.63,5978.63
1517,10125.44,4160.69,4146.21,3455.20,4864.98,5910.90,5707.75
1518,10131.74,3914.36,3832.38,2669.29,5298.69,5995.78,5800.79
1519,10138.67,6056.51,5939.14,5000.32,7118.84,6402.70,6031.43
1520,10144.61,3637.21,3591.98,3114.37,4227.11,5906.74,5906.74
1521,10151.03,5224.85,5196.36,4568.66,5901.09,6207.30,5995.48
1522,10157.79,5948.58,5893.15,4859.02,7321.56,6255.83,6161.68
1523,10164.13,5030.31,4986.83,4258.50,5861.92,5990.08,5844.56
1524,10170.80,5389.54,5440.77,4390.68,6300.11,6332.89,5968.34
1525,10177.40,5542.96,5584.53,4804.09,6262.30,6373.72,6038.66
1526,10183.97,5519.95,5562.43,4274.80,6813.25,5941.60,5731.40
1527,10190.86,6968.02,6978.86,5719.93,8196.18,6135.33,6020.38
1528,10197.58,5596.84,5635.06,4776.91,6342.64,6165.83,6121.38
1529,10203.77,4664.73,4615.89,3936.16,5490.48,5934.16,5783.76
1530,10210.33,6228.77,6168.89,5256.08,7242.73,6106.71,5641.11
1531,10217.19,6412.16,6343.19,5473.08,7424.92,6209.08,6021.92
1532,10223.39,4823.88,4818.04,3712.96,5930.15,5825.44,5661.54
1533,10230.20,6580.70,6574.95,5403.02,7712.63,6328.32,6135.76
1534,10236.48,5518.38,5596.59,4559.59,6471.98,6060.66,5984.37
1535,10243.01,6127.79,6104.13,4896.21,7338.60,5894.50,5801.93
1536,10249.87,5315.63,5263.79,4074.36,6623.53,6226.76,6092.18
1537,10256.17,4341.71,4272.86,3575.89,5304.80,6007.42,5743.57
1538,10262.82,6395.76,6397.91,4837.15,7947.56,6011.76,5923.27
1539,10269.52,5115.12,5080.79,4124.61,6110.54,6164.97,5921.38
1540,10276.24,5416.18,5462.67,4644.42,6169.07,6322.15,6107.22
1541,10283.05,5767.79,5642.78,4536.04,7115.52,6355.48,6127.59
1542,10289.78,6094.45,6072.88,5257.24,7030.19,6215.91,5974.28
1543,10296.07,4825.26,4753.00,4041.85,5630.55,5804.17,5688.85
1544,10302.72,6011.80,5913.82,5179.29,6994.87,6148.47,5997.63
1545,10309.55,5918.23,5929.02,4974.83,6992.56,6340.47,6147.75
1546,10316.01,6186.25,6283.06,4900.92,7476.80,5986.96,5709.70
1547,10322.35,4547.85,4439.06,3751.40,5456.00,6241.39,5922.44
1548,10329.25,7053.60,7091.86,5912.50,8216.38,6299.97,6299.97
1549,10336.30,7810.74,8035.69,5880.62,9205.27,6290.46,5997.95
1550,10342.89,6046.61,6194.60,4521.97,7351.09,6085.61,5982.98
1551,10349.58,6504.23,6566.79,5435.83,7478.26,6137.62,6113.22
1552,10355.62,4359.90,4399.06,3437.91,5344.41,6087.67,5847.33
1553,10362.13,4607.17,4606.53,3785.46,5390.60,6310.57,6310.57
1554,10368.82,6582.69,6530.44,5445.23,7693.25,6218.53,6089.11
1555,10375.67,6298.45,6331.38,5418.75,7171.48,6386.41,6280.92
1556,10382.20,6243.32,6211.92,5273.36,7293.98,6112.17,5963.54
1557,10388.78,5089.65,5153.47,4052.83,6109.39,6106.06,5840.79
1558,10395.44,5713.88,5646.80,4708.32,6720.37,6150.02,5885.67
1559,10402.12,5555.92,5529.50,4692.98,6489.47,6210.87,5955.74
1560,10408.32,4172.36,4110.04,3495.41,4982.15,6156.71,5829.49
1561,10415.38,5798.32,5759.30,4983.47,6673.98,6550.84,6320.47
1562,10421.94,4884.77,4808.90,3987.36,5727.10,6300.58,6202.81
1563,10428.89,6676.67,6671.86,5496.56,7907.86,6348.15,6312.70
1564,10436.00,6914.77,6932.73,5929.22,7946.86,6411.09,6303.06
1565,10442.85,5592.65,5631.59,4476.74,6712.78,6412.72,6252.13
1566,10449.31,4524.63,4476.24,3719.96,5477.86,6231.84,5995.55
1567,10456.29,4968.33,5013.84,4045.36,5869.25,6645.39,6232.18
1568,10462.84,5711.75,5706.00,4736.41,6748.15,6237.90,6237.90
1569,10469.61,6625.54,6592.20,5488.12,7831.12,6430.75,5999.47
1570,10476.25,4486.32,4470.25,3544.94,5390.33,6597.80,6597.80
1571,10483.45,6996.98,7065.73,5552.62,8261.43,6436.61,6071.94
1572,10490.08,5642.57,5561.51,4670.51,6768.05,5982.07,5662.76
1573,10495.97,3704.73,3759.46,2991.69,4341.46,5935.29,5478.87
1574,10502.54,6605.12,6527.00,5486.37,7816.79,5941.22,5937.48
1575,10509.06,4369.09,4254.16,3530.15,5449.30,6018.01,6018.01
1576,10515.47,5352.72,5437.59,4423.49,6272.51,5991.85,5725.29
1577,10522.22,6405.41,6399.04,5204.02,7631.98,6209.39,5895.98
1578,10528.73,5276.23,5223.39,4526.13,6139.62,6367.14,6182.09
1579,10535.54,5304.75,5247.85,4372.94,6339.37,6555.22,6555.22
1580,10542.16,5584.81,5580.51,4694.27,6561.68,6228.97,6012.72
1581,10549.03,7210.64,7069.62,5812.48,8891.90,6371.36,6290.40
1582,10555.77,7077.89,7031.06,5936.90,8209.43,6089.36,5952.08
1583,10562.30,5310.06,5372.31,4363.29,6154.07,6019.42,5785.58
1584,10569.28,6135.08,6154.06,5153.01,7276.13,6569.21,6301.87
1585,10575.78,5105.28,5077.23,4056.30,6241.71,6063.32,5960.50
1586,10582.66,5456.27,5424.24,4496.72,6403.01,6535.31,6187.89
1587,10588.72,3605.60,3544.06,2854.65,4288.66,5955.39,5569.56
1588,10595.66,7378.60,7262.08,6078.67,8798.10,6169.08,6169.08
1589,10602.42,7420.57,7478.87,6171.57,8553.67,6336.05,5918.04
1590,10609.25,5602.25,5609.78,4635.18,6499.96,6569.61,6569.61
1591,10615.89,5189.25,5163.53,4077.97,6298.03,6228.96,6055.10
1592,10622.23,3795.07,3771.28,3009.85,4769.13,6194.46,5931.25
1593,10629.19,5803.50,5727.71,4781.49,7106.23,6462.46,6354.52
1594,10635.98,6108.88,6170.17,5110.73,7062.18,6174.86,6174.86
1595,10642.75,5453.76,5421.44,4728.08,6318.44,6454.01,6309.56
1596,10649.40,5629.52,5604.93,4645.13,6549.02,6064.66,5984.84
1597,10655.79,5022.01,5037.05,4115.37,5916.20,6417.48,6417.48
1598,10662.82,6969.77,7049.61,5868.83,8104.88,6324.48,6051.51
1599,10669.67,6933.70,6889.03,5493.94,8360.50,6055.59,5849.62
1600,10676.07,5161.23,5163.83,4128.92,6159.53,6033.70,5638.19
1601,10682.92,6337.92,6240.47,5281.30,7408.13,6382.11,6215.77
1602,10689.65,4670.08,4661.57,3401.72,5917.31,6268.27,6192.32
1603,10696.75,6886.77,6879.11,5788.80,8034.16,6472.61,6356.58
1604,10703.32,5202.51,5190.76,4036.95,6436.12,6284.97,6054.42
1605,10710.11,5592.83,5589.61,4659.26,6651.57,6474.10,6244.27
1606,10716.79,5378.75,5481.56,4268.54,6413.52,6121.83,5759.34
1607,10723.70,6252.94,6274.13,5241.20,7321.42,6298.15,6216.48
1608,10730.29,5375.32,5327.95,4432.79,6363.79,6264.18,5973.02
1609,10736.81,5519.73,5514.29,4620.46,6412.31,5954.56,5723.78
1610,10743.33,5514.18,5618.02,4378.67,6653.37,5965.97,5685.37
1611,10750.04,5816.68,5771.29,4907.27,6646.15,6381.16,6088.68
1612,10756.74,5761.66,5804.17,4804.44,6761.22,6407.11,6081.48
1613,10763.43,5186.06,5149.21,4120.00,6252.29,6353.77,6138.85
1614,10770.50,5925.34,5893.49,4663.08,7244.43,6230.68,5981.83
1615,10777.29,6196.63,6139.95,5248.79,7327.94,6425.15,6340.33
1616,10784.02,5869.97,5920.76,4791.45,6794.38,6503.49,6405.81
1617,10790.84,5645.99,5571.88,4492.72,6834.29,6408.98,6202.73
1618,10797.22,5442.17,5334.17,4345.22,6755.98,6140.68,6019.23
1619,10803.42,4881.75,4859.53,4172.96,5573.38,5996.27,5833.95
