# name=slotBase1 generations=344 population=200 games=200 startFrom=None stage1Games=20 mutationRate=1.0 sigma=0.05 elites=3 keepPart=0.1 minStartHeight=0 maxStartHeight=None zeroFraction=0.0 steerSmoothing=0.5 stableSlots=(3,2,1,2) monsterFraction=0.0 monsterMult=1.0 fast=True actionRepeat=1
gen,elapsed_s,mean,median,p10,p90,best,chosen
1,1.38,208.75,212.81,155.81,251.74,287.47,258.84
2,1.92,242.70,253.61,178.87,292.45,312.78,256.41
3,2.47,212.65,216.27,185.08,233.01,313.80,297.58
4,3.01,214.93,216.37,189.14,243.33,292.15,269.80
5,3.56,228.60,228.45,195.28,261.77,290.75,271.01
6,4.24,235.31,233.68,201.67,271.13,290.88,252.79
7,4.83,248.61,250.25,190.20,301.64,290.46,277.31
8,5.37,276.86,283.66,204.03,333.38,282.01,258.43
9,5.84,265.26,268.61,221.23,302.02,297.98,279.90
10,6.45,225.42,219.00,170.89,289.39,305.18,285.48
11,7.11,227.06,228.02,191.34,262.93,322.23,291.63
12,7.78,257.97,258.85,184.52,342.12,327.29,294.58
13,8.47,243.95,248.82,171.63,298.54,380.49,380.49
14,9.13,257.61,268.24,178.78,324.99,376.51,314.29
15,9.78,272.04,267.75,207.96,333.50,402.35,397.64
16,10.38,243.75,248.74,181.94,297.86,411.60,392.76
17,11.04,285.87,272.33,194.22,392.99,433.68,389.69
18,11.73,293.88,302.35,199.43,389.26,452.84,403.92
19,12.39,302.50,290.06,211.22,429.23,500.23,427.05
20,13.06,288.03,287.36,184.34,390.25,590.91,568.54
21,13.72,316.15,306.40,187.16,465.50,588.75,588.75
22,14.43,330.26,290.55,205.52,536.81,598.40,553.19
23,15.11,363.58,358.64,248.08,494.11,614.83,614.83
24,15.82,381.72,374.80,176.29,592.40,687.60,573.43
25,16.48,400.38,384.02,206.58,627.69,675.99,640.56
26,17.17,403.93,422.48,220.46,586.68,749.75,749.75
27,17.89,410.66,413.73,229.61,599.10,724.78,694.73
28,18.63,416.75,403.65,190.62,660.90,788.45,705.68
29,19.39,491.75,480.72,209.29,796.65,919.43,919.43
30,20.13,483.46,452.59,230.87,759.16,938.13,846.38
31,20.95,578.26,575.72,210.31,964.93,1010.83,1010.83
32,21.78,527.01,519.91,193.32,834.29,1159.57,988.49
33,22.60,576.93,596.36,201.22,933.51,1164.74,1083.28
34,23.51,675.85,668.76,234.09,1153.16,1283.81,1138.11
35,24.41,713.41,690.45,189.50,1241.07,1369.72,1361.77
36,25.34,687.20,741.58,238.54,1051.09,1501.79,1501.79
37,26.30,737.82,773.74,238.78,1169.75,1363.85,1363.85
38,27.27,812.81,831.01,295.00,1382.81,1528.23,1357.40
39,28.27,856.78,858.45,276.53,1466.04,1584.63,1584.63
40,29.26,761.62,740.58,320.17,1191.17,1673.54,1580.71
41,30.29,1010.63,1109.58,284.52,1642.42,1769.01,1744.12
42,31.33,918.15,943.80,343.33,1467.79,1928.10,1928.10
43,32.45,1104.06,1171.81,367.52,1745.62,1972.97,1743.97
44,33.62,1150.19,1181.28,436.84,1781.16,2300.49,2014.61
45,34.81,927.33,964.88,368.73,1398.71,2384.82,2047.58
46,36.00,1162.98,1153.40,381.88,1869.80,2686.01,2686.01
47,37.19,1148.61,1225.33,420.39,1750.64,2592.71,2592.71
48,38.59,1383.82,1435.44,325.73,2422.54,2736.96,2726.47
49,39.94,1416.08,1461.26,318.74,2435.47,3026.71,3026.71
50,41.33,1443.16,1395.77,388.77,2499.53,2621.18,2552.54
51,42.74,1435.20,1543.48,400.71,2310.00,2937.92,2676.98
52,44.33,1687.50,1789.54,466.71,2759.86,3304.65,3304.65
53,45.82,1407.25,1455.12,347.02,2347.42,3486.23,3486.23
54,47.38,1501.60,1643.98,348.04,2384.30,3271.40,3271.40
55,48.96,1796.18,1945.04,441.80,2960.45,3254.70,3254.70
56,50.52,1687.88,1745.08,461.49,2736.61,3266.48,3242.54
57,52.26,1842.17,1985.08,550.29,2976.09,3461.45,3063.21
58,53.93,1983.23,1999.96,684.04,3153.82,3917.60,3512.34
59,55.62,1945.87,2038.35,691.93,3065.88,3925.69,3925.69
60,57.36,2070.80,2051.92,764.99,3229.75,3868.46,3695.60
61,59.30,2488.83,2655.56,780.75,3934.58,4049.45,4011.70
62,61.23,2389.25,2522.04,858.40,3665.43,3870.92,3870.92
63,62.96,2057.19,2215.71,496.57,3299.22,3998.33,3998.33
64,64.82,2253.07,2384.79,435.78,3783.99,4174.29,4058.66
65,66.66,2278.44,2418.41,683.99,3481.50,4113.76,3825.21
66,68.49,2125.20,2387.60,602.46,3367.12,4313.20,4313.20
67,70.48,2591.70,2790.32,453.41,4310.06,4512.61,4512.61
68,72.43,2329.32,2433.90,630.63,3866.42,4453.90,4410.62
69,74.38,2362.45,2538.46,616.04,3803.95,4472.40,4394.18
70,76.29,2163.95,2294.03,509.15,3576.74,4177.64,4177.64
71,78.24,2434.58,2580.41,612.56,3934.02,4669.57,4669.57
72,80.24,2518.24,2906.27,490.99,4055.12,4379.06,4208.62
73,82.30,2580.48,2767.79,415.25,4143.82,4429.86,4269.22
74,84.24,2284.34,2340.35,448.35,3859.89,4241.49,3889.87
75,86.21,2099.18,2140.07,639.51,3419.93,4584.40,4425.37
76,88.21,2705.11,2815.31,566.70,4486.92,4508.94,4508.94
77,90.19,2373.18,2604.85,457.45,4095.65,4443.55,4111.43
78,92.33,2329.58,2416.64,364.78,3991.11,4698.45,4379.23
79,94.49,2266.25,2272.03,639.40,3618.98,4489.27,4125.90
80,96.55,2277.18,2486.70,495.70,3884.43,4627.29,4251.23
81,98.56,2385.01,2641.87,307.89,4074.10,4788.71,4788.71
82,100.61,2839.69,3032.43,323.46,4894.32,4830.00,4525.09
83,102.81,2743.84,2824.46,571.05,4682.31,4854.78,4409.38
84,104.72,1976.24,2189.58,251.99,3415.90,4675.92,4230.96
85,106.79,2491.80,2697.37,504.95,4047.81,4523.92,4500.01
86,108.83,2613.97,2702.57,741.66,4345.54,4458.23,4458.23
87,111.00,3009.90,3179.86,574.37,5193.16,5170.82,5170.82
88,113.00,2355.63,2537.71,544.43,3783.93,4839.81,4839.81
89,115.23,2757.74,2839.48,549.82,4554.95,5284.93,5035.97
90,117.38,2621.34,2845.19,604.66,4293.74,5101.49,4906.01
91,119.66,3115.08,3395.35,533.17,4862.23,5013.87,4863.88
92,122.04,3102.49,3444.25,595.79,5027.60,5171.04,5171.04
93,124.27,2622.70,2737.02,466.01,4622.71,4991.77,4479.55
94,126.66,2792.34,2970.39,684.08,4463.85,5461.44,5461.44
95,128.92,3085.26,3447.07,696.87,4750.57,4917.60,4625.05
96,131.17,3002.56,3062.89,706.19,5020.46,5089.26,5080.08
97,133.27,2557.73,2842.17,391.96,4212.20,4925.18,4925.18
98,135.43,2694.05,2891.75,1036.67,4113.66,5187.04,5019.58
99,137.77,2807.57,2983.50,618.15,4583.74,5349.13,5349.13
100,140.09,3041.71,3385.02,728.42,4509.47,5672.15,5432.90
101,142.39,2725.34,2808.90,363.77,4950.79,5373.93,5179.10
102,144.72,3143.79,3508.10,627.72,4871.92,5512.82,5021.84
103,147.15,3491.94,3733.24,539.12,5611.51,5691.78,5691.78
104,149.63,2905.13,3139.43,1035.45,4476.16,5233.13,5223.18
105,152.13,2947.87,3150.27,1516.23,4197.17,5481.59,5419.04
106,154.74,3620.73,3858.57,1162.10,5351.90,5629.04,5235.56
107,157.02,2686.18,2752.05,1121.46,3839.78,5468.32,5188.14
108,159.49,3746.53,4022.14,1430.14,5324.52,5326.05,4991.54
109,162.01,3446.40,3758.37,1467.69,4986.02,5508.33,5508.33
110,164.71,4111.13,4384.35,1237.58,6271.98,5744.17,5481.53
111,167.21,3402.63,3857.46,833.76,4892.48,5373.75,5373.75
112,169.86,3813.28,4104.19,1462.71,5517.63,5589.10,5443.68
113,172.19,2998.48,3193.91,1140.79,4372.93,5537.96,5537.96
114,174.66,3324.06,3493.26,1068.67,5169.55,5599.39,5145.12
115,176.97,2990.63,3328.69,1027.76,4163.60,5199.47,4903.60
116,179.45,3816.71,4013.35,1756.00,5781.36,5866.62,5496.68
117,181.96,3700.25,3966.64,1743.54,5366.06,5496.57,5344.52
118,184.63,3794.39,4187.34,1076.60,5830.33,5941.56,5904.05
119,187.22,3769.97,4071.83,1339.79,5419.34,5406.35,4945.85
120,189.91,4095.43,4472.91,1425.93,6047.18,5742.51,5541.18
121,192.47,3642.10,3888.05,1872.15,5131.70,5564.21,5213.01
122,194.81,2802.08,2960.21,1282.94,3984.03,5353.94,5353.94
123,197.42,4055.28,4267.75,1585.14,6095.86,5624.54,5525.35
124,200.05,3705.12,4060.77,957.76,5615.29,6165.53,6064.71
125,202.71,3982.94,4339.00,1235.72,6124.37,6058.03,6058.03
126,205.27,4081.10,4423.40,1759.40,5789.01,5461.29,5110.68
127,207.87,3453.69,3699.69,1722.39,4925.12,5779.08,5765.98
128,210.47,3591.81,3739.45,1008.28,5888.38,5953.01,5819.11
129,213.05,3484.99,3664.36,773.03,5788.29,5980.69,5980.69
130,215.44,2714.24,3078.82,663.68,4226.06,5745.72,5745.72
131,217.96,3395.91,3586.49,878.56,5095.81,5689.23,5657.57
132,220.44,3274.35,3386.44,621.47,5533.37,6191.57,5935.07
133,223.17,4038.58,4390.58,1578.94,5763.13,6392.19,6392.19
134,225.65,3113.89,3487.79,876.90,4638.28,6044.62,5933.96
135,228.35,4071.75,4098.90,1495.68,6343.85,6056.92,5638.44
136,230.99,3832.28,3888.98,1272.50,6163.65,6165.79,5741.91
137,233.58,3825.78,3939.82,1966.92,5553.73,6003.15,6003.15
138,236.16,3214.50,3354.32,1836.09,4505.27,5799.22,5591.89
139,238.72,3283.76,3322.80,1698.59,4745.30,6334.65,6334.65
140,241.32,3642.27,3708.50,1427.36,5551.10,6389.43,5955.11
141,243.88,3513.77,3556.71,1618.26,5306.72,6489.11,6109.94
142,246.54,4206.75,4659.86,1083.28,6291.47,6132.35,5977.16
143,249.24,3779.30,4025.43,1305.33,5635.44,6330.10,6077.08
144,251.85,3493.04,3788.04,1370.24,5148.74,6645.33,6541.40
145,254.38,3541.82,3770.46,1630.12,5248.96,6304.95,6304.95
146,257.04,3498.28,3715.61,1482.10,5260.93,6245.37,6138.84
147,259.80,4311.03,4710.54,1453.08,6634.01,6714.82,5924.81
148,262.18,2900.46,3027.87,811.77,4600.17,5894.19,5477.14
149,264.75,3669.08,3782.33,951.78,5865.63,5827.39,5791.69
150,267.41,3841.88,4219.91,1124.79,5853.25,6350.80,5724.36
151,269.90,3326.19,3564.47,1252.87,4782.18,5949.00,5949.00
152,272.63,4218.92,4407.91,2103.59,6046.06,6498.89,5978.35
153,275.10,3355.78,3550.00,1261.20,5310.19,6158.57,6158.57
154,277.81,3892.70,4182.79,1502.76,5755.12,6363.26,6305.59
155,280.41,3550.37,3822.12,1492.22,5037.70,6630.59,6630.59
156,283.22,4298.03,4458.58,2225.05,6048.69,6695.38,6368.36
157,286.10,4453.10,4616.95,2217.47,6261.15,6410.47,6410.47
158,289.02,4689.49,5125.25,1869.27,6877.58,6545.87,6479.86
159,291.79,4029.61,4215.80,2442.00,5377.55,6707.20,6707.20
160,294.51,4145.41,4307.24,2120.49,5972.43,6772.52,6772.52
161,297.26,4564.06,4937.47,2020.32,6300.76,6048.05,6048.05
162,299.94,4042.55,4438.14,1556.32,5746.94,5979.37,5949.40
163,302.65,4554.93,4803.08,1923.42,6646.49,5728.71,5386.00
164,305.39,4219.90,4630.17,2125.75,5755.58,6540.51,6477.12
165,308.19,4021.23,4103.02,2226.11,5600.97,6438.27,6324.59
166,310.89,4135.58,4310.62,1798.04,5977.70,6310.89,6145.01
167,313.81,4783.33,4998.71,2848.30,6645.15,6961.72,6711.62
168,316.66,4479.64,4850.46,2618.37,5808.43,6236.24,6103.67
169,319.30,4054.45,4359.17,1666.67,5841.81,6620.41,6020.70
170,322.00,4092.13,4209.49,1554.70,5966.62,5960.63,5745.17
171,324.88,4532.74,4718.62,2652.14,6218.60,6395.61,6301.13
172,327.71,4201.25,4387.84,1887.99,6056.36,6613.07,6353.94
173,330.41,4651.22,4901.54,2527.51,6472.38,6347.74,6165.56
174,333.10,3924.36,4259.39,1668.23,5555.53,5976.63,5572.81
175,335.87,3956.57,4288.16,1855.39,5464.83,6231.51,6110.75
176,338.75,4580.60,4569.54,2232.34,6679.30,6758.59,6307.22
177,341.49,4324.51,4672.98,1873.83,5983.70,6430.65,5991.34
178,344.27,3840.30,4098.37,1244.45,5771.19,6311.36,6168.61
179,347.00,3817.31,4039.81,1792.61,5265.17,6518.99,5829.18
180,349.79,4172.46,4389.79,1913.59,6033.51,6389.09,6301.36
181,352.79,4580.28,4790.77,2149.31,6915.09,7018.05,6664.53
182,355.81,4946.16,5395.86,2005.44,7007.92,6822.43,6411.64
183,358.67,3903.08,4189.14,1644.42,5567.08,6818.38,6201.73
184,361.51,4332.23,4735.51,1439.77,6228.31,6223.65,6048.44
185,364.20,3728.04,3896.67,2105.20,5065.29,6219.97,6089.12
186,367.01,4303.26,4720.67,1331.80,6352.54,6659.71,6652.82
187,369.88,4312.83,4685.59,1633.09,6416.86,6255.74,6065.95
188,372.73,4694.53,4914.31,2299.32,6885.03,6437.15,6405.74
189,375.51,3990.84,4090.01,2141.74,5512.31,6644.21,6564.57
190,378.51,4727.60,5128.97,2103.00,6517.49,6422.34,6422.34
191,381.30,3899.72,4079.98,1713.49,5655.87,6329.19,6329.19
192,384.17,4797.88,5073.17,2484.58,6514.53,6719.28,6101.25
193,387.02,4560.99,4749.00,2207.71,6518.82,6944.26,6944.26
194,390.13,4981.53,5204.60,2545.59,6793.56,7224.73,7224.73
195,393.09,4282.90,4533.09,2327.47,5910.39,6966.42,6946.34
196,396.16,4664.96,4916.09,1900.88,6906.44,6947.94,6947.94
197,399.06,4008.15,4231.06,1683.06,5793.73,6774.26,6294.55
198,401.97,4151.31,4233.99,2255.12,5923.45,6867.56,6142.71
199,404.83,4230.01,4413.00,2441.19,5859.67,6694.97,6433.88
200,407.71,4891.63,5020.55,3091.42,6458.20,6779.18,6244.41
201,410.78,5136.03,5323.88,2857.79,6767.30,7377.90,7302.85
202,413.87,4405.18,4606.81,2537.45,5880.37,6956.49,6956.49
203,417.03,5616.09,5903.20,2956.95,7880.69,7087.38,7087.38
204,420.13,4868.91,5146.25,2730.43,6754.12,7353.65,7259.98
205,423.14,4970.03,5393.30,2662.33,6594.56,6962.41,6406.63
206,426.23,4835.90,5161.61,2718.74,6436.02,6861.30,6861.30
207,429.16,4121.47,4462.66,1397.51,6163.97,7113.22,6736.98
208,432.34,5231.82,5556.50,1984.00,7439.71,7116.29,6705.00
209,435.45,5414.55,5767.94,2495.84,7297.93,7018.79,6594.31
210,438.61,4987.94,5165.25,3095.35,6544.67,6677.61,6677.61
211,441.76,4736.40,5096.25,2445.06,6268.84,6972.74,6972.74
212,444.90,4890.88,5153.16,2684.06,6678.93,7176.34,7176.34
213,447.94,4567.96,4670.84,2405.41,6658.51,6428.64,6166.51
214,451.00,5231.94,5648.53,2260.38,7229.81,7184.25,7107.62
215,454.29,5365.86,5748.62,2971.57,7036.26,6977.77,6687.41
216,457.71,5684.87,5906.20,3251.67,7583.20,6813.04,6808.60
217,460.89,5376.70,5651.98,2914.39,7245.94,7214.70,6653.67
218,464.09,5395.09,5857.26,2636.74,7519.57,6919.69,6717.48
219,467.26,5249.79,5569.18,2602.55,6917.15,6967.85,6566.99
220,470.42,5306.87,5577.95,3291.51,6916.70,6709.41,6551.83
221,473.39,3957.19,3912.67,2131.09,5668.85,6653.20,6646.48
222,476.46,4533.94,4626.15,2664.83,6204.76,6912.17,6912.17
223,479.32,4254.62,4429.56,2580.19,5818.07,7095.99,6997.06
224,482.35,5259.22,5368.42,3420.56,6804.83,6945.48,6945.48
225,485.45,4853.35,5072.22,2517.33,6766.45,7045.95,6440.79
226,488.43,4299.18,4551.14,2170.91,5991.18,7151.02,7151.02
227,491.59,5299.10,5664.56,3028.87,7359.48,6897.19,6881.12
228,494.71,4930.04,5024.92,2892.16,6830.49,7225.30,7225.30
229,497.94,4702.99,4816.23,2414.65,6750.75,7288.38,6945.44
230,501.10,5590.14,5840.87,2728.06,7700.64,6815.19,6811.57
231,504.33,5407.27,5880.09,2512.72,7574.79,7136.30,6822.48
232,507.53,4988.54,5359.79,2056.31,7164.61,7688.80,7688.80
233,510.46,4665.06,4983.68,1714.48,6822.74,7143.62,7143.62
234,513.26,4278.04,4457.70,2348.69,5767.95,6746.88,6746.88
235,516.20,4685.30,5015.46,2122.74,6620.45,7098.16,6889.52
236,519.30,4900.21,5135.55,2949.61,6667.18,7167.29,7114.98
237,522.35,4846.70,5239.81,2083.13,6515.31,6948.81,6916.05
238,525.33,4703.85,5049.75,1984.93,6931.22,6747.15,6478.47
239,528.38,4646.28,4859.02,1754.79,6833.67,7556.10,7556.10
240,531.47,5315.15,5850.22,1977.85,7811.96,7106.83,6871.09
241,534.61,4451.01,4833.16,1759.04,6354.22,6837.70,6176.14
242,537.69,4645.83,4854.94,2544.63,6539.78,6696.71,6696.71
243,540.89,5023.53,5155.40,2547.86,7155.72,6829.42,6410.10
244,543.78,4401.97,4755.75,1949.74,6133.60,7008.90,6913.10
245,546.70,4063.84,4459.35,1305.08,5959.15,6889.16,6444.93
246,549.56,4437.54,4775.29,1322.50,6743.01,7351.61,7351.61
247,552.57,4502.58,5020.96,1989.74,6278.45,6998.33,6508.29
248,555.64,4730.89,4986.98,2183.42,6469.50,6902.81,6830.98
249,558.77,5302.87,5641.34,2844.65,7219.13,6715.38,6167.43
250,562.06,5157.24,5523.42,1929.79,7528.91,7602.77,7192.97
251,565.17,5349.47,5677.76,3176.01,6988.51,6679.98,6523.35
252,568.45,5640.77,5870.81,3384.07,7865.36,7121.88,6841.26
253,571.49,4633.19,4811.15,3106.65,5884.50,6961.41,6387.60
254,574.71,5270.17,5455.33,3098.90,6967.14,6881.42,6427.25
255,577.96,5830.80,6209.73,3686.40,7392.13,7144.56,6885.34
256,581.09,5406.64,5672.08,3555.84,6801.30,6831.48,6483.95
257,584.26,5649.25,5901.59,3941.73,7169.34,6876.78,6787.13
258,587.43,5463.54,5662.21,3358.90,7204.32,6914.02,6914.02
259,590.80,6233.64,6460.96,3876.20,8266.59,7232.50,7177.46
260,594.05,6109.00,6609.39,2467.80,8093.57,6983.33,6726.05
261,597.13,5465.62,5794.84,3205.66,6986.64,6855.66,6672.44
262,600.35,5995.51,6223.08,2725.77,8365.54,6964.79,6642.34
263,603.47,4935.03,5289.23,3012.82,6324.71,6530.75,5971.55
264,606.44,4893.58,4936.51,3155.54,6684.24,6897.44,6370.71
265,609.61,5537.11,5626.81,4044.76,7044.16,7259.24,7035.94
266,612.92,5506.75,5710.95,3275.66,7645.38,7220.92,7129.33
267,615.87,4774.95,5111.40,2406.92,6285.05,6746.37,6592.39
268,618.71,3989.87,4082.51,2708.39,5217.00,6668.74,6515.06
269,621.95,4851.30,5085.15,2951.97,6346.31,7053.79,6855.92
270,625.18,5649.32,5794.33,3594.45,7227.26,6967.88,6422.55
271,628.50,5488.81,5710.49,3086.53,7162.40,7241.72,7228.81
272,631.75,5101.67,5218.23,3563.34,6569.25,6862.44,6405.71
273,635.09,4923.91,5009.06,3057.18,6706.39,7411.26,7411.26
274,638.28,5485.51,5575.25,4111.59,6765.10,6991.17,6991.17
275,641.52,5454.62,5776.59,3145.22,7004.79,7287.69,7287.69
276,645.00,6374.94,6794.75,3899.41,8165.19,7370.60,7370.60
277,648.44,5883.08,6189.73,3633.42,7487.18,7191.40,7191.40
278,651.78,5588.33,5766.01,3724.25,7097.30,7307.05,7307.05
279,655.14,5947.60,6221.07,3584.12,8020.48,7413.97,7063.79
280,658.36,5513.35,5786.02,3497.76,7130.88,6996.83,6373.52
281,661.55,4983.92,5090.61,3482.72,6406.24,7108.76,6942.84
282,664.89,6395.37,6662.83,3944.29,8455.51,6742.99,6377.70
283,667.96,5257.26,5522.20,3168.03,6859.12,6802.25,6503.06
284,671.00,4932.34,5158.79,3282.76,6222.40,6624.89,6624.89
285,674.28,5443.70,5681.98,3400.16,7180.99,7211.79,7211.79
286,677.55,5870.74,6034.44,4098.10,7456.64,7142.12,7142.12
287,680.85,5443.81,5770.69,3462.11,7022.91,7110.85,7034.79
288,684.20,6099.94,6428.83,4038.36,7664.84,7137.22,6680.93
289,687.43,5513.18,5622.23,4075.84,6869.77,7233.90,6796.94
290,690.84,5084.42,5142.96,3538.56,6581.16,7281.23,7053.95
291,694.01,4829.43,4961.71,3484.81,5926.25,7420.24,7420.24
292,697.25,4808.08,4958.14,2570.50,6513.38,6913.94,6913.94
293,700.44,5186.20,5511.16,3188.99,6665.49,7334.84,7178.61
294,703.70,5345.14,5549.10,3129.75,6918.35,6919.50,6600.23
295,706.97,5870.12,6220.95,3106.59,7971.41,6723.65,6723.65
296,710.31,5708.20,5628.42,4079.86,7176.44,6899.48,6899.48
297,713.65,5783.32,6037.58,3389.12,7518.46,7070.04,6819.15
298,716.91,5495.61,5595.76,3752.56,7022.79,7243.68,7027.66
299,720.15,5471.08,5627.54,4135.62,6808.90,7043.91,6640.22
300,723.49,6177.52,6447.57,3622.32,7862.09,7225.61,6948.96
301,726.94,6081.78,6387.83,4172.21,7911.67,7536.89,7536.89
302,730.24,5591.76,5711.31,3910.78,7184.18,7119.09,6782.85
303,733.50,5228.94,5334.22,3648.94,6543.49,6935.90,6935.90
304,736.96,6044.65,6226.95,4055.81,7760.27,7698.59,6944.23
305,740.20,5263.37,5520.46,3055.13,6859.54,7061.37,6712.99
306,743.26,5518.70,5633.29,4113.87,6890.03,6710.15,6423.77
307,746.47,5375.91,5499.27,4082.17,6621.57,6762.13,6614.26
308,749.66,5301.50,5583.47,2972.18,7011.46,7102.80,7102.80
309,752.64,4649.14,4806.13,2905.81,5983.87,7207.71,6892.89
310,755.86,5902.99,6038.08,4220.76,7440.22,6390.64,6303.03
311,759.01,5287.23,5420.59,3156.19,6979.48,7153.62,6869.94
312,762.17,5756.52,6026.94,4009.64,7471.39,6917.08,6720.32
313,765.42,5016.98,5100.30,3435.72,6416.24,7503.79,7503.79
314,768.75,5664.90,5986.08,4113.85,6872.79,7043.96,6258.69
315,771.96,5448.70,5692.42,3887.01,6952.27,6875.64,6736.86
316,775.35,5761.48,5991.27,4101.69,7317.62,7268.16,6907.91
317,778.73,6130.95,6333.31,3665.26,8034.83,6978.78,6976.55
318,782.00,5657.84,5855.69,3716.74,7266.81,7423.06,7349.30
319,785.16,5382.91,5551.21,3973.16,6437.37,6958.39,6874.68
320,788.23,4897.63,5091.33,2988.53,6591.50,6970.17,6599.65
321,791.31,5249.93,5330.58,3473.15,6948.08,6992.18,6992.18
322,794.57,5897.13,6003.82,3879.31,7827.55,7092.07,7092.07
323,797.71,5087.63,5230.38,3383.16,6611.12,6681.67,6681.67
324,801.09,5660.71,5729.88,3953.09,7253.18,6862.51,6535.59
325,804.33,5721.27,5952.34,3971.46,7191.58,7310.82,6942.77
326,807.72,5485.96,5725.88,3691.51,7040.82,7372.97,7348.52
327,810.99,5806.48,5918.81,3805.02,7745.75,7028.20,7028.20
328,814.30,5604.50,5725.48,4247.48,6889.14,6705.36,6705.36
329,817.56,5085.35,5098.41,3650.08,6402.49,7468.09,6828.10
330,820.61,4488.68,4636.97,2720.56,6080.70,6990.90,6990.90
331,824.02,5735.07,6046.71,3912.63,7469.56,7447.26,7447.26
332,827.32,5664.48,5745.56,3821.20,7248.26,6823.30,6519.84
333,830.72,5940.44,6384.56,2923.84,8026.28,7784.50,7784.50
334,834.04,5360.21,5560.09,3903.86,6692.97,7189.28,6994.74
335,837.38,6068.40,6368.34,3789.97,8000.35,6945.54,6945.54
336,840.78,5909.93,6019.20,4309.07,7269.33,7737.73,7692.67
337,844.01,5620.65,5839.46,3741.10,7361.30,7319.08,7110.54
338,847.31,5308.74,5540.22,3183.43,6949.85,7334.97,7312.32
339,850.59,5659.34,5996.52,3259.96,7192.62,7417.28,7272.53
340,854.06,5991.27,6038.08,4353.88,7481.41,7246.47,7150.58
341,857.40,5319.06,5319.42,3533.68,6927.65,7122.71,6800.17
342,860.71,5959.57,5923.52,4899.05,7082.55,7143.13,6660.90
343,864.18,6340.49,6679.28,3980.09,8074.21,7541.45,7393.93
344,867.56,5898.50,6036.87,4390.68,7387.80,7271.93,6915.73
