# name=slotPlat641 generations=344 population=200 games=200 startFrom=None stage1Games=20 mutationRate=1.0 sigma=0.05 elites=3 keepPart=0.1 minStartHeight=0 maxStartHeight=None zeroFraction=0.0 steerSmoothing=0.5 stableSlots=(6,4,1,2) monsterFraction=0.0 monsterMult=1.0 fast=True actionRepeat=1
gen,elapsed_s,mean,median,p10,p90,best,chosen
1,1.06,232.46,227.18,167.69,311.24,291.86,286.37
2,1.67,213.28,212.85,187.35,241.68,277.67,256.45
3,2.23,229.11,236.33,198.80,252.20,274.43,260.75
4,2.81,264.23,278.08,160.88,322.78,274.49,250.07
5,3.34,236.55,240.49,198.20,271.61,274.52,255.21
6,3.98,277.62,281.48,220.85,331.35,300.05,299.42
7,4.55,214.48,213.87,190.27,241.59,298.00,277.85
8,5.10,240.08,235.90,198.39,288.04,302.71,278.64
9,5.62,212.67,210.63,181.81,245.14,283.56,281.41
10,6.18,223.41,222.33,194.15,254.06,264.14,248.84
11,6.70,267.00,266.89,213.35,316.27,277.22,256.92
12,7.24,244.96,247.76,196.86,287.99,283.96,283.96
13,7.83,214.59,211.35,184.12,248.26,287.88,271.68
14,8.43,230.20,230.55,198.48,258.40,277.25,264.01
15,9.05,270.98,263.58,224.77,327.90,301.27,272.14
16,9.67,211.42,208.49,180.06,246.19,288.27,260.50
17,10.27,266.71,268.85,209.27,316.71,295.02,274.79
18,10.89,207.86,204.74,172.19,247.40,263.59,255.47
19,11.51,246.27,242.32,204.10,293.05,299.54,273.66
20,12.09,239.76,239.71,206.11,269.88,299.70,276.16
21,12.70,247.79,247.51,195.55,295.36,288.93,276.89
22,13.29,261.34,266.33,211.84,302.52,296.77,296.77
23,13.85,236.67,231.69,200.81,285.62,302.21,273.66
24,14.43,207.44,205.76,174.27,241.69,285.77,269.00
25,15.06,234.02,231.94,189.82,279.09,288.52,249.05
26,15.67,288.09,283.89,231.75,350.67,311.80,309.90
27,16.31,268.06,271.22,194.22,330.54,291.21,285.79
28,16.90,270.47,272.85,222.38,313.07,292.11,257.86
29,17.50,248.37,241.38,204.90,302.26,286.31,259.49
30,18.05,244.99,242.84,183.83,312.95,278.57,260.61
31,18.66,240.88,243.48,194.07,283.24,315.11,303.81
32,19.24,219.60,221.42,177.92,263.35,296.67,276.99
33,19.82,245.91,248.76,192.46,300.81,302.43,287.24
34,20.42,292.03,299.67,203.66,369.30,311.94,280.83
35,20.98,233.54,232.51,193.72,278.08,300.87,276.17
36,21.53,222.60,221.88,181.23,260.94,313.93,293.72
37,22.07,242.27,240.18,203.62,289.40,309.75,289.51
38,22.70,245.33,243.24,208.87,278.63,324.23,324.23
39,23.29,240.40,238.81,183.46,300.01,309.55,307.02
40,23.86,230.96,230.10,193.87,269.51,287.03,281.90
41,24.42,225.25,223.67,186.32,267.23,306.84,287.51
42,24.98,248.34,248.84,186.76,300.53,298.69,284.77
43,25.58,247.25,250.85,194.28,295.54,302.92,284.22
44,26.15,272.25,271.66,215.29,325.74,308.57,274.10
45,26.68,299.21,310.55,224.72,360.58,323.06,279.74
46,27.27,227.15,228.46,189.74,264.65,313.99,290.03
47,27.85,239.98,236.80,204.31,279.97,278.32,263.37
48,28.37,227.26,228.19,193.58,258.60,311.08,311.08
49,28.97,250.99,250.17,204.59,291.86,306.03,306.00
50,29.59,255.57,254.82,196.37,310.56,315.28,283.75
51,30.17,247.06,253.86,186.20,299.50,307.18,304.14
52,30.81,294.71,300.51,221.22,355.38,336.88,305.14
53,31.42,272.54,262.57,206.37,350.66,331.04,283.56
54,32.00,242.78,245.27,203.81,281.48,312.29,278.02
55,32.58,239.71,233.77,196.22,291.97,315.42,311.00
56,33.18,274.97,279.30,207.19,334.01,345.65,339.75
57,33.79,282.75,283.89,221.08,344.81,323.23,305.79
58,34.39,249.27,250.08,191.69,299.63,345.38,310.71
59,35.00,237.85,239.51,207.54,275.68,315.34,293.95
60,35.63,290.41,287.87,227.83,353.83,349.30,326.61
61,36.24,272.99,272.99,224.45,322.66,342.83,310.35
62,36.84,223.16,212.43,179.95,278.84,311.70,284.16
63,37.45,279.29,283.35,205.03,351.82,335.38,295.90
64,38.07,243.00,238.13,196.79,289.85,337.06,301.16
65,38.69,268.13,272.33,203.99,328.12,330.69,328.84
66,39.33,254.04,250.03,209.13,309.72,369.46,347.88
67,40.00,270.50,269.71,213.20,321.54,359.62,322.98
68,40.64,278.32,275.79,213.50,343.15,364.95,337.81
69,41.29,292.91,294.41,211.65,367.54,446.20,325.82
70,41.97,258.89,257.25,200.73,320.44,403.72,367.26
71,42.66,324.55,318.57,225.87,416.17,587.58,587.58
72,43.35,355.80,340.91,241.51,501.37,579.61,457.96
73,44.06,311.67,302.07,208.40,436.20,618.63,618.63
74,44.78,325.25,308.95,226.03,445.18,694.58,566.29
75,45.53,411.22,391.97,225.14,613.81,706.66,679.35
76,46.30,437.20,427.20,188.45,712.15,939.95,862.81
77,47.10,433.02,414.58,210.88,702.08,972.25,972.25
78,47.91,465.70,468.92,231.65,665.93,1082.26,1082.26
79,48.77,548.40,535.80,204.14,923.60,1040.96,984.86
80,49.66,544.04,517.71,269.22,864.42,1288.07,1288.07
81,50.52,528.17,467.56,200.27,970.99,1250.52,1143.42
82,51.40,626.45,627.95,228.49,1014.32,1327.83,1194.63
83,52.33,554.04,530.69,245.63,876.89,1441.22,1359.05
84,53.32,737.70,677.30,246.92,1308.39,1516.24,1516.24
85,54.28,738.32,654.01,262.95,1288.20,1542.01,1460.58
86,55.30,679.62,601.99,194.92,1276.57,1600.93,1565.35
87,56.37,824.54,783.30,219.66,1417.83,1724.03,1627.30
88,57.38,692.50,610.88,181.46,1263.00,1568.56,1568.56
89,58.42,750.60,670.53,220.28,1385.37,1709.12,1687.53
90,59.49,828.65,737.58,271.26,1571.30,1885.97,1885.97
91,60.59,776.14,730.17,283.10,1338.98,1920.56,1823.24
92,61.75,869.88,794.84,283.53,1592.54,2182.91,2182.91
93,62.95,1007.79,936.64,193.34,1920.94,2412.74,2412.74
94,64.19,1106.31,1058.31,237.76,2076.82,2405.63,2405.63
95,65.36,830.34,838.43,239.86,1407.54,2461.23,2280.96
96,66.66,1078.70,1041.14,218.09,1864.04,2588.41,2588.41
97,67.96,1040.63,962.63,263.02,1932.87,2520.82,2520.82
98,69.23,913.75,818.47,218.25,1745.74,2261.25,2206.48
99,70.46,967.91,928.00,303.73,1751.77,2676.72,2676.72
100,71.69,998.60,961.77,240.75,1781.01,2668.91,2668.91
101,73.05,1199.66,1216.92,347.48,2036.27,2664.47,2664.47
102,74.38,1136.38,1144.79,225.12,2174.48,2737.62,2737.62
103,75.79,1009.16,840.50,281.63,2058.50,2618.97,2615.60
104,77.17,1162.92,1078.47,319.59,2070.55,2921.20,2921.20
105,78.50,1080.23,987.97,216.45,2286.34,2813.47,2813.47
106,79.84,1121.26,1131.07,287.68,1949.47,2850.88,2804.63
107,81.19,1156.35,1055.16,242.75,2211.16,2719.25,2709.30
108,82.55,1152.13,1080.73,278.43,2093.54,3047.60,3039.29
109,83.97,1348.59,1279.41,283.66,2449.67,2923.23,2844.53
110,85.33,1093.32,1030.79,266.27,1974.96,2884.59,2884.59
111,86.74,1101.28,1038.41,232.58,2181.67,3123.08,3051.03
112,88.16,1226.62,1151.24,295.88,2286.32,3205.33,3205.33
113,89.54,1199.74,1009.33,226.92,2446.00,2747.90,2747.90
114,90.96,1144.70,1070.01,287.51,2006.72,2787.76,2787.76
115,92.43,1191.52,1093.78,341.00,2136.90,3188.73,3188.73
116,93.85,1324.89,1310.40,347.35,2351.54,3061.25,3061.25
117,95.28,1156.17,1081.93,295.05,2152.59,3018.38,3018.38
118,96.78,1388.72,1368.97,280.69,2609.43,3083.62,2904.59
119,98.22,1506.12,1392.25,351.99,2810.72,2846.94,2846.94
120,99.65,1220.55,1092.64,343.56,2405.12,3303.19,3303.19
121,101.14,1397.73,1367.40,437.21,2277.53,3243.22,3243.22
122,102.67,1393.23,1355.41,462.35,2305.74,2936.71,2838.26
123,104.23,1465.44,1421.77,375.68,2409.63,3011.73,3011.73
124,105.76,1521.35,1529.06,456.08,2479.15,3045.88,3045.88
125,107.33,1490.56,1514.84,397.94,2662.82,3370.20,2982.03
126,108.88,1503.30,1482.90,406.72,2448.10,3618.23,3618.23
127,110.52,1491.59,1567.94,458.19,2444.77,3276.24,2996.20
128,112.25,1786.40,1835.23,425.90,3176.36,3525.06,3525.06
129,113.94,1666.61,1664.30,505.57,2810.58,3393.66,3235.80
130,115.75,1832.66,1839.12,461.52,3176.91,3789.07,3789.07
131,117.41,1616.44,1676.22,561.14,2619.97,3631.75,3631.75
132,119.23,1787.42,1798.78,507.84,2948.66,3772.72,3745.65
133,121.01,1900.43,1861.46,306.95,3491.88,3494.34,3318.38
134,122.84,2000.78,2037.76,764.86,3173.53,3549.10,3486.20
135,124.61,1754.14,1727.86,532.66,2931.60,3460.99,3460.99
136,126.45,2038.96,2054.55,507.50,3372.42,4133.05,4133.05
137,128.31,1793.78,1794.06,665.92,2835.94,3823.40,3555.19
138,130.28,2137.35,2299.74,897.67,3233.62,3770.10,3682.21
139,132.24,2048.86,2080.92,1101.64,2940.57,4033.45,4028.23
140,134.22,2303.11,2301.77,1008.10,3528.76,3974.45,3841.52
141,136.20,2272.50,2370.33,805.35,3403.20,4049.92,4049.92
142,138.09,2127.08,2202.50,790.80,3300.64,3829.10,3829.10
143,139.93,1747.97,1700.56,752.55,2739.57,4068.10,3522.03
144,141.99,2203.69,2074.71,582.10,3848.82,4169.38,4169.38
145,143.90,2145.09,2308.96,685.97,3359.11,3654.39,3628.52
146,145.79,2156.17,2222.31,963.04,3254.76,3928.88,3928.88
147,147.82,2283.80,2308.83,1020.75,3529.56,4138.67,3695.65
148,149.73,2246.24,2336.04,861.72,3362.66,4077.98,4077.98
149,151.76,2143.61,2217.45,748.13,3317.78,4388.79,4388.79
150,153.83,2471.02,2634.12,1082.07,3669.38,4368.79,4022.24
151,155.85,2246.17,2308.82,494.76,3820.77,4286.35,4268.62
152,157.88,2260.93,2353.79,646.41,3433.49,4331.31,4331.31
153,160.06,2400.92,2496.38,1127.58,3428.95,4434.47,4434.47
154,162.11,2127.40,2201.56,880.16,3372.22,4342.14,4093.95
155,164.33,2567.57,2665.02,881.50,4081.18,4849.04,4849.04
156,166.48,2398.94,2646.72,697.63,3639.19,4366.42,4081.61
157,168.75,2769.66,2854.85,876.85,4384.75,4553.08,4216.35
158,170.95,2244.65,2292.51,901.11,3573.05,4877.29,4877.29
159,173.06,2669.95,2805.26,933.87,4033.72,4493.22,4493.22
160,175.28,2936.07,3002.81,1076.52,4672.64,4272.76,4199.08
161,177.55,2977.51,2942.23,910.93,4980.66,4854.33,4709.76
162,179.75,2783.50,3031.03,942.63,4185.63,4726.76,4726.76
163,181.93,2554.65,2635.58,863.58,3872.57,4456.55,4456.55
164,184.09,2356.25,2353.84,774.67,3803.72,4917.72,4917.72
165,186.29,2630.92,2642.98,878.54,4184.28,5078.17,4736.58
166,188.47,2696.55,2801.28,1006.18,3964.41,4366.80,4282.58
167,190.88,3150.63,3404.33,1095.70,4996.33,4838.67,4838.67
168,193.13,2444.41,2523.08,793.21,3918.95,4365.05,4292.36
169,195.34,2536.24,2673.15,1161.66,3759.89,4449.79,4449.79
170,197.57,2808.30,3008.73,1198.48,4138.70,4469.54,4469.54
171,199.81,2609.90,2704.38,1050.61,3836.91,4935.77,4935.77
172,202.01,2721.32,2864.75,1060.51,4004.03,4846.93,4846.93
173,204.35,3087.49,3304.76,1098.15,4968.93,4749.49,4749.49
174,206.85,3427.67,3600.55,1164.40,5327.10,5154.15,4869.66
175,209.23,2953.72,3067.73,1125.05,4463.74,5164.03,5063.42
176,211.58,2850.18,2973.53,1070.91,4123.79,5129.75,5129.75
177,214.00,2944.30,3134.48,1179.53,4471.99,5566.57,5317.21
178,216.48,3249.16,3484.01,1108.03,4971.67,4885.83,4622.49
179,219.00,3333.89,3477.17,1162.02,5061.68,5096.77,5096.77
180,221.65,3558.09,3895.58,1582.77,5400.13,5588.33,5430.93
181,224.31,3463.17,3708.75,1322.94,5089.05,5449.22,5124.76
182,226.89,3238.40,3355.54,1208.02,4756.37,5558.89,5558.89
183,229.42,3678.48,4114.91,1005.85,5662.87,5299.82,5157.32
184,231.97,3387.26,3473.71,1309.15,5246.23,5425.39,5097.73
185,234.39,3391.56,3501.69,1343.41,5242.89,5012.29,4727.25
186,236.86,3254.25,3516.94,1090.49,4957.50,5291.02,4947.81
187,239.42,3588.03,3731.83,1351.26,5510.06,4896.21,4896.21
188,241.94,3236.58,3376.83,816.85,5337.22,5975.07,5567.58
189,244.36,2970.37,3129.84,1005.40,4678.08,4999.93,4975.27
190,246.73,2902.74,3081.41,1084.01,4505.98,5004.12,4813.34
191,249.23,3330.75,3649.54,746.44,5029.65,4942.82,4938.50
192,251.50,2387.75,2536.71,750.40,3685.04,5203.81,4926.19
193,253.88,2964.03,3251.46,1083.09,4577.95,4774.29,4671.20
194,256.42,3311.43,3471.43,1220.79,5035.52,5216.97,5216.97
195,258.89,3111.56,3128.61,981.01,4962.67,6225.47,6225.47
196,261.36,3198.70,3518.85,893.03,4918.11,5072.72,4954.55
197,263.84,3016.08,3227.40,1012.92,4623.47,5266.65,5205.45
198,266.34,3276.01,3575.07,1259.58,4719.53,5244.17,5225.72
199,268.88,2959.74,3083.97,1208.06,4527.36,4977.63,4977.63
200,271.39,3297.66,3696.46,1215.95,4892.88,5291.48,5090.89
201,273.91,3230.12,3396.82,1302.17,4915.93,5629.49,5219.05
202,276.36,2923.22,2991.16,1235.19,4491.01,5279.77,5003.92
203,279.08,3513.67,3660.56,1714.79,5005.04,5485.61,5330.16
204,281.57,3061.02,3201.89,1519.45,4289.91,5368.99,5368.99
205,284.01,2913.71,2939.44,1505.33,4188.30,5100.19,4569.54
206,286.55,3155.85,3285.10,1428.24,4652.41,5042.81,4790.71
207,289.02,3017.60,3084.12,1147.84,4667.38,5105.27,4891.49
208,291.51,3358.27,3544.87,1570.24,4659.23,5623.36,5352.25
209,293.86,2880.95,3181.82,1040.14,4237.44,5545.36,5545.36
210,296.35,3100.90,3178.65,1287.30,4725.06,5353.07,5353.07
211,298.80,2864.72,2984.85,1267.00,4069.86,5322.36,5147.47
212,301.22,3027.23,3179.76,1205.02,4271.77,5258.77,5228.07
213,303.83,3177.14,3318.85,1184.32,4708.16,5658.29,5598.26
214,306.22,2814.91,2971.53,1498.40,4060.91,5118.39,5110.85
215,308.71,2995.91,3087.90,1445.14,4236.56,5513.62,5513.62
216,311.28,3555.46,3693.19,1447.40,5399.90,5383.42,5383.42
217,313.74,3208.85,3356.42,1100.93,5007.94,5560.46,5045.22
218,316.23,3225.11,3380.94,1194.45,4893.18,5758.19,5758.19
219,318.83,3541.02,3580.54,1551.48,5488.47,5810.60,5810.60
220,321.36,3168.82,3322.77,1129.91,4528.07,5423.57,5423.57
221,323.99,3782.17,4059.03,1418.57,5615.90,5815.35,5815.35
222,326.53,3072.01,3199.53,1260.51,4479.93,5078.68,4794.42
223,329.20,3921.34,4144.87,1653.89,6156.98,5425.25,5425.25
224,331.64,2811.64,2858.94,1042.71,4397.96,5002.91,4800.17
225,334.10,2773.30,2948.20,1159.93,4186.65,5264.12,5264.12
226,336.78,3840.33,4060.54,1350.66,5902.81,5582.26,5582.26
227,339.14,2985.02,3129.27,1081.66,4444.99,5250.05,5250.05
228,341.47,2738.44,2976.51,1055.10,4021.72,5461.29,5113.14
229,344.08,3464.09,3510.75,1507.78,5327.79,6016.68,5956.95
230,346.70,3043.46,3123.38,1444.89,4501.91,5934.11,5934.11
231,349.28,3291.26,3452.15,1477.61,4808.69,5152.74,5152.74
232,351.83,3374.09,3569.05,1311.46,5127.70,5350.44,5031.31
233,354.45,3394.79,3651.66,1468.26,4980.28,5454.76,4990.82
234,357.17,3349.98,3638.86,1104.16,5054.03,5670.17,5547.59
235,359.73,3403.92,3683.67,1340.45,4957.42,5245.67,5039.13
236,362.43,3226.02,3326.92,1695.48,4654.79,5749.86,5483.34
237,365.16,3975.81,4156.68,1821.50,5608.92,5333.58,4776.13
238,367.90,3700.77,3834.04,1687.68,5516.94,5883.78,5304.46
239,370.61,3897.73,4080.07,1288.96,5923.19,6004.92,5642.23
240,373.24,3483.79,3677.87,1754.67,4762.02,5874.78,5447.22
241,375.96,3442.25,3559.51,1290.03,5167.88,5779.15,5779.15
242,378.85,3980.86,4097.97,2132.50,5426.94,5905.58,5465.10
243,381.58,3864.77,4023.21,1437.16,5705.30,5278.83,5067.64
244,384.33,3419.95,3586.48,1703.55,4818.76,5556.58,5291.23
245,387.12,3658.58,3687.58,2114.57,5090.34,5465.81,5084.26
246,390.02,4164.06,4361.54,2460.85,5748.79,5488.45,5290.33
247,392.80,3990.61,4299.88,2008.05,5666.79,5866.10,5247.53
248,395.66,4026.61,4298.39,1681.48,5818.76,5604.04,5458.93
249,398.36,3606.26,3830.06,1627.56,5121.25,5747.58,5417.27
250,401.34,4435.13,4883.73,1979.64,6283.75,5899.03,5671.16
251,404.00,3492.61,3692.34,1679.09,4908.69,5637.34,5637.34
252,406.90,4230.83,4509.41,2029.87,5894.63,5926.01,5742.78
253,409.75,4151.62,4307.66,2247.78,5792.38,5579.91,5325.96
254,412.42,3299.31,3460.76,1779.00,4775.40,5822.80,5822.80
255,415.21,3936.76,4140.61,1521.14,6107.27,5991.89,5991.89
256,417.94,3732.37,3787.59,1719.41,5445.55,5510.42,5510.42
257,420.85,4304.20,4522.22,2361.01,5921.44,6062.31,6062.31
258,423.95,4754.98,5090.67,2112.34,6671.08,6160.01,5345.71
259,426.83,4069.72,4314.34,1939.60,5948.74,5754.43,5353.87
260,429.60,3920.69,4124.06,2096.61,5281.34,6216.50,5773.40
261,432.33,3511.44,3629.76,1679.27,5258.34,5826.54,5675.33
262,435.28,4339.72,4614.75,2058.32,6074.68,6094.45,5587.42
263,438.26,4281.35,4686.20,2019.98,5961.49,5964.74,5964.74
264,441.24,4142.44,4484.28,1541.18,5914.29,5896.22,5774.33
265,444.15,3898.74,4073.76,1780.76,5551.05,5779.97,5555.14
266,447.15,3761.84,3834.79,2069.47,5377.05,5819.23,5439.11
267,449.83,3194.61,3364.65,1413.19,4696.39,5593.45,5244.39
268,452.70,3818.52,4137.33,2052.58,5307.24,6019.42,5525.63
269,455.69,3618.88,3799.41,1997.98,4936.33,6389.95,5920.77
270,458.71,4638.25,4862.16,3013.65,5884.57,5986.59,5899.16
271,461.75,4557.71,4602.82,2801.24,6070.49,5825.31,5572.87
272,464.75,4468.86,4613.05,2253.53,6131.84,6259.67,5955.42
273,467.90,4716.34,5077.68,1940.53,6672.76,6405.16,6245.77
274,470.80,4229.60,4236.13,2249.51,6099.52,5904.50,5426.96
275,473.79,4336.62,4531.33,2006.66,6112.05,5981.60,5887.25
276,476.87,4132.23,4317.64,2226.12,5606.93,5869.12,5300.02
277,479.85,3923.67,4153.01,2139.78,5298.22,6294.24,6294.24
278,482.64,3858.37,4065.44,1963.27,5224.85,5265.78,4918.44
279,485.55,3703.48,3736.99,1473.17,5978.38,6027.96,5660.07
280,488.46,4106.28,4396.69,2006.91,5618.52,6044.72,5684.52
281,491.51,4450.98,4538.72,2407.00,6398.94,5884.32,5525.02
282,494.54,4310.59,4590.79,2181.59,5860.19,6079.07,5849.88
283,497.46,3537.02,3777.06,1891.61,4742.50,6475.36,5811.52
284,500.55,4605.33,4808.03,2262.46,6543.47,6231.38,5576.40
285,503.28,3590.73,3798.84,2018.75,4789.48,5390.66,5006.13
286,506.25,4309.31,4664.44,2049.89,5827.75,6204.74,5861.50
287,509.32,4501.00,4930.26,1924.65,6372.77,6008.95,5828.67
288,512.21,4073.29,4352.42,1999.24,5530.02,5545.02,5356.10
289,514.99,3656.78,3762.87,1829.44,5324.78,5885.72,5467.34
290,518.14,5081.30,5544.29,2346.17,6857.06,6153.97,5865.32
291,521.25,4072.95,4322.08,1624.35,6070.95,6296.35,6128.22
292,524.28,4394.01,4894.62,1454.85,6466.15,6342.50,6342.50
293,527.30,4132.90,4404.79,2101.44,5681.57,6031.99,5849.13
294,530.36,4422.62,4690.92,2296.30,6102.80,6163.53,6043.58
295,533.36,4137.74,4241.57,2149.44,5958.46,5963.20,5468.66
296,536.32,3635.21,3807.94,1300.58,5357.59,5608.64,5582.95
297,539.16,3258.33,3379.12,1511.86,4625.69,5911.45,5911.45
298,542.09,3361.16,3497.13,1747.02,4689.76,5895.27,5868.51
299,544.87,3501.66,3686.33,1964.98,4731.88,5702.56,4966.47
300,548.10,4916.20,5159.94,2382.43,6894.76,6189.73,5769.61
301,550.94,3909.63,4058.94,2331.02,5330.56,5718.56,5673.45
302,553.92,3672.45,3903.48,2050.16,4885.11,6116.26,6116.26
303,556.78,3796.50,4011.84,1717.04,5531.44,6133.41,5624.38
304,559.92,4384.55,4546.88,2437.27,5973.41,6332.05,6332.05
305,562.92,4492.19,4818.39,2200.61,5939.85,5970.32,5683.25
306,566.05,4196.77,4384.85,1983.72,6169.44,6036.76,5842.68
307,569.05,4149.45,4518.85,1880.00,5639.79,6154.56,6131.65
308,572.16,4276.08,4553.40,1996.05,5954.18,6370.09,5886.56
309,575.21,3985.00,4213.97,2114.45,5297.89,5975.37,5670.46
310,578.08,3251.60,3394.54,1472.46,4596.24,5988.04,5613.80
311,581.25,5003.34,5224.52,2891.04,6777.99,6602.29,6001.15
312,584.42,4680.25,4962.46,2410.45,6407.54,6079.12,6013.01
313,587.63,4623.98,4918.19,2394.32,6178.23,6077.71,5792.76
314,591.04,5533.56,5858.76,3117.52,7349.41,6429.39,5863.14
315,594.77,4175.01,4465.08,1821.09,6036.51,6166.24,5911.56
316,597.94,3650.88,3869.92,1859.88,4878.04,6062.69,5716.16
317,601.68,4709.04,4951.25,2538.09,6359.91,6321.72,6321.72
318,605.19,4070.13,4115.99,2027.50,5852.04,6137.33,6012.12
319,608.47,3842.26,4044.90,1979.78,5279.24,6204.62,6204.62
320,612.15,3749.89,3925.20,1874.14,5373.69,5779.69,5779.69
321,615.29,3198.67,3244.85,2187.54,4261.49,5673.21,5302.34
322,618.67,3999.99,4193.87,1948.95,5871.53,6186.64,6046.70
323,622.01,4564.41,4923.24,2318.02,6390.32,5737.79,5251.80
324,624.87,3568.00,3611.13,2117.28,4830.87,5504.45,4632.83
325,627.99,3975.06,4151.01,1996.07,5499.17,6232.45,5260.23
326,631.05,3684.21,3864.65,2590.56,4749.83,5684.81,5684.81
327,634.09,4181.46,4442.92,2047.60,5595.76,5431.29,5428.49
328,637.07,3982.96,4239.21,1880.83,5462.41,6002.03,6002.03
329,639.99,3885.54,4100.33,2129.83,5158.28,5915.66,5516.36
330,642.83,3404.56,3441.33,1709.94,4891.80,5862.82,5859.45
331,645.81,3825.11,4028.77,2109.20,5319.42,6269.45,6143.77
332,648.85,4053.40,4114.12,2045.65,5806.92,5778.76,5333.92
333,652.01,3890.73,4145.39,2044.02,5253.38,6041.49,5535.07
334,654.98,4033.07,4389.22,1809.28,5725.85,5735.19,5405.16
335,657.97,3829.43,3954.09,1771.13,5568.49,6376.23,6376.23
336,661.05,3775.74,3976.48,2030.23,5299.64,6015.24,6015.24
337,664.10,3835.42,4021.72,2079.40,5141.14,6406.01,6406.01
338,667.25,4178.19,4431.58,2505.96,5609.35,6164.64,5861.39
339,670.55,4793.16,5004.83,2585.22,6530.73,6102.09,5919.99
340,673.61,4010.24,4304.83,2303.21,5226.00,5683.39,5500.27
341,676.85,4973.84,5312.80,2830.75,6657.67,5947.34,5711.97
342,679.97,4327.55,4630.97,1922.06,6038.52,5678.56,5580.33
343,682.98,3965.40,4101.07,2069.68,5650.07,6169.25,5911.04
344,686.26,4684.94,4853.38,2834.36,6215.50,6182.07,5700.71
