# name=slotMon231 generations=344 population=200 games=200 startFrom=None stage1Games=20 mutationRate=1.0 sigma=0.05 elites=3 keepPart=0.1 minStartHeight=0 maxStartHeight=None zeroFraction=0.0 steerSmoothing=0.5 stableSlots=(3,2,2,3) monsterFraction=0.0 monsterMult=1.0 fast=True actionRepeat=1
gen,elapsed_s,mean,median,p10,p90,best,chosen
1,1.18,210.79,208.15,158.35,261.23,314.83,284.41
2,1.83,237.44,239.90,199.39,268.70,296.85,264.25
3,2.45,252.72,258.38,213.22,283.40,304.68,293.83
4,3.05,258.72,236.04,206.98,332.11,302.92,283.14
5,3.65,279.65,271.51,233.31,342.37,290.31,257.99
6,4.21,239.63,251.71,179.43,276.89,291.88,263.30
7,4.79,255.96,252.29,202.44,320.53,346.71,309.04
8,5.35,219.64,221.73,180.67,247.70,304.85,247.24
9,5.91,238.47,239.06,191.78,283.12,291.46,279.75
10,6.47,225.52,224.08,187.95,261.52,323.31,302.54
11,7.09,261.33,253.21,217.22,311.44,322.19,289.50
12,7.69,234.19,234.80,201.07,268.61,295.17,271.89
13,8.28,289.78,280.16,237.54,354.89,344.37,339.13
14,8.86,222.41,217.72,186.79,266.05,327.96,278.52
15,9.49,260.42,260.02,204.72,309.19,339.76,293.77
16,10.16,283.40,286.29,222.87,339.86,342.90,315.55
17,10.86,258.52,262.33,184.68,313.42,374.34,341.05
18,11.49,244.37,245.55,201.38,282.17,336.04,281.37
19,12.12,274.00,267.17,203.32,349.68,306.24,264.75
20,12.73,234.02,230.38,196.74,273.47,355.29,290.60
21,13.36,241.44,240.27,204.26,276.81,342.97,342.97
22,14.04,246.11,240.62,192.85,308.48,335.58,304.73
23,14.68,254.30,252.82,188.32,322.11,332.13,273.76
24,15.32,262.21,257.20,200.42,323.02,340.87,324.92
25,15.99,261.89,260.56,203.71,320.58,336.56,336.56
26,16.63,272.18,274.59,186.78,357.19,338.63,286.20
27,17.29,240.92,236.77,184.17,303.97,334.48,276.52
28,17.95,243.08,237.68,188.69,307.54,336.92,289.28
29,18.59,238.79,236.76,192.08,286.27,356.67,342.08
30,19.27,251.16,251.17,198.86,303.04,357.79,341.63
31,19.90,241.80,239.41,196.63,286.75,378.38,370.23
32,20.51,261.78,260.98,180.84,346.30,353.89,297.75
33,21.16,263.25,264.08,196.43,328.39,377.51,347.53
34,21.79,265.68,257.98,203.51,335.83,391.84,359.60
35,22.41,302.44,293.30,214.01,393.31,457.69,437.39
36,23.08,272.15,260.32,174.26,385.77,479.36,476.08
37,23.71,291.18,288.40,179.77,398.76,569.11,569.11
38,24.37,275.40,262.53,198.29,385.28,560.39,560.39
39,25.00,333.63,320.70,194.81,494.23,589.08,558.25
40,25.66,347.71,344.54,180.27,515.53,543.33,504.81
41,26.32,341.12,311.35,192.83,538.15,596.02,596.02
42,26.96,362.20,397.88,166.38,506.63,672.31,596.03
43,27.63,313.57,290.62,155.30,490.69,661.63,622.89
44,28.29,362.37,342.82,163.66,574.10,726.76,726.76
45,29.02,409.53,402.13,205.86,615.28,787.35,787.35
46,29.73,419.01,415.18,191.33,641.97,923.76,923.76
47,30.46,429.75,415.68,206.32,686.65,981.57,981.57
48,31.21,506.41,498.43,195.65,872.73,1116.83,1036.95
49,32.02,517.79,444.92,200.65,915.67,1194.09,1194.09
50,32.86,542.00,488.46,172.91,1022.99,1164.09,1161.63
51,33.70,514.63,504.16,177.36,884.23,1210.62,1183.11
52,34.57,635.75,609.29,223.12,1085.14,1235.43,1200.20
53,35.48,659.50,603.34,170.65,1289.91,1628.68,1628.68
54,36.43,782.54,773.45,228.19,1375.48,1579.07,1579.07
55,37.37,765.01,786.09,209.86,1325.74,1674.08,1674.08
56,38.38,693.45,695.47,197.23,1240.97,1761.97,1709.48
57,39.40,861.70,805.93,206.78,1609.59,1887.08,1887.08
58,40.35,711.50,709.07,194.95,1360.03,1706.97,1632.34
59,41.42,755.02,667.42,191.59,1415.75,1949.57,1728.74
60,42.48,791.48,744.65,192.82,1503.58,2095.98,2095.98
61,43.56,758.53,635.62,193.08,1473.42,2109.41,2109.41
62,44.68,838.27,774.89,157.47,1608.97,2064.86,1966.44
63,45.87,882.79,768.00,180.06,1762.46,2277.86,2248.25
64,47.03,964.80,902.84,204.54,1872.43,2161.10,2161.10
