# name=slotPlat43x_2 generations=539 population=200 games=200 startFrom=None stage1Games=20 mutationRate=1.0 sigma=0.05 elites=3 keepPart=0.1 minStartHeight=0 maxStartHeight=None zeroFraction=0.0 steerSmoothing=0.5 stableSlots=(4,3,1,2) monsterFraction=0.0 monsterMult=1.0 fast=True actionRepeat=1
gen,elapsed_s,mean,median,p10,p90,best,chosen
1,0.87,233.75,218.89,161.47,321.45,301.33,281.60
2,1.45,213.67,212.00,186.61,244.69,285.14,270.11
3,1.94,208.22,205.97,186.05,233.97,281.52,259.01
4,2.42,239.84,236.68,199.67,279.68,286.20,269.10
5,2.96,233.02,229.88,187.64,276.33,288.20,257.00
6,3.50,217.55,220.09,163.11,263.46,290.53,273.60
7,4.06,263.15,261.30,209.52,319.37,294.41,267.73
8,4.63,240.89,243.28,180.98,289.43,318.11,271.58
9,5.21,221.78,221.65,190.58,255.00,283.27,278.18
10,5.77,243.44,244.93,185.05,299.30,289.23,272.23
11,6.35,232.32,238.14,180.21,271.06,289.95,274.15
12,6.89,224.46,226.76,171.33,269.41,300.91,266.12
13,7.44,259.05,253.43,205.24,320.21,314.45,314.45
14,7.96,266.74,269.46,220.03,302.61,292.01,254.14
15,8.51,240.41,237.24,191.74,288.27,289.08,253.98
16,9.09,230.07,225.05,192.94,274.78,304.40,267.68
17,9.70,271.61,276.81,205.79,331.75,344.34,281.36
18,10.28,262.68,257.84,210.88,315.30,365.57,237.73
19,10.89,229.40,219.70,184.67,286.01,431.87,357.53
20,11.55,247.56,232.88,185.52,333.65,452.75,452.75
21,12.19,283.83,275.36,178.06,379.87,425.13,379.50
22,12.85,261.72,252.74,195.91,337.60,480.51,464.07
23,13.51,287.72,260.30,188.04,422.29,514.27,514.27
24,14.17,299.68,276.15,172.91,450.23,537.85,537.85
25,14.80,278.93,266.72,186.14,393.76,551.72,443.32
26,15.45,312.18,299.98,177.70,461.02,575.09,492.63
27,16.11,333.13,309.73,183.11,503.33,548.53,548.53
28,16.74,298.73,268.37,188.00,438.62,601.38,538.46
29,17.41,341.16,293.24,168.42,551.96,564.03,545.03
30,18.05,288.48,272.46,185.30,405.87,600.10,585.71
31,18.70,342.03,331.08,203.16,519.50,613.16,582.26
32,19.35,319.71,321.32,191.50,443.48,598.79,570.26
33,20.04,348.72,313.41,185.47,560.56,691.58,597.50
34,20.73,345.44,345.23,202.55,481.52,699.82,607.53
35,21.45,359.17,311.89,176.27,575.24,785.33,785.33
36,22.14,364.65,363.08,212.67,511.67,781.78,750.60
37,22.87,442.08,455.98,203.82,689.79,858.75,858.75
38,23.59,411.25,377.07,205.87,674.91,859.64,859.64
39,24.35,484.12,464.13,231.55,779.32,920.64,920.64
40,25.16,486.52,476.08,204.46,806.37,1003.99,1003.99
41,25.96,543.49,517.68,233.85,909.03,1082.69,1045.41
42,26.71,474.51,477.40,192.24,738.08,1007.50,1007.50
43,27.52,555.63,552.27,241.81,879.08,1015.04,832.91
44,28.32,511.69,496.68,203.80,782.72,1073.74,1073.74
45,29.13,483.18,455.60,222.90,773.73,1094.38,1094.38
46,29.99,557.41,523.11,211.78,977.82,1278.90,1278.90
47,30.87,547.18,458.61,197.79,1000.76,1269.70,1269.70
48,31.77,583.66,541.42,213.83,1029.04,1333.75,1314.15
49,32.69,612.37,600.16,213.36,1056.49,1354.04,1316.29
50,33.61,609.64,590.84,228.40,988.65,1433.36,1433.36
51,34.52,611.11,559.61,253.52,1031.90,1352.99,1315.16
52,35.46,787.55,761.94,297.37,1305.15,1402.33,1356.48
53,36.42,762.01,783.19,288.75,1198.05,1398.27,1308.39
54,37.44,689.36,711.91,232.44,1181.32,1457.29,1373.14
55,38.49,662.81,680.04,209.69,1124.66,1530.07,1530.07
56,39.50,758.05,766.99,276.49,1236.88,1543.58,1543.58
57,40.50,773.59,716.67,284.79,1346.57,1435.91,1409.14
58,41.45,678.14,650.39,257.53,1146.76,1394.00,1394.00
59,42.43,704.47,676.94,238.56,1217.82,1463.15,1404.12
60,43.42,710.13,713.65,258.78,1110.50,1465.85,1364.85
61,44.43,786.74,792.64,327.70,1202.76,1620.80,1620.80
62,45.51,937.55,929.28,372.89,1464.24,1774.68,1746.21
63,46.60,927.40,961.75,357.86,1460.10,1658.91,1466.89
64,47.69,816.86,828.27,319.25,1339.79,1869.72,1869.72
65,48.82,960.57,984.35,322.39,1543.64,1851.23,1791.35
66,49.97,915.24,961.77,430.64,1386.83,2052.87,1948.16
67,51.13,967.94,1016.50,312.87,1539.33,1976.64,1976.64
68,52.26,982.65,919.96,264.85,1662.12,2064.67,2026.69
69,53.40,795.63,794.00,259.73,1379.43,2115.50,1961.51
70,54.62,943.19,832.54,320.90,1658.69,2313.96,2313.96
71,55.80,997.78,1041.48,325.08,1592.79,2431.19,2431.19
72,57.10,1085.64,1016.53,387.79,1836.79,2486.27,2486.27
73,58.42,1110.06,1076.40,343.85,1939.51,2339.20,2200.25
74,59.77,1075.43,1066.58,330.23,1810.33,2368.72,2267.08
75,61.22,1171.12,1173.27,366.65,2056.68,2534.00,2523.98
76,62.55,1122.89,1054.63,291.38,2054.36,2789.78,2789.78
77,64.08,1594.60,1702.14,443.71,2649.03,2820.73,2820.73
78,65.54,1318.58,1275.95,401.34,2304.41,2821.62,2645.84
79,66.98,1226.73,1147.90,439.31,2200.27,2919.54,2615.68
80,68.40,1156.71,1125.59,432.53,1896.47,2835.90,2706.35
81,69.88,1299.12,1298.28,443.30,2229.84,3028.70,3028.70
82,71.26,1251.39,1228.66,488.10,2093.62,2763.55,2763.55
83,72.70,1421.98,1515.56,451.74,2277.31,2832.65,2744.31
84,74.26,1490.98,1492.64,497.11,2478.32,3206.33,3206.33
85,75.86,1624.66,1629.60,395.41,2832.47,3148.15,3148.15
86,77.31,1368.92,1423.46,364.04,2208.22,2965.92,2965.92
87,79.01,1912.17,1901.12,693.43,3096.21,3342.82,3342.82
88,80.57,1538.80,1438.56,524.55,2556.75,3459.35,3459.35
89,82.13,1581.82,1656.69,650.17,2534.77,3358.88,3358.88
90,83.80,1682.93,1798.01,506.19,2567.44,3322.80,3322.80
91,85.49,1773.70,1802.15,704.46,2701.04,3442.08,3442.08
92,86.99,1435.14,1444.71,372.71,2500.51,3162.95,3162.95
93,88.63,1557.05,1460.62,521.54,2544.64,3428.56,3428.56
94,90.34,1771.38,1730.74,561.63,2992.53,3408.26,3408.26
95,91.98,1705.74,1709.95,484.57,2766.76,3267.87,3267.87
96,93.68,1742.30,1787.05,537.70,2834.37,3528.89,3140.66
97,95.34,1583.82,1533.38,550.12,2612.96,3393.23,3393.23
98,97.00,1743.88,1757.64,583.83,2824.14,3589.30,3435.32
99,98.82,1760.22,1887.82,636.39,2525.45,3652.77,3509.26
100,100.60,1862.43,1959.94,617.42,3023.50,3253.32,3240.97
101,102.34,1798.81,1782.99,740.04,2976.75,3643.68,3539.35
102,104.19,1999.73,2081.38,600.08,3232.88,3530.31,3530.31
103,106.01,1875.08,1999.28,633.54,2811.37,3565.74,3565.74
104,107.87,2203.27,2326.03,856.06,3212.15,3763.54,3651.36
105,109.75,2153.50,2205.02,854.33,3366.10,3584.24,3584.24
106,111.66,1954.59,1959.79,537.99,3190.44,3899.03,3829.56
107,113.53,2029.76,2310.77,579.06,3237.67,3606.91,3496.16
108,115.40,2036.32,2011.83,651.78,3287.31,3507.36,3507.36
109,117.38,2344.65,2566.20,734.32,3521.71,3620.53,3492.17
110,119.22,2032.44,2068.42,645.36,3254.21,3815.39,3815.39
111,120.95,1828.87,1985.38,571.13,2840.15,3515.62,3515.62
112,122.77,1913.48,2041.76,656.38,2990.20,3613.57,3613.57
113,124.72,2339.66,2578.37,831.92,3524.07,3640.06,3626.53
114,126.67,2214.28,2310.61,602.90,3403.46,3444.22,3218.79
115,128.52,2054.89,2209.60,548.78,3208.58,3183.05,3108.16
116,130.29,1885.31,1850.90,544.81,3173.69,3530.87,3501.51
117,132.16,2210.13,2347.62,611.42,3621.41,3670.71,3498.72
118,133.93,2014.61,2188.14,817.16,2797.93,3500.78,3500.78
119,135.80,2091.68,2237.93,687.85,3253.80,3388.91,3258.61
120,137.66,2069.40,2300.06,490.07,3158.80,3855.67,3611.66
121,139.64,2442.88,2714.14,756.56,3667.90,3615.71,3507.05
122,141.54,1986.79,2037.06,640.75,3267.13,3753.01,3593.16
123,143.50,2194.21,2343.16,838.43,3106.80,3651.75,3651.75
124,145.36,2206.56,2392.41,865.11,3052.14,3591.93,3258.10
125,147.33,2568.46,2789.10,968.24,3751.75,3535.28,3337.36
126,149.40,2514.88,2651.80,1032.57,3529.02,3808.91,3627.47
127,151.39,2320.18,2501.91,948.33,3386.07,3859.24,3719.23
128,153.43,2640.63,2924.67,891.32,3869.05,3862.49,3642.27
129,155.47,2659.18,2930.99,774.30,3995.21,3998.72,3998.72
130,157.56,2850.81,3163.39,994.86,4205.14,3799.57,3799.57
131,159.72,2584.02,2799.77,937.65,3730.38,4013.12,3999.86
132,161.87,2583.70,2689.31,1057.67,3679.14,4274.43,4274.43
133,163.91,2481.43,2812.08,828.32,3678.56,4123.80,3950.05
134,166.11,2839.39,3109.70,1131.13,4173.17,4154.34,3985.31
135,168.21,2701.73,2906.80,1004.09,3909.19,4571.59,4268.00
136,170.59,2884.82,3044.81,1180.20,4317.02,5528.48,5528.48
137,173.06,3175.93,3359.58,1137.24,4887.69,5101.78,4587.09
138,175.40,2848.52,2912.06,1137.02,4291.66,5327.18,4418.82
139,177.77,2723.01,2693.04,1164.37,4147.27,5352.88,5093.96
140,180.18,2859.68,2890.04,995.19,4274.92,4899.66,4751.73
141,182.72,3171.64,3225.15,1179.37,4904.75,5748.99,5748.99
142,185.20,2978.26,3101.60,1114.96,4336.56,5382.75,5143.75
143,187.74,3259.61,3653.92,1018.99,4961.08,5594.33,4959.82
144,190.34,3013.45,3201.96,1009.35,4494.97,5999.62,5862.96
145,193.01,3422.48,3801.03,1111.70,4788.25,6089.05,6089.05
146,195.47,3061.01,3277.17,1394.85,4344.06,5395.67,4789.57
147,198.12,3332.87,3598.02,1226.40,4942.06,5175.02,5175.02
148,200.70,3434.36,3828.07,982.04,5315.11,5460.07,5460.07
149,203.51,3911.61,4071.70,1918.61,5491.39,6139.36,5922.21
150,206.20,3253.62,3453.17,1403.69,4651.49,5630.70,4972.26
151,208.89,3605.71,3808.44,1512.22,5413.49,5787.45,5787.45
152,211.47,2816.91,3017.06,943.38,4348.55,5491.15,5004.10
153,214.38,4117.15,4114.75,1171.15,6522.27,6101.05,5865.26
154,217.20,3462.48,3392.55,1452.34,5436.58,6150.66,5907.75
155,219.97,3754.48,4142.41,979.10,5889.62,5879.89,5879.89
156,222.67,3504.81,3711.42,1355.53,5163.95,5889.07,5889.07
157,225.50,3689.82,3786.12,998.15,5922.83,5857.60,5508.52
158,228.27,3253.37,3394.91,1003.64,5062.62,5821.12,5678.29
159,230.80,2991.17,3261.94,892.55,4530.92,5660.10,5660.10
160,233.57,3229.65,3373.54,928.28,5191.83,5785.96,5785.96
161,236.25,3626.81,3885.18,1238.62,5561.66,5917.27,5917.27
162,238.84,3032.78,3177.83,1447.51,4390.03,5851.03,5479.19
163,241.50,3387.80,3739.49,764.04,5371.16,5743.82,5616.94
164,244.07,3202.96,3473.64,861.64,5127.20,5750.77,5207.48
165,246.62,2998.06,3061.89,709.41,5243.23,6114.01,5585.16
166,249.39,3637.53,3854.47,853.68,6195.47,5924.97,5396.34
167,252.00,2983.43,3217.04,780.80,4760.91,5782.52,5326.83
168,254.70,3344.02,3679.56,938.99,5076.28,5949.24,5949.24
169,257.38,3336.56,3459.57,1109.84,5241.47,5651.86,5651.86
170,260.05,3279.73,3497.52,1165.58,4980.78,5671.53,5665.03
171,262.84,3850.83,4177.67,1478.97,5798.97,5935.23,5935.23
172,265.50,3064.44,3231.81,991.29,4628.52,5966.48,5854.18
173,268.24,3480.84,3562.82,1370.02,5281.95,5932.59,5845.99
174,271.01,3604.25,3900.58,1200.66,5346.40,6046.33,6046.33
175,273.75,3469.08,3574.70,1572.17,5008.58,5590.77,5580.22
176,276.63,3689.79,3807.66,1293.34,5867.88,5952.20,5676.51
177,279.24,3572.52,3911.35,1004.84,5295.96,5380.92,5269.08
178,281.89,3277.65,3448.49,1838.30,4466.66,5514.67,5507.24
179,284.53,3402.81,3442.37,1594.69,4853.08,5513.47,5413.50
180,287.41,4002.32,4330.04,1941.85,5614.10,5668.48,5668.48
181,290.34,3895.31,3972.19,1886.38,5710.64,5864.77,5864.77
182,293.00,3121.84,3293.10,1445.57,4353.76,5629.88,5489.84
183,296.01,4014.66,4213.55,1776.19,5796.15,6333.75,6066.26
184,298.93,3764.30,3940.09,2280.31,5042.25,5723.18,5294.44
185,301.66,3801.73,3909.36,1352.96,5511.12,5778.31,5520.56
186,304.51,3898.30,4047.85,1456.30,5940.63,5690.14,5690.14
187,307.36,3449.18,3792.01,1070.45,4891.39,6665.74,6665.74
188,310.15,3887.68,4247.25,1437.79,5690.85,5769.48,5539.48
189,313.03,3743.14,4042.28,1563.47,5350.25,6389.27,5736.92
190,315.87,3626.90,3769.04,1400.39,5547.71,5883.25,5796.47
191,318.98,4404.18,4739.12,1696.00,6229.38,6239.18,6123.63
192,321.89,3803.80,4005.13,2127.21,5261.58,5583.94,5527.70
193,325.02,5151.50,5518.46,1868.93,7528.56,6302.72,6302.72
194,327.85,3705.89,3896.14,1733.78,5073.92,5369.30,4880.45
195,330.57,3486.40,3772.99,1648.81,4932.55,5383.27,5346.45
196,333.29,3406.22,3574.04,1444.36,5045.92,5893.31,5825.72
197,336.14,3672.80,3968.41,1416.55,5330.08,5735.52,5735.52
198,339.05,3686.00,3957.26,1344.78,5648.19,6109.70,5747.73
199,341.90,3779.09,4130.33,1907.86,5050.14,5828.83,5468.66
200,344.92,3792.48,3908.87,2138.79,5232.17,5864.66,5828.19
201,347.84,4252.53,4473.08,2361.47,5750.88,6046.97,5811.40
202,350.92,4457.81,4758.65,2489.10,5880.21,6139.12,5798.82
203,353.99,4639.63,4835.99,2336.67,6258.87,5949.32,5911.22
204,356.87,4078.30,4269.52,2374.31,5533.68,5692.01,5471.56
205,359.82,4240.75,4479.95,2487.29,5866.93,6162.31,6162.31
206,362.66,3735.56,3983.20,2239.75,4701.70,6063.43,6063.43
207,365.80,4088.20,4275.40,1951.05,5922.94,6292.73,5807.76
208,368.96,4376.87,4510.18,2456.18,5975.39,6101.66,5357.40
209,371.99,4163.74,4382.33,2380.26,5508.12,6041.24,5690.16
210,375.00,4581.76,4872.08,2538.64,6207.62,5888.15,5888.15
211,378.10,4707.84,5129.12,1935.62,6679.19,5874.91,5255.83
212,381.12,4198.94,4438.91,2352.87,5551.65,6175.35,6175.35
213,384.12,4384.55,4637.12,2383.47,5943.62,5842.85,5610.63
214,387.09,4399.80,4772.92,1566.73,6034.84,6147.08,6147.08
215,390.19,5088.55,5229.46,3154.94,6908.46,5898.65,5591.54
216,392.98,3561.57,3833.95,1674.43,4772.62,5708.48,5708.48
217,395.90,4126.12,4407.74,2416.88,5288.68,6089.23,5674.49
218,398.86,4727.11,4937.92,3050.55,6049.57,5848.98,5848.98
219,401.94,4357.60,4485.96,2360.93,6110.99,6065.61,6002.60
220,405.03,4420.15,4605.99,2150.17,6200.64,6591.71,6288.77
221,408.10,4385.30,4448.26,2624.27,6124.81,5969.15,5969.15
222,411.18,4163.35,4376.98,2061.77,5728.65,5656.03,5429.70
223,414.36,4258.12,4342.79,2246.73,6247.04,6270.89,6164.24
224,417.41,4565.51,4880.57,2379.12,6160.36,6151.30,5955.61
225,420.35,3908.74,4252.12,1987.43,5193.18,6042.25,5862.28
226,423.47,4518.89,4590.86,2875.43,5923.28,6014.33,5312.35
227,426.52,4278.15,4446.45,2698.53,5566.79,6219.83,5558.86
228,429.58,4509.56,4774.27,2611.15,6093.95,6109.69,6012.62
229,432.48,3719.68,3705.63,2541.89,4769.05,6178.94,5967.06
230,435.42,4427.66,4646.66,2793.92,5744.47,5660.37,5357.40
231,438.51,4383.84,4388.21,2659.47,6067.03,5809.27,5809.27
232,441.54,4125.40,4312.78,2178.18,5782.96,5963.76,5671.55
233,444.46,3768.42,3901.17,2238.23,5023.34,6067.19,6024.80
234,447.45,3835.81,3896.43,2577.41,5071.59,5936.18,5561.98
235,450.39,4343.99,4446.97,3056.75,5621.00,6051.12,5924.66
236,453.59,4714.84,4790.88,2862.97,6604.14,5976.55,5841.58
237,456.58,4021.77,4162.03,2395.59,5334.40,6270.27,5970.84
238,459.51,4471.67,4688.32,2407.45,5873.37,6433.58,6413.29
239,462.52,4154.93,4343.84,2414.47,5356.02,5800.12,5519.61
240,465.36,3918.96,4055.13,2681.84,5025.50,5959.25,5855.85
241,468.37,4361.25,4583.18,2254.01,5764.61,6017.74,5831.61
242,471.55,4486.88,4733.68,2488.25,6069.06,6134.50,5867.92
243,474.65,4636.48,4759.33,2999.53,6082.61,5811.12,5455.53
244,477.82,4739.45,4883.50,2627.75,6649.02,6617.91,6617.91
245,480.84,4335.38,4603.29,2972.91,5382.49,5856.40,5650.15
246,483.82,4027.55,4088.43,2563.15,5199.24,5675.38,5034.56
247,487.05,5233.40,5403.97,3345.02,6676.75,6177.27,5776.52
248,490.34,4930.71,5248.96,2922.11,6530.71,5800.62,5620.29
249,493.57,4486.88,4536.14,3246.87,5803.80,6343.41,6343.41
250,496.88,4501.60,4627.83,2861.79,5783.08,6113.12,6004.37
251,500.21,4916.79,4977.94,2890.21,6873.78,6172.48,5628.79
252,503.31,4328.58,4507.77,2791.91,5637.21,5800.17,5150.48
253,506.60,4236.42,4356.04,2574.81,5675.58,5986.04,5986.04
254,509.84,4713.01,4963.00,2963.79,6202.60,6423.86,6345.46
255,513.06,4419.01,4470.03,2923.61,5713.86,6380.01,6380.01
256,516.30,4674.31,4970.00,2356.46,6170.70,6204.55,5978.16
257,519.55,4714.16,4831.71,3088.67,5951.43,6094.63,6094.63
258,522.87,4647.27,4902.62,2557.22,6077.60,6328.11,6054.04
259,525.89,3825.62,3899.18,2601.96,4916.95,6148.38,6029.42
260,529.05,4430.99,4680.83,2618.75,5846.56,5876.70,5876.70
261,532.42,4512.46,4656.34,3109.22,5891.06,6002.78,5965.13
262,535.54,4641.95,4818.26,3529.88,5760.61,6289.64,5430.83
263,538.70,4487.37,4625.40,3066.65,5528.70,6143.21,5978.91
264,542.04,4976.78,5190.96,2794.15,6532.99,6133.58,5557.39
265,545.30,5315.31,5474.59,3661.64,6895.22,5871.21,5413.40
266,548.39,4268.62,4361.26,2900.02,5638.88,5949.92,5876.02
267,551.55,4428.14,4722.91,2306.84,5922.46,5825.85,5590.12
268,554.87,4168.01,4399.12,2251.35,5640.43,5946.03,5628.14
269,558.16,4646.56,4623.75,3208.85,6142.59,5800.09,5532.29
270,561.37,4549.49,4720.60,2555.95,6257.72,6399.56,6226.04
271,564.64,4861.26,5109.27,2767.56,6493.67,5761.86,5613.02
272,567.60,3696.81,3858.33,2303.84,4830.95,5772.65,5670.57
273,570.81,4208.61,4286.29,2820.71,5721.84,6580.86,6249.96
274,574.01,4845.12,5089.90,2992.54,6363.63,5796.83,5513.67
275,577.18,4496.29,4476.51,3173.45,5861.56,6459.31,6054.51
276,580.21,3959.11,4017.27,2717.43,5052.84,5999.78,5999.78
277,583.35,4402.19,4548.13,2886.55,5779.15,6017.37,5791.40
278,586.42,4790.15,4878.94,3319.36,6073.86,6023.24,5555.97
279,589.19,3619.81,3675.72,2639.53,4572.07,5529.42,5314.59
280,592.24,4374.87,4488.73,3007.85,5586.38,6030.42,5682.65
281,595.33,4498.21,4687.92,2665.35,5934.77,6071.34,6071.34
282,598.33,4452.72,4575.68,3157.19,5633.48,5445.95,5251.42
283,601.41,4881.36,4958.89,3648.68,6166.81,5596.55,5088.74
284,604.59,4862.24,4939.02,2961.28,6459.31,5997.07,5643.90
285,607.67,4456.02,4586.94,2895.69,5878.56,5931.13,5931.13
286,610.53,3560.48,3651.13,2193.90,4931.69,5536.75,5536.75
287,613.35,3871.35,4052.15,2414.71,5053.25,5510.03,4952.28
288,616.34,4200.64,4390.30,2265.81,5604.31,5847.73,5847.73
289,619.36,4263.09,4331.21,2685.41,5547.90,5773.54,5477.00
290,622.43,4138.34,4282.16,2562.12,5368.50,5948.96,5948.96
291,625.48,4383.69,4550.50,3049.14,5564.27,6102.52,5808.90
292,628.48,4100.08,4243.83,2464.47,5378.15,5129.16,4911.21
293,631.75,4601.50,4764.67,2819.67,5963.27,5608.61,5397.66
294,634.90,4523.08,4705.11,3113.12,5648.21,5834.39,5335.95
295,637.95,4129.08,4217.67,2695.79,5357.25,5760.54,5436.16
296,641.24,4796.36,5089.31,2946.29,6017.80,5942.31,5453.63
297,644.47,4462.41,4517.90,2892.95,5743.56,5999.47,5472.94
298,647.63,4874.26,4984.94,3045.65,6326.77,5722.27,5564.35
299,650.80,4678.17,4842.67,3209.99,6036.38,6151.27,6117.08
300,654.04,4869.40,5016.06,3280.17,6334.71,5711.74,5439.17
301,657.29,5035.19,5288.16,3056.67,6452.08,6040.68,5930.84
302,660.33,3961.63,4160.96,2512.43,5132.77,6012.73,5907.84
303,663.65,5118.94,5350.62,3170.18,6669.85,6018.31,5716.54
304,666.82,4783.34,4856.61,3449.07,6136.50,5440.02,4862.57
305,669.90,4646.27,4862.03,3291.59,5830.72,6050.97,5997.25
306,673.03,4934.52,5124.15,3374.12,6098.67,6185.75,5929.65
307,675.98,4065.81,4026.93,3165.79,5140.74,5828.96,5361.11
308,679.10,4422.05,4642.99,2845.49,5647.77,5653.39,5395.85
309,682.40,4974.14,5287.02,2975.77,6490.12,5993.05,5993.05
310,685.66,4633.81,4842.08,2676.22,6242.71,6395.13,5690.06
311,688.66,4116.73,4164.21,3094.27,5151.54,6026.26,6026.26
312,691.74,4690.52,4904.85,3345.83,5783.66,5768.16,5578.42
313,695.08,4921.82,5072.56,2937.63,6362.43,5997.99,5997.99
314,698.11,4714.86,4787.55,3770.08,5794.90,6015.52,5671.64
315,701.29,4526.36,4620.88,3301.98,5601.59,6314.75,6314.75
316,704.49,4232.60,4214.80,3094.75,5369.61,6148.36,6148.36
317,707.70,4464.70,4581.81,3066.14,5861.56,5987.27,5987.27
318,710.97,5272.06,5472.28,3806.87,6414.37,5969.48,5674.69
319,714.13,4528.67,4565.55,3013.38,5825.96,6162.01,6162.01
320,717.19,4513.03,4635.57,3296.90,5838.51,5761.89,5559.83
321,720.54,4805.13,4890.04,3445.55,6123.27,6018.53,5837.48
322,723.84,5295.25,5301.57,4261.34,6390.58,6248.13,5993.16
323,727.03,4383.99,4604.00,2837.98,5579.75,6448.85,6448.85
324,730.34,5492.97,5732.58,3981.45,6662.39,5978.42,5715.53
325,733.38,3563.32,3626.80,2531.27,4593.08,5679.98,5679.98
326,736.81,5305.89,5362.58,3450.91,6958.86,6896.69,6370.88
327,740.07,5139.05,5332.94,3790.66,6169.20,6058.16,5831.57
328,743.34,4593.98,4717.33,3309.26,5662.39,6107.84,5740.69
329,746.46,4811.70,4976.56,3198.56,6105.50,5894.59,5466.13
330,749.71,4732.07,4901.42,3044.72,6243.92,6198.85,5514.85
331,753.00,5374.86,5456.51,3491.14,6782.26,6366.40,6123.66
332,756.23,4885.26,5066.29,3197.83,6393.90,5849.64,5151.18
333,759.83,4932.99,5008.59,3335.12,6339.19,6031.84,5967.26
334,762.90,3837.19,3960.50,2835.33,4765.96,6091.55,6013.00
335,766.08,4564.79,4763.75,2890.47,6096.49,6290.70,5793.74
336,769.39,5413.63,5601.27,3805.56,7018.76,6224.83,5843.05
337,772.57,5103.33,5271.54,3656.43,6141.74,6130.68,6130.68
338,776.05,5445.90,5596.21,3671.69,6965.63,6144.85,5720.12
339,779.35,5183.25,5366.04,3394.53,6682.51,6189.04,6068.33
340,782.52,4221.23,4318.71,2906.79,5645.37,6511.88,6511.88
341,785.84,5005.17,5167.62,3650.01,6341.41,6487.62,6093.55
342,789.03,4940.82,5128.30,3095.51,6243.97,6211.25,5918.71
343,792.37,5220.31,5418.86,2880.22,6982.64,6211.91,5934.39
344,795.54,4176.17,4253.10,2722.32,5492.08,6180.35,5614.47
345,798.78,4723.18,4878.81,3345.36,6022.85,6082.41,5728.49
346,801.96,4515.54,4654.77,2950.00,5867.98,6019.70,5444.76
347,804.99,4252.17,4456.89,2639.20,5672.12,6168.70,6168.70
348,808.31,4449.79,4529.26,2847.86,5881.19,6019.67,5872.76
349,811.79,5567.14,5809.91,3538.52,7346.80,6466.98,6049.20
350,814.75,3125.91,3046.53,2009.02,4374.97,6133.84,5675.53
351,817.80,4384.45,4573.52,2656.83,5628.51,5606.07,5497.08
352,820.68,3137.03,3173.68,2025.53,4292.85,5844.92,5537.48
353,823.94,4845.77,4926.88,3323.00,6286.85,5764.23,5764.23
354,826.93,3917.61,4054.32,2406.20,5266.48,6083.72,5918.27
355,830.13,4360.09,4456.81,3387.45,5442.86,5700.27,5337.55
356,833.49,4422.49,4640.39,2719.08,5784.46,6304.58,6185.35
357,836.77,4502.05,4660.92,3001.46,5601.60,6541.39,6541.39
358,839.92,4382.71,4533.19,2979.59,5582.45,6330.71,5904.48
359,843.29,5166.72,5340.27,3468.50,6555.08,6648.23,6157.36
360,846.76,5444.27,5664.73,3352.98,7128.21,6414.08,5847.27
361,849.98,4277.60,4327.04,3385.20,5218.64,6515.25,6120.71
362,853.31,5030.54,5302.62,3717.31,6254.88,6442.27,6255.10
363,856.52,3840.31,3908.91,2833.67,5028.04,6367.65,6059.09
364,859.75,4389.34,4545.89,3360.41,5470.62,6191.73,6065.85
365,862.94,4845.46,4969.36,3570.92,5969.88,6082.27,5810.72
366,866.44,5487.31,5691.54,3602.04,7154.02,6193.17,6193.17
367,869.66,5050.22,5272.14,3101.07,6736.08,6228.75,6116.32
368,873.10,5321.10,5573.74,3491.59,6699.06,6677.00,6516.77
369,876.39,5165.80,5372.98,3565.95,6824.11,6674.27,6335.55
370,879.78,5196.47,5386.41,2923.15,7070.02,6439.90,5907.48
371,883.29,5733.88,5971.82,4205.54,7226.91,6514.02,5977.86
372,886.45,4655.85,4794.61,2903.85,6050.38,6176.40,5437.45
373,889.98,5863.51,5881.06,4279.05,7562.15,6893.50,6657.80
374,893.39,4867.01,4992.26,3622.77,6031.22,6632.45,6632.45
375,896.67,4930.17,5072.63,2658.89,6876.18,6645.13,6336.97
376,900.29,5799.59,5975.32,4172.43,7155.30,6612.26,6612.26
377,903.24,4115.12,4183.63,3237.26,4994.88,5847.82,5787.81
378,906.70,5355.11,5494.87,3764.77,6979.78,6721.80,6721.80
379,910.27,5784.18,5942.24,3858.51,7295.42,6849.68,6662.74
380,913.73,5223.14,5449.55,3890.64,6527.69,6350.22,6325.00
381,917.11,5192.58,5202.69,3826.83,6750.23,6841.29,6841.29
382,920.35,4711.71,4851.62,3361.26,5807.84,6307.69,6157.26
383,923.75,4988.45,5197.47,3274.19,6507.62,6690.76,6690.76
384,927.14,5717.35,5921.75,4505.64,6727.86,6407.52,6020.30
385,930.41,4954.19,5063.61,3526.47,6323.81,6379.64,5731.67
386,933.67,4379.66,4487.06,3394.38,5319.07,6560.11,6560.11
387,937.01,4934.37,5080.42,3633.54,6116.47,5980.05,5794.50
388,940.33,4922.55,4992.53,3420.47,6098.04,6165.04,6036.87
389,943.97,5408.79,5497.87,3946.97,6746.13,6516.92,6119.66
390,947.42,5320.39,5360.84,3723.22,6963.32,6494.56,6494.56
391,950.90,5272.72,5354.29,3196.38,7180.53,6815.08,6482.61
392,954.32,5491.66,5749.99,3895.77,6860.90,6487.51,6121.05
393,957.84,6120.15,6136.57,4688.23,7606.22,6347.75,6347.75
394,961.29,5022.76,5129.81,3428.71,6474.81,6667.05,6667.05
395,964.63,4617.03,4683.28,3568.71,5787.37,6841.63,6568.44
396,968.14,5754.56,5683.93,4277.17,7196.59,6671.62,6671.62
397,971.77,5739.98,5890.32,4128.26,7205.92,6473.87,6473.87
398,975.22,5844.88,6029.49,4426.91,7031.68,6933.06,6190.96
399,978.74,5848.84,5997.03,4245.27,7420.29,7030.33,6922.12
400,982.25,5953.95,6158.32,4330.00,7238.56,6939.93,6362.75
401,985.71,5259.96,5350.88,3686.34,6765.69,6684.20,6372.04
402,989.19,5134.74,5370.89,3424.06,6480.50,6793.66,6546.13
403,992.54,5344.30,5367.08,4495.36,6179.54,6350.99,6234.67
404,996.13,5901.84,6000.27,4455.21,7160.13,6761.08,6670.35
405,999.55,4824.89,4882.96,3782.67,6118.24,6493.15,6329.26
406,1003.07,5060.09,5173.77,3579.09,6337.23,6850.15,6616.33
407,1006.65,5357.27,5442.54,4016.13,6795.96,6628.93,6133.33
408,1010.09,5004.33,5237.62,3232.38,6729.61,6746.40,6365.66
409,1013.46,5077.49,5238.70,3124.11,6526.14,6538.37,6120.29
410,1016.95,5415.52,5594.47,4114.41,6759.45,6899.30,6899.30
411,1020.47,5848.86,5956.06,4146.07,7265.86,6747.51,6747.51
412,1023.98,4760.49,4831.77,3297.87,6203.69,6718.66,6534.30
413,1027.58,5519.96,5771.75,3237.46,7054.39,6883.99,6304.06
414,1031.10,5230.29,5336.02,4125.46,6434.05,6996.98,6591.73
415,1034.43,4815.78,5027.81,3265.38,6089.62,6623.84,6477.19
416,1038.08,5251.18,5376.87,3608.15,6652.27,7348.66,6732.60
417,1041.55,5583.90,5841.25,3543.97,7231.96,7140.08,6461.92
418,1045.16,6032.95,6354.62,4047.31,7405.19,7158.86,6302.21
419,1048.93,5894.49,6031.25,4359.81,7353.85,6866.82,6515.60
420,1052.53,6304.57,6529.04,4323.15,7934.96,6893.30,6858.18
421,1056.18,5929.23,6128.92,4603.54,7151.25,7109.62,6537.86
422,1059.72,5514.23,5757.31,3890.45,6857.30,6863.88,6773.28
423,1063.13,5300.46,5454.10,4195.27,6321.17,6513.56,6513.56
424,1066.47,4827.22,4917.54,3373.94,6117.88,6554.54,6554.54
425,1069.93,5652.48,5747.96,4240.93,7054.24,6829.49,6829.49
426,1073.57,6205.58,6407.36,4543.68,7904.85,6514.43,6294.67
427,1077.05,5287.98,5405.86,3869.37,6529.30,6475.36,6475.36
428,1080.63,5991.17,6149.72,4043.88,7556.58,6696.14,6382.61
429,1084.23,5975.61,6173.37,4217.23,7706.50,6594.59,6594.59
430,1087.67,5216.44,5261.60,3660.69,6954.24,7041.39,6814.25
431,1091.07,5383.37,5582.33,4034.22,6564.58,6930.07,6930.07
432,1094.27,4665.86,4748.92,3692.19,5682.92,6456.36,6092.03
433,1097.72,5225.75,5618.71,3157.56,6467.39,6632.55,5974.45
434,1101.44,6772.75,6889.13,4773.04,8671.06,6944.37,6243.61
435,1104.78,4823.04,5087.29,3218.25,6088.31,6498.74,6403.50
436,1108.38,5742.98,5923.50,3870.31,7316.23,6830.14,6619.98
437,1112.16,6561.37,6734.25,4954.19,7980.47,7216.19,6931.08
438,1115.58,4237.93,4250.48,3245.43,5260.39,6572.77,6031.63
439,1119.18,5451.20,5533.28,4187.31,6696.96,6549.96,6139.86
440,1122.71,5347.70,5365.31,4259.53,6499.95,6978.16,6978.16
441,1126.15,5291.03,5408.12,3814.82,6567.88,6601.12,6441.36
442,1129.54,5920.69,5989.24,4833.31,7179.89,6336.32,6329.90
443,1133.22,5197.14,5254.18,3973.26,6381.58,6619.92,6235.84
444,1136.73,5442.86,5503.31,4216.18,6451.49,6690.05,6224.98
445,1140.34,5375.88,5345.66,4152.07,6696.38,6553.23,6168.75
446,1143.74,4652.36,4718.40,3377.19,6013.41,6684.54,6394.93
447,1147.16,5347.58,5465.21,4056.50,6535.90,6678.65,6678.65
448,1150.77,6121.00,6265.39,4767.79,7586.17,6585.36,5926.18
449,1154.32,5217.86,5201.71,4194.90,6288.75,6862.55,6248.71
450,1157.89,6126.11,6292.29,4597.67,7412.23,6681.24,6681.24
451,1161.41,5767.79,5898.79,4562.53,7143.20,7018.01,7018.01
452,1164.94,5335.54,5457.80,4101.35,6474.99,6727.66,5899.98
453,1168.47,4747.13,4786.71,3793.60,5878.25,7034.56,6300.06
454,1172.15,6399.48,6532.48,4475.97,8077.07,6748.44,6337.87
455,1175.57,5623.89,5693.91,4415.27,6777.94,7021.13,7021.13
456,1179.25,5689.55,5846.37,4271.88,6843.22,6606.62,6545.11
457,1182.71,4484.26,4547.85,3318.56,5496.99,7259.66,6997.32
458,1186.03,5036.93,5115.07,4015.35,6014.70,6536.82,6403.02
459,1189.52,5203.44,5203.17,4227.41,6252.55,6852.05,6537.36
460,1193.10,5648.64,5605.00,4743.13,6621.35,6646.33,6484.02
461,1196.67,5479.31,5599.17,4355.65,6583.22,6880.84,6652.73
462,1200.47,6843.16,7012.71,5645.05,7900.89,7100.79,6968.94
463,1204.00,4801.24,4896.44,3582.62,5812.17,6742.53,6742.53
464,1207.68,5789.95,5781.09,4263.12,7507.55,6783.69,6367.48
465,1211.33,6221.50,6338.43,4603.83,7925.51,7101.70,7101.70
466,1214.87,5839.26,5960.99,4443.71,7198.29,6639.61,6025.75
467,1218.48,6239.87,6261.44,5197.89,7280.10,6576.78,6271.58
468,1221.94,4916.60,4868.19,3983.58,6007.87,6366.72,6291.77
469,1225.82,6302.64,6380.33,4687.66,7739.89,7076.93,6895.28
470,1229.55,6494.56,6613.05,5002.44,7823.84,7342.82,6935.48
471,1233.49,7191.55,7161.09,5531.80,8930.64,7011.29,6793.36
472,1236.81,5270.51,5349.08,4255.37,6265.46,6555.83,6354.00
473,1240.41,6026.43,6022.05,4797.29,7350.70,6704.51,6624.15
474,1243.90,5539.03,5594.76,4350.75,6626.16,6271.96,6101.92
475,1247.29,5278.03,5331.39,4254.88,6317.36,6735.50,6735.50
476,1250.66,5166.91,5291.04,3661.14,6469.94,6400.60,6161.07
477,1254.32,6028.68,6059.75,4499.27,7403.17,6782.42,6553.36
478,1257.79,5599.94,5729.14,4308.23,6819.32,6463.32,6201.48
479,1261.29,5514.71,5496.89,4542.47,6733.64,6521.56,6415.34
480,1264.74,5209.98,5335.32,3835.16,6410.74,6637.27,6562.10
481,1268.23,5401.65,5531.69,4170.59,6374.62,6633.65,6285.63
482,1271.69,5214.49,5275.27,3705.20,6402.64,6158.11,5851.38
483,1275.07,4780.63,4822.13,3241.66,6202.67,6770.59,6208.49
484,1278.38,5281.59,5408.93,4148.08,6394.49,6492.71,6136.55
485,1282.05,5859.49,5925.64,4545.08,7257.19,6614.56,6614.56
486,1285.62,5827.06,5824.27,4438.08,7377.08,6683.53,6140.79
487,1289.10,6215.69,6313.07,4778.66,7497.79,6256.16,5959.21
488,1292.52,5846.60,5914.14,4454.18,7063.98,6482.85,5964.66
489,1296.08,5402.43,5473.04,4097.51,6510.11,6560.62,5935.36
490,1299.45,4992.35,5022.30,3851.62,6139.35,6455.72,6365.56
491,1303.09,5971.92,6091.82,4356.15,7489.22,6887.28,6823.55
492,1306.54,5330.10,5322.02,4318.30,6423.97,6823.53,6502.59
493,1309.93,4700.26,4628.07,3694.65,5896.47,6630.70,6418.01
494,1313.57,5735.60,5730.74,4500.60,6943.17,6749.60,6615.13
495,1317.14,5448.70,5395.20,4405.34,6593.85,6724.70,6485.73
496,1320.52,5391.33,5411.22,4200.59,6536.05,6599.73,6599.73
497,1323.79,4270.96,4294.76,3395.43,5180.18,6800.65,6610.87
498,1327.52,5803.13,5849.63,4450.61,7139.32,6390.84,6233.09
499,1331.04,5416.56,5401.11,4203.41,6724.62,6853.40,6467.27
500,1334.65,5533.00,5585.96,4476.36,6754.17,6921.68,6907.68
501,1338.30,6182.45,6440.75,4019.26,7718.24,7149.76,7149.76
502,1341.90,6094.29,6153.17,4632.84,7565.35,6488.26,6315.09
503,1345.37,5917.37,6089.30,4572.29,7147.36,6516.24,6205.63
504,1348.97,5759.37,5906.26,4357.88,7090.36,7154.43,6719.76
505,1352.59,5656.23,5745.98,4240.30,7141.98,6722.90,6527.55
506,1356.19,6059.95,6234.96,4343.58,7728.41,6727.91,6290.28
507,1359.88,5563.57,5455.75,4045.59,7304.37,7372.36,7008.93
508,1363.44,5676.75,5794.57,4478.50,6929.02,6524.02,6521.27
509,1367.13,6300.64,6500.12,4838.18,7669.45,6843.22,6843.22
510,1370.66,6596.72,7043.14,3797.10,8546.39,6350.77,6170.09
511,1374.01,4705.24,4737.33,3814.97,5613.71,6992.16,6603.62
512,1377.44,5158.17,5252.81,3756.16,6457.39,6773.13,6491.82
513,1380.97,5207.29,5347.84,3908.80,6273.32,6627.22,6441.12
514,1384.50,5549.21,5741.50,3656.51,7176.31,6415.46,6316.86
515,1388.22,5536.36,5740.23,3544.89,7042.35,6897.89,6354.59
516,1391.49,4650.31,4773.17,3348.55,5759.31,7353.21,7022.91
517,1394.84,5370.87,5511.74,3717.98,6882.67,6514.12,6192.77
518,1398.00,4292.42,4346.51,3098.28,5363.19,6392.74,5974.79
519,1401.59,5382.30,5386.67,4179.90,6699.26,7491.39,7160.50
520,1405.06,5328.84,5370.22,4223.01,6382.22,6816.46,6750.75
521,1408.55,5412.42,5458.27,4254.51,6647.28,6838.75,6838.75
522,1412.12,6826.35,6836.30,5522.51,8067.17,6694.15,6247.47
523,1415.90,5500.82,5622.22,4274.79,6778.69,7218.19,6744.33
524,1419.63,6050.20,6112.86,4924.57,7122.06,6880.22,6442.94
525,1423.31,5195.31,5141.53,4058.20,6385.12,6556.77,6370.69
526,1427.15,6902.74,7095.55,5169.61,8394.48,7435.71,7280.75
527,1430.86,6461.24,6569.27,4774.28,8167.95,6931.14,6911.12
528,1434.42,5388.32,5456.20,4194.32,6454.05,6790.76,6278.75
529,1438.15,6337.09,6412.13,5054.69,7612.01,7444.20,7250.02
530,1441.62,4985.25,5020.32,3691.03,6080.22,7003.88,6434.27
531,1445.26,5614.79,5671.23,4658.99,6464.15,7201.43,6678.67
532,1449.12,6539.56,6645.65,5697.63,7579.00,7193.46,7148.03
533,1452.76,5718.36,5860.46,4606.54,6785.23,7314.78,6394.08
534,1456.49,6051.56,6125.14,4735.57,7337.32,7391.91,7005.30
535,1460.07,6212.37,6298.06,4939.57,7483.02,6810.96,6712.29
536,1463.71,4982.52,5025.36,4003.60,6003.00,7323.27,7140.65
537,1467.18,4246.51,4267.56,2966.33,5361.78,7147.50,6759.72
538,1470.71,5562.59,5588.48,4571.63,6651.46,6994.09,6474.83
539,1474.60,6774.45,6849.78,5576.42,8108.58,6857.17,6824.12
