# name=slotMon23x_1 generations=469 population=200 games=200 startFrom=None stage1Games=20 mutationRate=1.0 sigma=0.05 elites=3 keepPart=0.1 minStartHeight=0 maxStartHeight=None zeroFraction=0.0 steerSmoothing=0.5 stableSlots=(3,2,2,3) monsterFraction=0.0 monsterMult=1.0 fast=True actionRepeat=1
gen,elapsed_s,mean,median,p10,p90,best,chosen
1,0.96,202.33,197.98,163.93,262.06,297.72,292.33
2,1.51,183.55,178.09,148.58,230.49,338.50,284.70
3,2.13,260.11,259.45,207.95,308.28,338.96,282.82
4,2.74,263.62,273.49,202.55,314.20,299.70,268.12
5,3.32,236.02,234.23,206.95,270.49,364.11,261.92
6,3.87,244.96,240.14,199.13,298.47,350.28,294.38
7,4.44,215.95,205.33,163.15,277.39,328.18,328.18
8,4.99,245.43,250.04,182.58,302.33,385.05,281.03
9,5.59,260.03,258.99,204.14,314.37,318.92,287.28
10,6.15,251.33,245.31,198.88,318.70,366.39,358.87
11,6.71,266.25,263.37,181.34,357.09,356.70,356.70
12,7.27,244.00,238.46,189.75,311.87,365.83,324.29
13,7.86,240.52,227.74,176.12,319.92,366.38,331.18
14,8.43,238.83,226.27,177.78,315.47,346.51,307.41
15,8.98,248.75,221.81,154.46,369.45,368.41,304.05
16,9.54,235.44,229.09,161.48,311.26,391.34,391.34
17,10.13,247.09,242.35,182.98,320.23,423.59,383.41
18,10.71,254.82,250.17,178.02,338.08,348.35,313.78
19,11.27,234.93,233.63,185.69,286.89,385.88,358.77
20,11.86,276.36,263.07,173.21,398.78,414.62,345.26
21,12.41,268.44,254.30,163.65,395.82,421.13,421.13
22,13.02,300.26,305.40,179.06,413.71,395.49,393.81
23,13.55,256.95,253.55,183.40,341.75,392.28,392.28
24,14.13,251.33,245.92,183.85,323.92,426.01,393.48
25,14.76,300.34,289.90,174.78,436.91,433.74,432.18
26,15.35,301.20,290.14,198.94,419.46,519.68,519.68
27,15.97,298.97,303.16,169.13,420.29,535.20,441.40
28,16.58,305.85,287.07,185.02,457.53,585.84,585.84
29,17.22,328.44,322.64,215.82,438.70,786.32,786.32
30,17.92,369.11,334.88,178.46,588.50,774.30,755.05
31,18.63,409.01,389.08,181.85,659.49,889.16,889.16
32,19.37,412.53,409.78,204.12,634.65,955.39,955.39
33,20.17,512.76,492.23,221.39,815.07,1042.05,1042.05
34,20.97,526.59,521.29,223.41,853.05,1284.01,1284.01
35,21.81,489.00,421.26,219.35,841.97,1363.44,1363.44
36,22.69,580.38,535.88,240.76,997.05,1428.23,1428.23
37,23.68,749.46,664.78,201.36,1484.40,1778.59,1740.63
38,24.66,620.32,534.29,239.10,1093.79,1767.19,1553.09
39,25.78,832.47,817.95,226.33,1500.35,1920.49,1920.49
40,26.86,867.83,836.14,223.10,1665.07,2306.47,2306.47
41,28.05,942.91,990.29,190.90,1679.60,2228.60,2228.60
42,29.22,970.91,816.31,145.86,1888.93,2347.84,2347.84
43,30.35,947.51,941.09,244.46,1592.46,2430.50,2430.50
44,31.60,1166.20,1280.58,205.04,2011.51,2921.03,2921.03
45,32.76,932.33,896.48,179.09,1737.58,2588.45,2552.25
46,33.94,918.44,928.99,189.41,1722.72,2623.52,2300.28
47,35.14,959.81,926.14,226.48,1881.19,2746.57,2746.57
48,36.39,1058.90,1019.05,320.25,1846.84,3036.30,3036.30
49,37.72,1303.58,1344.76,192.65,2519.48,3096.04,3096.04
50,39.07,1127.04,1046.98,229.02,2192.67,2887.93,2887.93
51,40.41,1210.43,1235.90,206.56,2308.05,3021.46,3021.46
52,41.86,1451.61,1593.30,243.61,2570.68,3353.81,3353.81
53,43.31,1368.57,1406.25,209.21,2692.50,3212.60,2955.26
54,44.82,1446.95,1465.55,274.78,2607.80,3258.99,3258.99
55,46.38,1659.15,1797.70,241.59,3090.58,3321.15,3306.29
56,48.01,1861.03,1887.35,310.90,3342.97,3499.30,3499.30
57,49.68,1845.93,1895.28,304.07,3262.75,3438.43,3438.43
58,51.31,1697.31,1663.19,254.21,3276.17,3570.92,3570.92
59,52.98,1780.15,1911.25,338.53,2978.22,3687.47,3632.50
60,54.63,1721.50,1660.08,224.70,3157.73,3975.06,3975.06
61,56.41,1906.83,1990.96,340.70,3338.08,4067.45,4067.45
62,58.17,2029.53,2014.95,271.53,3628.71,4012.07,3867.73
63,59.97,1900.23,1976.79,229.68,3503.64,3948.06,3924.37
64,61.81,1969.34,2160.29,458.63,3217.45,4180.13,3952.07
65,63.59,1859.34,1976.53,313.55,3204.44,4054.24,3877.39
66,65.52,2180.23,2021.40,432.00,4236.36,4313.15,4313.15
67,67.36,2256.07,2329.26,272.27,3964.88,4438.39,4399.72
68,69.22,2071.53,2104.11,261.73,3897.97,4367.12,4044.20
69,71.15,1927.78,1896.08,286.57,3499.77,4860.69,4696.48
70,72.94,1716.45,1604.24,316.38,2983.96,4579.21,3951.68
71,74.71,1772.98,1976.33,247.20,2964.55,4608.33,4608.33
72,76.63,2210.88,2239.37,376.07,3946.11,4511.42,4353.79
73,78.65,1931.55,1843.95,413.36,3615.00,4487.92,4433.42
74,80.67,2150.37,2210.44,347.05,3927.15,4810.22,4652.70
75,82.63,2028.73,2204.73,273.62,3504.94,4693.50,4550.15
76,84.55,2252.94,2524.23,268.73,4031.93,4617.06,4617.06
77,86.37,1882.18,1811.31,354.93,3450.19,4070.13,3953.41
78,88.37,2519.96,2456.56,319.33,4802.65,4764.36,4764.36
79,90.27,2339.48,2643.87,316.32,3963.90,5031.89,5031.89
80,92.32,2262.18,2345.59,428.67,3889.27,4748.30,4608.49
81,94.17,1975.38,1947.79,354.64,3747.82,4957.43,4957.43
82,96.19,2379.60,2493.89,578.75,4059.73,4852.17,4761.33
83,98.25,2232.51,2249.62,473.15,4043.39,5131.17,5131.17
84,100.33,2658.66,2604.10,515.39,4767.31,5009.58,5009.58
85,102.32,2061.82,2023.34,483.70,3477.84,5004.72,5004.72
86,104.37,2561.36,2394.25,388.67,4772.01,5066.32,5066.32
87,106.36,2127.01,2149.76,596.46,3555.55,4657.19,4657.19
88,108.45,2282.99,2178.16,509.60,3988.81,4996.10,4996.10
89,110.51,2419.93,2375.77,384.56,4502.36,5350.02,4965.22
90,112.66,2490.22,2531.01,507.11,4190.63,5232.78,4964.64
91,114.83,2663.61,2793.18,461.57,4662.91,5095.44,4939.23
92,116.88,2223.01,2279.27,403.46,3915.18,5415.74,4892.80
93,119.04,2579.83,2633.85,560.34,4430.79,5037.81,4902.10
94,121.22,2927.84,3086.69,767.30,4885.17,4991.74,4941.99
95,123.34,2696.30,2850.04,718.31,4338.07,5026.39,4773.06
96,125.47,2666.38,2732.91,533.82,4533.10,4786.84,4702.78
97,127.58,2329.41,2346.58,404.88,4241.57,5308.01,5308.01
98,129.74,2615.16,2669.12,637.02,4348.18,5030.91,5007.40
99,131.78,2268.74,2346.68,468.75,3572.41,4872.46,4323.84
100,133.96,2510.56,2712.09,629.60,4280.02,5086.97,4991.15
101,136.05,2356.29,2534.94,779.04,3794.67,4796.44,4796.44
102,138.14,2244.80,2148.40,494.15,4079.01,5368.18,5368.18
103,140.23,2265.74,2347.31,624.60,3885.13,5010.67,4901.93
104,142.27,2218.49,2418.01,429.77,3681.95,5001.21,4843.59
105,144.51,2942.61,3140.88,499.72,4887.48,5389.17,5314.54
106,146.74,2425.42,2500.31,333.72,4081.37,5330.51,5330.51
107,148.96,2748.92,2898.37,469.38,4910.29,5273.92,5192.51
108,151.09,2520.30,2345.83,454.10,4872.17,5193.69,5108.49
109,153.28,2655.04,2750.35,646.99,4193.87,5562.91,5562.91
110,155.41,2315.90,2490.39,550.15,3786.42,4845.37,4792.10
111,157.57,2716.02,2669.66,556.31,4790.91,4862.29,4862.29
112,159.86,2901.08,3112.05,518.41,4367.71,5175.53,5123.62
113,162.05,2338.15,2445.04,670.54,3736.15,4976.41,4830.66
114,164.17,2523.19,2774.48,609.39,4101.90,5256.23,5032.35
115,166.58,3127.67,3366.94,609.13,5124.57,5095.19,4942.24
116,168.87,2788.08,3011.71,766.29,4421.94,5014.31,4648.88
117,171.09,2803.32,3030.67,561.81,4564.19,5016.15,4881.12
118,173.28,2500.07,2626.67,445.66,4316.10,4770.87,4503.80
119,175.56,2740.04,3000.97,571.06,4598.17,5329.81,4913.61
120,177.85,2847.83,2899.29,510.95,4753.09,5078.03,4571.65
121,180.22,3034.79,3118.94,774.59,5114.09,5372.63,5372.63
122,182.37,2145.32,2126.88,414.31,3710.20,5279.25,4626.42
123,184.64,2783.55,3051.78,641.10,4593.42,5251.51,4635.08
124,186.87,2493.99,2369.00,500.29,4396.38,5255.65,5042.86
125,189.10,2620.41,2775.92,230.67,4586.58,5179.65,5064.57
126,191.50,3340.84,3722.57,660.30,5103.97,5649.24,5649.24
127,193.79,2773.95,2990.92,586.70,4405.11,5608.90,5608.90
128,196.29,3123.74,3267.62,795.78,5125.58,5499.05,5300.02
129,198.61,2873.19,3050.74,427.21,4830.74,5353.60,5321.90
130,201.01,3195.78,3546.20,712.79,4955.05,5345.24,5345.24
131,203.30,2495.54,2587.73,661.99,4199.55,5400.56,5260.68
132,205.80,3255.06,3478.68,614.06,5413.05,5640.96,5499.10
133,208.10,2794.74,2949.27,683.01,4373.08,5158.70,5052.95
134,210.43,3265.72,3615.97,536.91,5354.63,5505.71,5363.09
135,212.71,2710.18,2992.32,700.75,4322.15,5096.56,4944.77
136,215.13,3238.10,3650.86,667.74,5116.54,5367.44,4731.52
137,217.43,2714.48,2804.08,730.73,4554.09,5330.83,4885.57
138,219.79,3145.04,3360.07,785.95,5027.51,5554.99,5554.99
139,222.21,3096.38,3435.27,732.25,4870.36,5358.06,4770.07
140,224.49,3346.48,3510.23,941.84,5448.35,5333.23,4797.49
141,226.92,2880.80,2946.02,895.65,4748.98,5644.08,5415.01
142,229.35,2890.30,3004.77,921.21,4561.08,5590.85,5215.41
143,231.88,2929.74,3166.71,988.42,4264.67,5454.37,5381.22
144,234.38,3174.52,3461.45,751.41,4760.26,5388.23,5008.36
145,236.76,2920.52,2914.35,1037.36,4715.53,5784.40,5784.40
146,239.25,3178.64,3197.63,872.58,5312.70,5832.67,5670.46
147,241.89,3512.95,3787.52,1292.68,5201.79,5507.71,5371.02
148,244.27,2984.86,3227.08,768.36,4760.47,6023.27,6023.27
149,246.77,3403.57,3544.02,996.10,5412.35,5728.88,5691.99
150,249.26,2871.53,3050.54,1229.55,4287.20,5860.62,5395.45
151,251.87,3747.89,3925.48,1209.04,6069.44,5808.02,5557.57
152,254.48,3347.77,3530.60,1121.90,4971.46,5663.38,5241.72
153,257.10,3362.08,3610.60,931.82,5476.88,5769.38,5613.21
154,259.69,3396.25,3476.52,1376.02,5222.62,6012.15,5327.68
155,262.25,3379.57,3760.35,1262.22,4866.97,5654.07,5654.07
156,264.88,3556.65,3883.92,1101.21,5326.13,5763.05,5557.93
157,267.61,3948.35,4327.09,1332.99,5744.64,5579.28,5136.57
158,270.39,3904.74,4171.33,1068.45,6240.67,5959.33,5643.23
159,273.14,3593.31,3669.13,1290.28,5560.47,5945.96,5872.56
160,275.83,3990.20,4420.79,1252.64,6227.83,5823.27,5257.64
161,278.57,3692.77,4035.22,1262.22,5535.53,5787.22,5787.22
162,281.47,4317.09,4565.73,1863.72,6312.59,6056.62,5902.31
163,284.28,3663.28,4041.15,1098.88,5607.28,6143.37,5343.62
164,287.18,3547.66,3703.25,1881.14,5104.33,5899.85,5894.55
165,290.26,4037.80,4083.24,1924.56,5931.39,6382.46,6010.58
166,293.39,4182.32,4467.81,1783.15,6121.87,6070.96,6045.90
167,296.26,2929.37,3100.61,1015.49,4739.45,6016.37,5689.57
168,299.14,3294.78,3624.40,1126.77,5058.26,6505.12,6505.12
169,302.26,3968.32,4160.06,1559.05,5781.71,6666.72,5963.89
170,305.19,3729.03,3930.62,1470.45,5469.79,5859.25,5126.18
171,308.08,3421.19,3623.48,1292.84,5255.29,6128.07,5568.08
172,310.98,3506.35,3930.47,1315.63,5264.36,5904.67,5348.59
173,313.80,3054.04,3057.82,1016.16,5164.97,5460.20,5013.75
174,316.55,3200.23,3432.90,1098.03,4909.26,6095.23,5616.82
175,319.68,4381.23,4753.68,1584.74,6440.56,6163.31,6163.31
176,322.84,4130.43,4599.92,1353.64,6259.56,6024.77,5986.15
177,325.86,3605.04,3854.88,1384.37,5403.86,5341.11,5257.03
178,328.72,3217.33,3550.83,1188.16,4990.86,6197.26,5603.27
179,331.35,2713.48,2906.42,761.40,4214.56,5538.75,5363.79
180,333.93,2851.50,3073.65,629.94,4897.23,5835.20,5165.01
181,336.63,3649.24,4098.35,1043.87,5777.02,6128.77,5613.17
182,339.36,3581.32,3569.27,611.28,6077.56,6169.72,6169.72
183,342.03,3616.30,4012.23,449.84,5727.85,5962.54,5851.28
184,344.80,3458.81,3704.98,679.34,5527.11,6035.84,6035.84
185,347.40,3068.74,3273.13,948.88,4788.32,5741.57,5502.98
186,349.92,3280.11,3383.94,779.58,5458.53,6092.72,6092.72
187,352.45,2984.89,3305.90,675.97,4580.64,5552.18,5409.36
188,355.10,3630.30,3793.75,1122.69,6002.79,6474.50,6085.54
189,357.67,3320.46,3357.50,1145.97,5340.45,5781.12,5378.58
190,360.44,3648.29,3772.62,1229.02,5675.23,6268.88,6268.88
191,363.03,3695.94,3967.06,1097.09,5731.16,5744.40,5642.73
192,365.64,3586.44,4027.35,998.61,5734.27,6075.19,6075.19
193,368.36,3588.67,3905.23,991.81,5448.97,5906.77,5632.04
194,371.09,3582.12,3870.25,815.38,5618.50,6395.27,6395.27
195,373.85,3661.90,3731.10,1016.85,5734.01,6201.27,6201.27
196,376.71,4390.69,4804.42,1543.14,6740.64,6336.48,6170.09
197,379.44,3362.70,3721.31,943.46,5204.14,5954.25,5819.82
198,382.18,3934.55,4202.78,899.48,6390.91,6478.72,5987.03
199,384.94,3754.97,3829.06,1415.01,5882.89,5692.83,5692.83
200,387.66,3969.18,4493.14,1154.01,5803.91,5783.35,5783.35
201,390.45,4005.86,4411.98,1483.41,5780.55,5965.76,5965.76
202,393.20,4225.88,4452.87,2271.88,5847.36,6282.00,6212.38
203,395.96,4014.10,4397.16,1219.60,5973.73,6162.44,6138.15
204,398.85,4607.70,4989.36,2163.19,6471.59,6272.92,5771.59
205,401.33,3078.83,3332.33,1312.09,4297.93,5325.29,5145.74
206,404.06,3951.49,3958.78,1232.62,6428.72,5936.84,5666.85
207,406.65,3447.52,3842.07,1199.69,4953.54,5907.65,5505.55
208,409.18,3230.21,3735.25,951.92,4885.51,5919.91,5483.42
209,411.76,3092.20,3278.58,762.30,4984.66,5792.55,5792.55
210,414.33,3512.02,3668.60,1655.47,5039.79,5565.10,5077.11
211,416.99,3547.30,3685.32,1531.73,5341.85,5661.95,5661.95
212,419.60,3379.62,3568.93,1436.44,4875.00,5906.47,5906.47
213,422.39,3821.60,4020.45,1252.65,5851.98,5556.88,5155.17
214,425.12,4027.41,4333.47,1399.32,5934.31,5617.36,5541.42
215,427.86,3825.06,4261.50,1242.38,5609.63,6234.04,6234.04
216,430.51,3197.10,3454.98,1005.76,4654.55,6064.27,5822.92
217,433.40,3988.07,4405.24,1792.39,5589.11,6182.90,5900.15
218,436.53,4754.07,4960.16,2231.61,7130.14,6508.13,6278.13
219,439.32,4198.79,4364.21,2064.32,6051.27,5678.23,5286.71
220,442.29,4325.00,4676.17,1837.88,5992.77,6363.10,6363.10
221,445.03,3222.28,3539.12,1171.36,4630.08,6211.31,5521.44
222,447.81,3641.69,3981.02,1444.54,5426.94,6141.19,5543.29
223,450.81,4451.63,4884.26,2053.52,6253.02,6293.67,6293.67
224,453.55,3672.84,3835.44,1783.48,5108.00,5682.44,5584.81
225,456.50,4193.52,4397.09,1819.94,6116.50,5819.43,5730.76
226,459.62,4497.60,4783.50,1963.62,6274.16,6512.80,6004.75
227,462.52,4578.58,4844.00,2279.03,6438.97,5880.78,5441.94
228,465.43,4446.71,4832.21,1535.06,6639.89,6105.46,5779.22
229,468.23,3592.19,3888.58,1694.33,5200.32,5725.27,5621.45
230,471.04,3769.64,4004.88,1763.71,5456.91,6144.30,5459.75
231,474.03,4608.98,4870.11,2204.14,6537.72,6336.25,6336.25
232,476.82,4148.52,4601.09,1535.91,5722.00,5977.62,5654.92
233,479.61,4131.70,4712.65,1381.93,5791.17,6299.95,6299.95
234,482.42,3833.35,4169.52,1389.39,5604.92,6187.22,6044.04
235,485.06,2982.27,3104.97,1327.54,4267.08,5668.08,5453.46
236,488.06,4468.56,4784.70,1858.35,6494.30,6050.47,6050.47
237,490.94,3822.25,4006.33,2094.68,5336.03,6327.92,5871.68
238,493.77,3623.14,3961.89,1310.92,5037.57,6291.42,5747.09
239,496.51,3610.11,3713.88,2046.87,4793.48,5938.90,5477.94
240,499.47,3893.31,4237.88,1686.47,5508.24,6149.42,5936.04
241,502.47,4583.97,5153.66,1608.78,6772.46,6327.83,6327.20
242,505.45,4105.04,4495.07,1258.41,5862.06,6099.40,5878.92
243,508.22,3634.05,3944.08,1673.33,5314.86,5923.09,5601.88
244,510.89,3247.70,3458.06,1574.94,4703.61,5748.35,5391.29
245,513.84,3703.90,3887.21,1494.30,5461.72,6158.36,5423.88
246,516.82,4353.14,4752.55,2087.68,5981.97,6207.36,5602.51
247,519.74,3824.47,4202.11,1444.48,5647.88,6257.16,6235.12
248,522.56,3446.07,3595.39,1401.54,5109.82,6546.34,6004.92
249,525.35,3333.88,3367.33,1451.13,4957.64,6429.40,5566.65
250,528.42,4245.59,4549.63,2119.58,5876.44,6799.59,6497.55
251,531.36,4252.46,4563.87,1702.51,6047.48,6557.24,5889.17
252,534.54,4672.20,4991.94,2036.38,6573.35,6239.11,5920.25
253,537.44,4595.16,4915.79,2203.08,6272.85,6443.49,6443.49
254,540.35,3985.39,4228.51,2204.58,5255.85,6319.73,5715.96
255,543.14,4039.79,4370.93,2056.32,5519.94,6424.68,6424.68
256,546.29,4781.74,4900.79,2865.17,6462.86,6419.04,6106.50
257,549.22,4009.75,4208.15,1928.61,5692.99,6023.03,6023.03
258,552.25,4898.83,5476.07,1994.49,6730.70,6299.29,6035.88
259,555.37,4670.16,4889.85,2033.58,6765.85,6367.82,5561.46
260,558.32,4499.49,4982.45,1347.07,6709.78,6200.46,5894.13
261,561.22,4559.23,4950.68,2259.52,6299.22,5946.10,5801.96
262,563.87,3418.69,3690.16,1426.87,4945.14,5784.81,5669.11
263,566.61,3554.64,3798.44,1327.57,5129.86,6108.69,5369.33
264,569.43,3926.03,4380.57,1143.43,5739.84,6353.46,5733.19
265,572.25,4061.73,4283.80,1386.57,6040.25,5914.54,5330.88
266,575.25,4201.43,4304.21,2165.62,5964.95,6467.89,6412.36
267,578.14,4018.91,4212.66,1779.07,5795.04,6156.27,5839.01
268,581.06,4346.76,4838.33,1368.48,6314.53,6018.47,5800.96
269,583.87,4213.76,4665.58,2090.52,5716.44,6378.76,5743.21
270,586.81,4034.17,4344.38,1875.24,5729.68,6560.74,6560.74
271,589.93,4871.49,5237.71,1558.38,7521.87,6516.43,5872.32
272,592.90,4321.64,4713.92,1338.95,6421.25,6318.39,5496.97
273,595.92,4086.16,4291.87,1562.33,5892.34,6241.73,6084.64
274,598.86,3881.05,4037.00,1786.14,5760.53,6469.62,6452.84
275,601.70,3723.48,3937.10,1421.69,5602.07,6363.64,5711.09
276,604.62,3839.15,4126.06,1397.56,5748.08,6384.61,6360.17
277,607.55,3728.83,4031.26,1967.67,5108.30,6413.29,5974.37
278,610.51,4609.23,5013.88,2214.72,6280.60,6265.85,6258.31
279,613.49,4143.43,4620.96,1532.05,6254.77,6722.30,6126.11
280,616.49,4745.59,5148.78,1945.45,6718.98,6439.48,6439.48
281,619.32,4074.90,4298.27,1594.15,5890.27,6269.30,6269.30
282,622.36,4819.50,5358.21,2430.41,6672.06,6643.01,6643.01
283,625.22,4029.79,4349.64,1733.48,5604.03,6407.40,6407.40
284,627.99,3712.69,3947.22,1381.74,5475.33,5915.75,5579.91
285,631.00,4450.38,4747.07,2427.09,5995.31,6251.10,6091.85
286,633.83,3888.37,4228.46,1481.81,5311.31,6150.48,5776.15
287,636.70,3813.76,4085.81,1360.05,5556.55,6357.91,6357.91
288,639.66,4357.35,4615.26,1873.15,6263.17,6460.85,6265.65
289,642.47,4039.14,4373.32,1843.41,5585.86,6365.90,6365.90
290,645.48,4220.83,4618.77,1571.50,6416.51,6540.03,6138.06
291,648.30,3470.05,3663.33,1191.30,5120.24,5924.01,5481.33
292,651.39,4783.39,5252.62,1842.10,7033.76,6809.10,6793.15
293,654.34,4249.60,4443.98,1915.85,6153.69,6310.77,6241.09
294,657.28,4121.33,4317.66,2059.35,5866.67,6641.11,6641.11
295,660.22,4301.80,4739.36,1983.59,6076.88,6482.41,6463.25
296,663.22,3997.56,4055.73,2124.53,5586.99,6447.38,6432.46
297,666.23,4451.53,4788.05,1920.35,6304.85,6243.56,6122.53
298,669.12,3905.22,4154.23,1882.52,5418.60,6047.30,5513.87
299,672.01,4445.37,4867.98,1519.38,6498.96,6054.31,5736.79
300,675.04,4531.13,4763.69,1695.91,6761.66,6382.89,5983.76
301,678.09,4707.54,5049.98,1689.08,7130.12,6676.78,6302.61
302,681.06,4198.34,4402.12,1801.35,6123.27,6431.67,6158.26
303,683.88,3813.36,4276.70,1459.22,5286.03,5552.21,5120.63
304,686.97,4533.88,4979.06,1542.06,6387.32,6150.35,5942.08
305,690.09,4807.55,5082.85,2240.79,7014.65,6280.48,6105.53
306,692.98,3949.35,4394.79,1438.82,5512.87,6209.82,6191.56
307,696.11,5197.42,5464.94,1943.47,7621.04,6331.33,5766.46
308,699.17,4710.74,5120.56,1877.49,7075.00,6490.77,6490.77
309,702.24,4581.77,4987.22,1930.58,6531.11,6576.78,6474.95
310,705.12,3927.80,4333.63,792.87,6022.97,6354.62,6212.28
311,707.97,3959.17,4280.38,1287.59,5790.78,6306.30,6182.88
312,710.89,4492.05,4818.84,2303.74,6150.31,6296.19,5876.35
313,714.14,4780.25,5121.25,1842.11,7090.41,6383.29,6193.17
314,717.26,4639.07,4978.28,1580.17,7156.48,7031.47,6928.66
315,720.41,4829.43,5111.09,2009.55,6807.19,6312.91,6179.53
316,723.44,4449.93,4976.08,2051.72,6024.58,6269.17,6116.52
317,726.45,4191.17,4506.89,1940.86,5685.27,6184.08,5660.69
318,729.62,4501.02,4716.80,2582.68,6153.40,6501.84,6300.00
319,732.50,4063.43,4373.43,2227.48,5211.25,6333.34,6333.34
320,735.77,5111.07,5424.78,2526.39,7097.94,6184.23,5918.42
321,738.85,4472.46,4557.54,2600.38,6068.62,6364.33,6285.97
322,742.06,4821.39,5021.29,2366.32,6644.00,6618.12,6548.86
323,745.17,4312.33,4466.95,2037.83,5976.79,6275.80,6275.80
324,748.42,4709.68,5075.21,2371.62,6328.60,6385.09,6157.82
325,751.56,4312.61,4779.58,2166.92,5631.79,6703.86,6658.90
326,754.61,4428.50,4761.10,2042.15,5985.67,6514.32,6075.78
327,757.74,5517.84,5874.41,2152.88,7808.12,6603.34,6405.31
328,760.92,4563.80,4985.50,1949.79,6378.29,6539.73,5990.43
329,764.08,4631.48,5030.64,2127.62,6525.04,6475.43,6039.36
330,767.27,5063.66,5418.69,2908.94,6741.11,6578.82,6484.51
331,770.56,5060.27,5233.21,2938.36,6940.05,6571.70,6452.87
332,773.52,4014.12,4232.77,2393.95,5271.27,6123.08,5992.77
333,776.52,4246.29,4502.88,2238.55,5736.72,6347.06,6347.06
334,779.56,4266.05,4567.08,1762.54,6152.19,6451.71,6085.25
335,782.47,3823.10,4027.83,1960.73,5281.97,6381.24,6327.67
336,785.54,4214.74,4342.21,1854.51,6069.51,6840.00,6554.07
337,788.62,4247.56,4582.29,2096.79,5866.93,6400.31,6124.84
338,791.65,4313.16,4509.76,2125.78,6000.84,6324.97,5759.70
339,794.57,4041.97,4208.00,2374.11,5411.66,6618.02,6618.02
340,797.66,4284.43,4622.58,2086.97,5965.23,6452.75,5964.62
341,800.60,4335.93,4524.92,2607.96,5648.01,5812.90,5703.08
342,803.63,5021.65,5353.58,2796.69,6971.26,6772.80,6772.80
343,806.64,4381.52,4774.57,2220.48,5968.66,6468.94,5986.73
344,809.57,3854.89,4136.79,2076.88,5264.32,6335.99,6256.29
345,812.50,3631.62,3922.28,1774.96,4962.55,6475.50,6056.83
346,815.58,4371.02,4841.71,1721.20,6148.76,6508.10,5986.69
347,818.53,4044.25,4319.03,2112.63,5427.86,6159.87,6016.75
348,821.57,4833.50,5001.63,2374.08,6840.60,6087.33,5724.05
349,824.69,4645.23,4878.37,2770.05,6181.05,6362.76,5873.37
350,827.83,4778.87,5017.89,2580.71,6313.02,6787.73,6787.73
351,830.84,4488.55,4860.40,2070.71,5904.36,5948.28,5542.06
352,834.09,4720.83,4978.78,2573.17,6448.13,6924.31,6770.19
353,837.36,4522.78,4809.89,2658.90,6083.52,6544.96,6303.44
354,840.42,3945.34,3993.79,2297.42,5503.06,6907.45,6249.81
355,843.55,3711.01,3794.15,2241.56,5148.24,6397.49,6220.77
356,846.71,5006.41,5324.39,2995.08,6454.64,6047.76,5518.60
357,849.84,4741.20,4868.08,2706.94,6165.86,6757.49,6757.49
358,852.96,4256.74,4477.03,2130.96,5992.50,6607.80,5611.12
359,856.37,5830.35,6256.71,3530.92,7549.78,6719.92,6170.60
360,859.40,3937.27,4161.12,2109.64,5146.69,6204.55,6204.55
361,862.41,4442.85,4751.38,2101.17,6154.86,6571.08,6201.79
362,865.43,4228.83,4326.79,2315.28,5769.79,6524.37,6320.65
363,868.57,5022.40,5365.05,2723.94,6508.11,6333.45,6246.86
364,871.91,4894.13,5127.85,3116.03,6549.86,6594.20,6420.89
365,875.06,4313.22,4482.54,2323.11,5826.92,6472.25,6472.25
366,878.33,4257.40,4565.79,2255.12,5797.09,6702.95,6272.50
367,881.49,4910.07,5185.13,3022.37,6427.97,6635.98,6635.98
368,884.66,4980.56,5088.55,2897.08,6605.03,6224.10,6224.10
369,887.83,4066.76,4280.15,2632.14,5295.40,6699.60,6699.60
370,890.93,4271.03,4540.52,2393.88,5670.58,6489.65,5972.43
371,894.12,5164.50,5418.64,3111.69,6770.68,6567.47,6567.47
372,897.16,4307.98,4549.46,2197.04,6004.11,6436.05,6301.68
373,900.40,5183.99,5566.39,2805.73,6720.65,6798.32,6798.32
374,903.47,4654.15,4895.43,2756.31,6038.63,6222.87,5939.76
375,906.61,5319.01,5700.23,2720.18,6591.47,6530.82,6096.10
376,909.65,4275.46,4403.75,2744.26,5493.43,6898.02,6064.16
377,912.74,4176.10,4264.60,2884.81,5397.81,6161.47,5576.95
378,916.03,5273.13,5433.46,3388.31,6718.43,6441.82,6354.70
379,919.13,5028.05,5197.78,3035.22,6485.57,6381.37,6381.37
380,922.14,4277.81,4445.46,2951.34,5295.92,6706.36,6518.90
381,925.47,5501.93,5708.30,3743.88,7024.33,6684.72,6443.83
382,928.91,5602.68,5770.67,3423.51,7160.81,6843.58,6589.50
383,931.99,4127.51,4108.87,2891.10,5299.95,6163.58,6163.58
384,935.11,4223.67,4333.04,2877.89,5427.57,6640.93,6299.57
385,938.13,4429.19,4674.96,2860.35,5571.06,6315.94,6315.94
386,941.27,4826.23,5128.99,2522.28,6495.31,6323.87,6051.59
387,944.12,3601.24,3723.00,2122.73,4656.54,6614.44,6122.78
388,947.44,5832.70,6579.96,2052.84,8107.77,6917.65,6652.26
389,950.63,4915.09,5199.28,2361.69,6646.11,6022.61,5828.33
390,953.73,4313.44,4616.64,2315.65,5811.31,6246.98,5958.73
391,957.02,4607.46,4779.12,2347.13,6320.59,6455.32,6115.99
392,960.34,4916.71,5312.89,2271.42,6714.54,6494.63,5890.70
393,963.50,4482.61,4701.00,2502.55,5914.09,6567.57,5960.37
394,966.83,4694.82,4914.98,2986.49,6020.84,6457.46,6457.46
395,970.27,5043.76,5261.48,3116.21,6578.72,6421.75,6389.00
396,973.48,4981.92,5334.47,2434.08,6384.68,6343.67,5879.30
397,976.73,5056.86,5269.75,3020.98,6545.32,6645.73,6441.16
398,979.74,3924.74,4115.40,2459.10,5069.33,6214.88,5638.80
399,983.15,5957.61,6234.04,3146.88,8179.26,6801.84,6124.41
400,986.39,5173.95,5390.51,3106.87,6849.38,6386.82,6386.82
401,989.61,4850.55,5099.74,3192.65,6174.32,6156.48,6156.48
402,992.66,3618.62,3747.75,2213.95,4745.32,6376.40,5876.23
403,995.95,5695.57,5911.24,3546.50,7755.39,6688.59,6368.93
404,999.19,4984.94,5106.19,3208.54,6638.63,6528.22,6464.25
405,1002.37,4898.86,5060.21,3060.19,6331.11,6681.83,6082.71
406,1005.43,4674.20,5052.31,2979.63,5941.53,6520.52,6352.58
407,1008.39,4170.02,4458.13,2138.85,5683.36,6663.83,6663.83
408,1011.37,4458.14,4729.00,2563.24,6046.84,6244.47,5122.25
409,1014.47,4949.18,5253.68,2765.42,6667.00,6789.74,6004.29
410,1017.71,5019.89,5261.76,2899.81,6750.67,6712.54,6534.15
411,1021.06,4613.23,4784.21,2722.97,6035.29,6395.42,5969.77
412,1024.11,4883.88,5007.27,3182.84,6566.17,6069.66,5641.34
413,1027.40,5082.02,5304.97,2976.14,6732.88,6835.36,6607.62
414,1030.78,5411.38,5528.12,2872.45,7418.26,6288.70,5762.99
415,1033.99,4728.48,5049.82,2844.64,6074.12,6382.84,6382.84
416,1037.03,4445.84,4646.40,2809.54,5842.58,6554.31,6166.81
417,1040.18,4639.44,4902.92,2823.50,5924.18,6098.39,6035.29
418,1043.18,4134.05,4417.88,2157.31,5560.40,6441.29,6441.29
419,1046.33,4363.29,4416.12,2731.83,5922.72,6780.02,6102.12
420,1049.66,5483.69,5692.17,3154.74,7192.46,6326.03,6326.03
421,1052.93,5214.75,5467.54,3218.02,6828.76,6249.76,5753.27
422,1056.07,4400.23,4623.10,2730.94,5737.75,6447.53,6125.50
423,1059.15,4400.87,4626.02,2690.56,5817.55,6615.57,5559.73
424,1062.36,4842.09,4956.87,2830.85,6399.96,6825.44,6583.55
425,1065.65,5024.85,5154.92,2799.40,6978.66,6791.96,6396.36
426,1068.74,4397.58,4504.82,3232.06,5496.39,5980.16,5554.83
427,1071.92,4952.96,5111.38,3064.31,6664.53,6744.88,6386.38
428,1075.01,4454.85,4539.16,3089.24,5756.32,6287.42,5969.85
429,1078.26,5434.99,5561.65,3597.86,6773.48,6315.15,5829.34
430,1081.60,5728.29,6215.15,2987.15,7767.48,6582.62,6582.62
431,1084.90,5316.35,5593.23,3454.93,6934.53,6528.98,6375.36
432,1088.06,4679.25,4794.55,3040.19,6065.32,6549.22,6517.97
433,1091.29,5270.48,5444.73,3138.22,7116.00,6742.00,6370.27
434,1094.68,5110.66,5292.70,3046.73,6685.69,6744.45,6404.48
435,1097.88,4528.03,4664.25,3095.24,5802.86,6315.27,6179.14
436,1100.92,4310.83,4467.31,2493.70,5656.41,6205.53,5717.22
437,1104.18,4859.43,5169.70,2603.66,6535.66,6678.35,6241.83
438,1107.35,4905.76,5069.47,2697.74,6364.77,6449.86,6376.78
439,1110.30,4441.35,4565.87,3237.07,5779.89,6406.23,6406.23
440,1113.45,5254.25,5532.69,2971.38,7143.43,6173.14,5662.52
441,1116.61,4602.16,4809.58,2904.60,5848.23,6404.30,6103.16
442,1119.97,5798.20,5985.52,3982.59,7476.33,6421.57,6153.40
443,1123.05,3926.06,3956.88,2794.61,4937.59,6780.12,6780.12
444,1126.34,5011.12,5092.15,3111.43,6832.42,6458.72,6176.12
445,1129.48,5576.37,5877.84,2915.56,7344.02,6597.94,5969.72
446,1132.64,4721.75,5032.81,2411.95,6371.39,6626.83,5579.32
447,1136.03,5694.05,5932.31,4164.53,7014.27,7152.72,6794.36
448,1139.44,6113.42,6324.35,3965.78,7737.33,7190.80,6560.47
449,1142.74,4464.80,4468.00,3192.01,5794.66,7522.52,7231.16
450,1146.14,5664.68,5770.31,3690.52,7670.58,7081.58,6848.00
451,1149.41,5031.00,5254.86,2947.58,6817.29,6946.92,6204.34
452,1152.70,5310.57,5493.54,3930.34,6478.79,6565.81,6397.32
453,1155.98,5587.56,5760.93,3435.04,7583.47,6596.76,6343.73
454,1159.00,4465.28,4485.67,2978.72,5828.60,6145.21,6076.57
455,1162.09,4773.08,5032.88,2613.39,6490.76,6809.46,6809.46
456,1165.41,5811.12,5951.48,3518.94,7692.40,6933.29,6659.35
457,1168.81,5213.83,5370.49,3458.25,6885.64,7165.01,7079.34
458,1172.03,4940.43,5233.29,2615.82,6545.75,6671.92,6561.28
459,1175.05,4045.25,4251.89,2426.83,5198.71,6604.64,6572.12
460,1178.54,5348.63,5533.88,3573.34,7149.68,6772.13,6770.53
461,1181.82,5286.73,5501.45,3416.13,6793.21,6246.15,6135.43
462,1185.07,4920.10,5081.48,3246.20,6404.60,6594.02,6156.80
463,1188.48,6031.67,6460.76,3517.72,7930.86,6799.11,6799.11
464,1191.49,4048.50,4225.44,2628.39,5181.84,6311.70,6091.37
465,1194.68,4426.47,4683.68,2798.93,5716.99,6556.75,6552.17
466,1198.02,5190.79,5373.81,3697.26,6505.89,6919.84,6363.25
467,1201.46,5548.15,5715.71,3283.44,7487.29,7191.92,6659.47
468,1204.85,5143.89,5486.34,2936.52,6815.08,7074.70,6942.07
469,1208.21,4763.86,4997.41,3122.42,5909.65,6877.57,6480.54
